target,model,seed,min_routes_per_half,receivers,pearson,spearman
endpoint_nearest,ridge_dynamic_context,10042,10,142,0.34768685,0.18225197
endpoint_nearest,ridge_dynamic_context,10042,20,115,0.45185696,0.20946895
endpoint_nearest,ridge_dynamic_context,10042,30,95,0.49701862,0.17204647
endpoint_nearest,ridge_dynamic_context,10042,40,76,0.62297827,0.25949419
endpoint_nearest,ridge_dynamic_context,10042,50,52,0.43867529,0.34218390
endpoint_nearest,extra_trees,10042,10,142,0.38921523,0.26950424
endpoint_nearest,extra_trees,10042,20,115,0.46214284,0.27908151
endpoint_nearest,extra_trees,10042,30,95,0.56762303,0.28048712
endpoint_nearest,extra_trees,10042,40,76,0.64364655,0.34323992
endpoint_nearest,extra_trees,10042,50,52,0.42000261,0.40425169
endpoint_nearest,hist_gradient_boosting,10042,10,142,0.39393006,0.29428258
endpoint_nearest,hist_gradient_boosting,10042,20,115,0.46595491,0.28794287
endpoint_nearest,hist_gradient_boosting,10042,30,95,0.54254927,0.25989642
endpoint_nearest,hist_gradient_boosting,10042,40,76,0.62026883,0.33637731
endpoint_nearest,hist_gradient_boosting,10042,50,52,0.38972644,0.41697259
endpoint_nearest,ridge_dynamic_context,10079,10,136,0.23731639,0.17959067
endpoint_nearest,ridge_dynamic_context,10079,20,119,0.30174862,0.18895456
endpoint_nearest,ridge_dynamic_context,10079,30,94,0.24314150,0.20225409
endpoint_nearest,ridge_dynamic_context,10079,40,81,0.29658137,0.24275068
endpoint_nearest,ridge_dynamic_context,10079,50,65,0.37523866,0.32403846
endpoint_nearest,extra_trees,10079,10,136,0.26946188,0.20970851
endpoint_nearest,extra_trees,10079,20,119,0.35617384,0.24724398
endpoint_nearest,extra_trees,10079,30,94,0.25635006,0.21759925
endpoint_nearest,extra_trees,10079,40,81,0.30016978,0.26623758
endpoint_nearest,extra_trees,10079,50,65,0.34427829,0.31529720
endpoint_nearest,hist_gradient_boosting,10079,10,136,0.22866926,0.19086876
endpoint_nearest,hist_gradient_boosting,10079,20,119,0.31379452,0.22365048
endpoint_nearest,hist_gradient_boosting,10079,30,94,0.23193588,0.21804718
endpoint_nearest,hist_gradient_boosting,10079,40,81,0.27155435,0.25399729
endpoint_nearest,hist_gradient_boosting,10079,50,65,0.30469571,0.29676573
endpoint_nearest,ridge_dynamic_context,10116,10,131,0.31587132,0.17457428
endpoint_nearest,ridge_dynamic_context,10116,20,108,0.40579385,0.16505187
endpoint_nearest,ridge_dynamic_context,10116,30,83,0.18222618,0.12696780
endpoint_nearest,ridge_dynamic_context,10116,40,73,0.22899437,0.20461557
endpoint_nearest,ridge_dynamic_context,10116,50,55,0.28035262,0.28600289
endpoint_nearest,extra_trees,10116,10,131,0.32884267,0.20785779
endpoint_nearest,extra_trees,10116,20,108,0.43336273,0.22979603
endpoint_nearest,extra_trees,10116,30,83,0.17985286,0.19520591
endpoint_nearest,extra_trees,10116,40,73,0.18575839,0.22118351
endpoint_nearest,extra_trees,10116,50,55,0.26291173,0.28924964
endpoint_nearest,hist_gradient_boosting,10116,10,131,0.33488808,0.22742753
endpoint_nearest,hist_gradient_boosting,10116,20,108,0.45910263,0.28614707
endpoint_nearest,hist_gradient_boosting,10116,30,83,0.18425889,0.23059485
endpoint_nearest,hist_gradient_boosting,10116,40,73,0.18367819,0.24207084
endpoint_nearest,hist_gradient_boosting,10116,50,55,0.28251455,0.33023088
endpoint_nearest,ridge_dynamic_context,10153,10,134,0.21274391,0.12998416
endpoint_nearest,ridge_dynamic_context,10153,20,111,0.34466188,0.18583714
endpoint_nearest,ridge_dynamic_context,10153,30,89,0.22001551,0.25389854
endpoint_nearest,ridge_dynamic_context,10153,40,76,0.39017681,0.40180451
endpoint_nearest,ridge_dynamic_context,10153,50,56,0.53319722,0.52843472
endpoint_nearest,extra_trees,10153,10,134,0.26808075,0.17269293
endpoint_nearest,extra_trees,10153,20,111,0.40154049,0.25301860
endpoint_nearest,extra_trees,10153,30,89,0.25441237,0.33597208
endpoint_nearest,extra_trees,10153,40,76,0.39608327,0.41353383
endpoint_nearest,extra_trees,10153,50,56,0.51129700,0.48393712
endpoint_nearest,hist_gradient_boosting,10153,10,134,0.25977386,0.15764037
endpoint_nearest,hist_gradient_boosting,10153,20,111,0.36414862,0.22693928
endpoint_nearest,hist_gradient_boosting,10153,30,89,0.19998303,0.28207354
endpoint_nearest,hist_gradient_boosting,10153,40,76,0.34379790,0.38187286
endpoint_nearest,hist_gradient_boosting,10153,50,56,0.47457643,0.49172932
endpoint_nearest,ridge_dynamic_context,10190,10,133,0.20590380,0.01548138
endpoint_nearest,ridge_dynamic_context,10190,20,111,0.34734371,0.02917690
endpoint_nearest,ridge_dynamic_context,10190,30,89,0.09122693,0.04868914
endpoint_nearest,ridge_dynamic_context,10190,40,80,0.07682941,0.02648851
endpoint_nearest,ridge_dynamic_context,10190,50,60,0.11791321,0.06701862
endpoint_nearest,extra_trees,10190,10,133,0.24740587,0.11183318
endpoint_nearest,extra_trees,10190,20,111,0.42713616,0.14663040
endpoint_nearest,extra_trees,10190,30,89,0.17064334,0.13750426
endpoint_nearest,extra_trees,10190,40,80,0.13149184,0.11193155
endpoint_nearest,extra_trees,10190,50,60,0.15485427,0.11586552
endpoint_nearest,hist_gradient_boosting,10190,10,133,0.26232553,0.14104631
endpoint_nearest,hist_gradient_boosting,10190,20,111,0.40512588,0.15587926
endpoint_nearest,hist_gradient_boosting,10190,30,89,0.17270683,0.17611508
endpoint_nearest,hist_gradient_boosting,10190,40,80,0.17110380,0.16835443
endpoint_nearest,hist_gradient_boosting,10190,50,60,0.23623208,0.19599889
endpoint_nearest,ridge_dynamic_context,10227,10,137,0.13696699,0.13101816
endpoint_nearest,ridge_dynamic_context,10227,20,115,0.18831710,0.20685710
endpoint_nearest,ridge_dynamic_context,10227,30,85,0.34831775,0.32165331
endpoint_nearest,ridge_dynamic_context,10227,40,65,0.41041903,0.41324301
endpoint_nearest,ridge_dynamic_context,10227,50,54,0.41549773,0.41558986
endpoint_nearest,extra_trees,10227,10,137,0.20535110,0.22981967
endpoint_nearest,extra_trees,10227,20,115,0.21524648,0.26251085
endpoint_nearest,extra_trees,10227,30,85,0.36062560,0.38669142
endpoint_nearest,extra_trees,10227,40,65,0.43353149,0.45428322
endpoint_nearest,extra_trees,10227,50,54,0.43937806,0.45690871
endpoint_nearest,hist_gradient_boosting,10227,10,137,0.26665319,0.26699741
endpoint_nearest,hist_gradient_boosting,10227,20,115,0.22612893,0.29430285
endpoint_nearest,hist_gradient_boosting,10227,30,85,0.32115965,0.38041821
endpoint_nearest,hist_gradient_boosting,10227,40,65,0.42210970,0.45402098
endpoint_nearest,hist_gradient_boosting,10227,50,54,0.40712004,0.42755860
endpoint_nearest,ridge_dynamic_context,10264,10,134,0.28917459,0.10976945
endpoint_nearest,ridge_dynamic_context,10264,20,117,0.29190136,0.09176670
endpoint_nearest,ridge_dynamic_context,10264,30,95,0.45259670,0.20562710
endpoint_nearest,ridge_dynamic_context,10264,40,75,0.54595165,0.23391181
endpoint_nearest,ridge_dynamic_context,10264,50,60,0.23873403,0.13853848
endpoint_nearest,extra_trees,10264,10,134,0.32849668,0.15416402
endpoint_nearest,extra_trees,10264,20,117,0.32465216,0.12355947
endpoint_nearest,extra_trees,10264,30,95,0.48669842,0.24456887
endpoint_nearest,extra_trees,10264,40,75,0.57604205,0.28551920
endpoint_nearest,extra_trees,10264,50,60,0.29178853,0.22706307
endpoint_nearest,hist_gradient_boosting,10264,10,134,0.31995085,0.17219417
endpoint_nearest,hist_gradient_boosting,10264,20,117,0.32312110,0.13645491
endpoint_nearest,hist_gradient_boosting,10264,30,95,0.46480453,0.25627100
endpoint_nearest,hist_gradient_boosting,10264,40,75,0.54352277,0.27826458
endpoint_nearest,hist_gradient_boosting,10264,50,60,0.25801489,0.24051125
endpoint_nearest,ridge_dynamic_context,10301,10,129,0.30542298,0.14814401
endpoint_nearest,ridge_dynamic_context,10301,20,103,0.41037994,0.15399991
endpoint_nearest,ridge_dynamic_context,10301,30,83,0.53977465,0.22771924
endpoint_nearest,ridge_dynamic_context,10301,40,68,0.24782213,0.21086384
endpoint_nearest,ridge_dynamic_context,10301,50,52,0.29291206,0.27507897
endpoint_nearest,extra_trees,10301,10,129,0.35979601,0.19522585
endpoint_nearest,extra_trees,10301,20,103,0.47414271,0.25378904
endpoint_nearest,extra_trees,10301,30,83,0.59398700,0.29545359
endpoint_nearest,extra_trees,10301,40,68,0.30288694,0.25460931
endpoint_nearest,extra_trees,10301,50,52,0.35705797,0.31221719
endpoint_nearest,hist_gradient_boosting,10301,10,129,0.36847130,0.24258721
endpoint_nearest,hist_gradient_boosting,10301,20,103,0.45060209,0.26618855
endpoint_nearest,hist_gradient_boosting,10301,30,83,0.59197292,0.35409932
endpoint_nearest,hist_gradient_boosting,10301,40,68,0.31106280,0.30931023
endpoint_nearest,hist_gradient_boosting,10301,50,52,0.36343940,0.34363528
endpoint_nearest,ridge_dynamic_context,10338,10,135,0.10472753,0.06048190
endpoint_nearest,ridge_dynamic_context,10338,20,110,0.26332123,0.10540766
endpoint_nearest,ridge_dynamic_context,10338,30,91,0.32031493,0.12658067
endpoint_nearest,ridge_dynamic_context,10338,40,69,0.21826566,0.18797954
endpoint_nearest,ridge_dynamic_context,10338,50,53,0.18739391,0.16319948
endpoint_nearest,extra_trees,10338,10,135,0.15260346,0.12856307
endpoint_nearest,extra_trees,10338,20,110,0.36384353,0.23687758
endpoint_nearest,extra_trees,10338,30,91,0.39825738,0.21135531
endpoint_nearest,extra_trees,10338,40,69,0.19949557,0.21505298
endpoint_nearest,extra_trees,10338,50,53,0.10850508,0.14070311
endpoint_nearest,hist_gradient_boosting,10338,10,135,0.21191126,0.15894059
endpoint_nearest,hist_gradient_boosting,10338,20,110,0.33970477,0.22817663
endpoint_nearest,hist_gradient_boosting,10338,30,91,0.38146489,0.21258162
endpoint_nearest,hist_gradient_boosting,10338,40,69,0.21314866,0.24775301
endpoint_nearest,hist_gradient_boosting,10338,50,53,0.15413876,0.20786970
endpoint_nearest,ridge_dynamic_context,10375,10,139,0.37273152,0.14926047
endpoint_nearest,ridge_dynamic_context,10375,20,119,0.41290352,0.15336847
endpoint_nearest,ridge_dynamic_context,10375,30,89,0.23142981,0.22199523
endpoint_nearest,ridge_dynamic_context,10375,40,73,0.24857629,0.23383315
endpoint_nearest,ridge_dynamic_context,10375,50,60,0.22612129,0.21967213
endpoint_nearest,extra_trees,10375,10,139,0.38414421,0.16829617
endpoint_nearest,extra_trees,10375,20,119,0.42527407,0.18323601
endpoint_nearest,extra_trees,10375,30,89,0.26884692,0.26164454
endpoint_nearest,extra_trees,10375,40,73,0.28802060,0.29066395
endpoint_nearest,extra_trees,10375,50,60,0.21959035,0.22156154
endpoint_nearest,hist_gradient_boosting,10375,10,139,0.38734896,0.15066357
endpoint_nearest,hist_gradient_boosting,10375,20,119,0.42449103,0.16995442
endpoint_nearest,hist_gradient_boosting,10375,30,89,0.23114718,0.24651004
endpoint_nearest,hist_gradient_boosting,10375,40,73,0.26024581,0.28828829
endpoint_nearest,hist_gradient_boosting,10375,50,60,0.18991782,0.23217560
endpoint_nearest,ridge_dynamic_context,10412,10,132,0.33816027,0.14036827
endpoint_nearest,ridge_dynamic_context,10412,20,114,0.40883732,0.14711326
endpoint_nearest,ridge_dynamic_context,10412,30,94,0.50366511,0.17351443
endpoint_nearest,ridge_dynamic_context,10412,40,76,0.18559420,0.12243336
endpoint_nearest,ridge_dynamic_context,10412,50,66,0.19315763,0.11545768
endpoint_nearest,extra_trees,10412,10,132,0.34860829,0.18406182
endpoint_nearest,extra_trees,10412,20,114,0.42308629,0.21272554
endpoint_nearest,extra_trees,10412,30,94,0.52519449,0.21417476
endpoint_nearest,extra_trees,10412,40,76,0.22868688,0.18406015
endpoint_nearest,extra_trees,10412,50,66,0.22876416,0.18121282
endpoint_nearest,hist_gradient_boosting,10412,10,132,0.40695062,0.24198421
endpoint_nearest,hist_gradient_boosting,10412,20,114,0.44547498,0.23340556
endpoint_nearest,hist_gradient_boosting,10412,30,94,0.53782661,0.22798830
endpoint_nearest,hist_gradient_boosting,10412,40,76,0.25277443,0.21845523
endpoint_nearest,hist_gradient_boosting,10412,50,66,0.23463486,0.20417493
endpoint_nearest,ridge_dynamic_context,10449,10,136,0.33122322,0.20483756
endpoint_nearest,ridge_dynamic_context,10449,20,115,0.44528461,0.23086878
endpoint_nearest,ridge_dynamic_context,10449,30,89,0.60052549,0.34768471
endpoint_nearest,ridge_dynamic_context,10449,40,64,0.67903036,0.39226190
endpoint_nearest,ridge_dynamic_context,10449,50,52,0.38352942,0.32545035
endpoint_nearest,extra_trees,10449,10,136,0.41387754,0.30759029
endpoint_nearest,extra_trees,10449,20,115,0.48514819,0.31441648
endpoint_nearest,extra_trees,10449,30,89,0.62167623,0.43847463
endpoint_nearest,extra_trees,10449,40,64,0.68822930,0.48209707
endpoint_nearest,extra_trees,10449,50,52,0.36064918,0.39682404
endpoint_nearest,hist_gradient_boosting,10449,10,136,0.40879718,0.30401221
endpoint_nearest,hist_gradient_boosting,10449,20,115,0.46880496,0.30665194
endpoint_nearest,hist_gradient_boosting,10449,30,89,0.61838262,0.40917603
endpoint_nearest,hist_gradient_boosting,10449,40,64,0.66562236,0.44180403
endpoint_nearest,hist_gradient_boosting,10449,50,52,0.33003415,0.34295228
endpoint_nearest,ridge_dynamic_context,10486,10,137,0.27373471,0.07673101
endpoint_nearest,ridge_dynamic_context,10486,20,113,0.34001126,0.06437554
endpoint_nearest,ridge_dynamic_context,10486,30,92,0.00881688,-0.02963796
endpoint_nearest,ridge_dynamic_context,10486,40,75,0.16222010,0.10844950
endpoint_nearest,ridge_dynamic_context,10486,50,55,0.28646938,0.18968254
endpoint_nearest,extra_trees,10486,10,137,0.26963594,0.08061400
endpoint_nearest,extra_trees,10486,20,113,0.39751946,0.14168441
endpoint_nearest,extra_trees,10486,30,92,0.05956802,0.05674830
endpoint_nearest,extra_trees,10486,40,75,0.13703149,0.12725462
endpoint_nearest,extra_trees,10486,50,55,0.19543328,0.16753247
endpoint_nearest,hist_gradient_boosting,10486,10,137,0.33227935,0.13369705
endpoint_nearest,hist_gradient_boosting,10486,20,113,0.41025486,0.17044547
endpoint_nearest,hist_gradient_boosting,10486,30,92,0.11139423,0.12134149
endpoint_nearest,hist_gradient_boosting,10486,40,75,0.19859261,0.20139403
endpoint_nearest,hist_gradient_boosting,10486,50,55,0.22347929,0.20887446
endpoint_nearest,ridge_dynamic_context,10523,10,134,0.10397672,-0.00865597
endpoint_nearest,ridge_dynamic_context,10523,20,115,0.21855531,0.07363687
endpoint_nearest,ridge_dynamic_context,10523,30,87,0.35239633,0.18887147
endpoint_nearest,ridge_dynamic_context,10523,40,69,0.35013355,0.29579832
endpoint_nearest,ridge_dynamic_context,10523,50,59,0.25128173,0.20368206
endpoint_nearest,extra_trees,10523,10,134,0.19733606,0.10063218
endpoint_nearest,extra_trees,10523,20,115,0.28293146,0.15824193
endpoint_nearest,extra_trees,10523,30,87,0.41686616,0.23208427
endpoint_nearest,extra_trees,10523,40,69,0.38574953,0.32495433
endpoint_nearest,extra_trees,10523,50,59,0.30127657,0.23302162
endpoint_nearest,hist_gradient_boosting,10523,10,134,0.19496597,0.11379942
endpoint_nearest,hist_gradient_boosting,10523,20,115,0.28985861,0.18413162
endpoint_nearest,hist_gradient_boosting,10523,30,87,0.43911220,0.28395422
endpoint_nearest,hist_gradient_boosting,10523,40,69,0.41422864,0.36156376
endpoint_nearest,hist_gradient_boosting,10523,50,59,0.34038640,0.27755698
endpoint_nearest,ridge_dynamic_context,10560,10,132,0.27683961,0.10861818
endpoint_nearest,ridge_dynamic_context,10560,20,111,0.44047943,0.18096701
endpoint_nearest,ridge_dynamic_context,10560,30,89,0.53026011,0.23195438
endpoint_nearest,ridge_dynamic_context,10560,40,65,0.32253588,0.28719406
endpoint_nearest,ridge_dynamic_context,10560,50,52,0.37226474,0.33040212
endpoint_nearest,extra_trees,10560,10,132,0.29092340,0.14350936
endpoint_nearest,extra_trees,10560,20,111,0.50485702,0.26174096
endpoint_nearest,extra_trees,10560,30,89,0.58862932,0.32904324
endpoint_nearest,extra_trees,10560,40,65,0.34458255,0.34423077
endpoint_nearest,extra_trees,10560,50,52,0.34191176,0.33347563
endpoint_nearest,hist_gradient_boosting,10560,10,132,0.31072589,0.13823942
endpoint_nearest,hist_gradient_boosting,10560,20,111,0.46985824,0.23126536
endpoint_nearest,hist_gradient_boosting,10560,30,89,0.55878079,0.27514471
endpoint_nearest,hist_gradient_boosting,10560,40,65,0.31058760,0.26311189
endpoint_nearest,hist_gradient_boosting,10560,50,52,0.31946826,0.29915479
endpoint_nearest,ridge_dynamic_context,10597,10,145,0.25021543,0.09644151
endpoint_nearest,ridge_dynamic_context,10597,20,108,0.39691049,0.15894519
endpoint_nearest,ridge_dynamic_context,10597,30,83,0.49501933,0.18443810
endpoint_nearest,ridge_dynamic_context,10597,40,69,0.57630175,0.25067592
endpoint_nearest,ridge_dynamic_context,10597,50,53,0.28956321,0.20714401
endpoint_nearest,extra_trees,10597,10,145,0.23883267,0.10195245
endpoint_nearest,extra_trees,10597,20,108,0.44986750,0.26293025
endpoint_nearest,extra_trees,10597,30,83,0.56581359,0.28376223
endpoint_nearest,extra_trees,10597,40,69,0.64124463,0.35615638
endpoint_nearest,extra_trees,10597,50,53,0.29755014,0.26350589
endpoint_nearest,hist_gradient_boosting,10597,10,145,0.31058405,0.18056212
endpoint_nearest,hist_gradient_boosting,10597,20,108,0.44489748,0.28476569
endpoint_nearest,hist_gradient_boosting,10597,30,83,0.52854645,0.26002267
endpoint_nearest,hist_gradient_boosting,10597,40,69,0.61504415,0.33927658
endpoint_nearest,hist_gradient_boosting,10597,50,53,0.27177218,0.27092404
endpoint_nearest,ridge_dynamic_context,10634,10,135,0.30287844,0.14906838
endpoint_nearest,ridge_dynamic_context,10634,20,120,0.35118405,0.18070005
endpoint_nearest,ridge_dynamic_context,10634,30,92,0.52318155,0.29855278
endpoint_nearest,ridge_dynamic_context,10634,40,74,0.36762404,0.36242873
endpoint_nearest,ridge_dynamic_context,10634,50,54,0.30520243,0.30421193
endpoint_nearest,extra_trees,10634,10,135,0.36844361,0.24049361
endpoint_nearest,extra_trees,10634,20,120,0.40144560,0.28242239
endpoint_nearest,extra_trees,10634,30,92,0.55431013,0.36706071
endpoint_nearest,extra_trees,10634,40,74,0.37926369,0.40404295
endpoint_nearest,extra_trees,10634,50,54,0.32645005,0.36969697
endpoint_nearest,hist_gradient_boosting,10634,10,135,0.37169191,0.23706955
endpoint_nearest,hist_gradient_boosting,10634,20,120,0.41286296,0.28384610
endpoint_nearest,hist_gradient_boosting,10634,30,92,0.54240537,0.32911548
endpoint_nearest,hist_gradient_boosting,10634,40,74,0.38011805,0.38982599
endpoint_nearest,hist_gradient_boosting,10634,50,54,0.38962727,0.37594816
endpoint_nearest,ridge_dynamic_context,10671,10,133,0.23711251,0.11172606
endpoint_nearest,ridge_dynamic_context,10671,20,109,0.29161934,0.08411639
endpoint_nearest,ridge_dynamic_context,10671,30,85,0.41699574,0.15040063
endpoint_nearest,ridge_dynamic_context,10671,40,71,0.47737994,0.21800805
endpoint_nearest,ridge_dynamic_context,10671,50,54,0.30053188,0.20495521
endpoint_nearest,extra_trees,10671,10,133,0.31723765,0.16049112
endpoint_nearest,extra_trees,10671,20,109,0.36152349,0.13760541
endpoint_nearest,extra_trees,10671,30,85,0.46300626,0.19898378
endpoint_nearest,extra_trees,10671,40,71,0.51400722,0.24037559
endpoint_nearest,extra_trees,10671,50,54,0.28876599,0.23483896
endpoint_nearest,hist_gradient_boosting,10671,10,133,0.28874369,0.14738678
endpoint_nearest,hist_gradient_boosting,10671,20,109,0.35439292,0.15589843
endpoint_nearest,hist_gradient_boosting,10671,30,85,0.48482250,0.22888411
endpoint_nearest,hist_gradient_boosting,10671,40,71,0.54575604,0.30251509
endpoint_nearest,hist_gradient_boosting,10671,50,54,0.30799229,0.30283972
endpoint_nearest,ridge_dynamic_context,10708,10,136,0.33973275,0.13426840
endpoint_nearest,ridge_dynamic_context,10708,20,112,0.39794626,0.12209143
endpoint_nearest,ridge_dynamic_context,10708,30,98,0.42205311,0.11611805
endpoint_nearest,ridge_dynamic_context,10708,40,79,0.49020340,0.13836417
endpoint_nearest,ridge_dynamic_context,10708,50,63,0.26628354,0.17612327
endpoint_nearest,extra_trees,10708,10,136,0.38174018,0.22482229
endpoint_nearest,extra_trees,10708,20,112,0.44627143,0.22956743
endpoint_nearest,extra_trees,10708,30,98,0.48400555,0.23288003
endpoint_nearest,extra_trees,10708,40,79,0.53749811,0.25813048
endpoint_nearest,extra_trees,10708,50,63,0.29079099,0.27865783
endpoint_nearest,hist_gradient_boosting,10708,10,136,0.37280610,0.19735700
endpoint_nearest,hist_gradient_boosting,10708,20,112,0.40878870,0.17606861
endpoint_nearest,hist_gradient_boosting,10708,30,98,0.45179096,0.18195207
endpoint_nearest,hist_gradient_boosting,10708,40,79,0.51840562,0.23074489
endpoint_nearest,hist_gradient_boosting,10708,50,63,0.26365999,0.27126536
endpoint_nearest,ridge_dynamic_context,10745,10,137,0.29118508,0.13123285
endpoint_nearest,ridge_dynamic_context,10745,20,110,0.38523244,0.17612425
endpoint_nearest,ridge_dynamic_context,10745,30,91,0.47047937,0.25747731
endpoint_nearest,ridge_dynamic_context,10745,40,73,0.59116694,0.30062940
endpoint_nearest,ridge_dynamic_context,10745,50,59,0.28850981,0.25961426
endpoint_nearest,extra_trees,10745,10,137,0.34789854,0.17516848
endpoint_nearest,extra_trees,10745,20,110,0.41953649,0.21497644
endpoint_nearest,extra_trees,10745,30,91,0.50773247,0.29652811
endpoint_nearest,extra_trees,10745,40,73,0.64110483,0.33305566
endpoint_nearest,extra_trees,10745,50,59,0.35830429,0.31168907
endpoint_nearest,hist_gradient_boosting,10745,10,137,0.37284900,0.20568167
endpoint_nearest,hist_gradient_boosting,10745,20,110,0.44267783,0.23248653
endpoint_nearest,hist_gradient_boosting,10745,30,91,0.51474003,0.31106864
endpoint_nearest,hist_gradient_boosting,10745,40,73,0.64377407,0.36986301
endpoint_nearest,hist_gradient_boosting,10745,50,59,0.33789582,0.32285213
endpoint_nearest,ridge_dynamic_context,10782,10,128,0.26125277,0.10782137
endpoint_nearest,ridge_dynamic_context,10782,20,107,0.46084023,0.21140696
endpoint_nearest,ridge_dynamic_context,10782,30,87,0.22614114,0.22834804
endpoint_nearest,ridge_dynamic_context,10782,40,76,0.30203361,0.29561176
endpoint_nearest,ridge_dynamic_context,10782,50,57,0.40515931,0.38404200
endpoint_nearest,extra_trees,10782,10,128,0.31961690,0.14544040
endpoint_nearest,extra_trees,10782,20,107,0.51133737,0.24023786
endpoint_nearest,extra_trees,10782,30,87,0.28115683,0.28774513
endpoint_nearest,extra_trees,10782,40,76,0.35636925,0.34318524
endpoint_nearest,extra_trees,10782,50,57,0.46154491,0.40990407
endpoint_nearest,hist_gradient_boosting,10782,10,128,0.31030550,0.14835882
endpoint_nearest,hist_gradient_boosting,10782,20,107,0.50466563,0.25742080
endpoint_nearest,hist_gradient_boosting,10782,30,87,0.25523960,0.29572793
endpoint_nearest,hist_gradient_boosting,10782,40,76,0.34303909,0.38704033
endpoint_nearest,hist_gradient_boosting,10782,50,57,0.49647188,0.50285196
endpoint_nearest,ridge_dynamic_context,10819,10,136,0.41409640,0.30735175
endpoint_nearest,ridge_dynamic_context,10819,20,113,0.51088094,0.33379633
endpoint_nearest,ridge_dynamic_context,10819,30,94,0.60623382,0.40752086
endpoint_nearest,ridge_dynamic_context,10819,40,76,0.35053476,0.35595352
endpoint_nearest,ridge_dynamic_context,10819,50,61,0.39078031,0.35822316
endpoint_nearest,extra_trees,10819,10,136,0.48386847,0.38517723
endpoint_nearest,extra_trees,10819,20,113,0.53228114,0.34559019
endpoint_nearest,extra_trees,10819,30,94,0.61788256,0.39700177
endpoint_nearest,extra_trees,10819,40,76,0.36796101,0.35546138
endpoint_nearest,extra_trees,10819,50,61,0.39624053,0.38688525
endpoint_nearest,hist_gradient_boosting,10819,10,136,0.46139256,0.38946615
endpoint_nearest,hist_gradient_boosting,10819,20,113,0.49796151,0.34933296
endpoint_nearest,hist_gradient_boosting,10819,30,94,0.60688502,0.41650833
endpoint_nearest,hist_gradient_boosting,10819,40,76,0.34217279,0.35204375
endpoint_nearest,hist_gradient_boosting,10819,50,61,0.33895608,0.35663670
endpoint_nearest,ridge_dynamic_context,10856,10,134,0.16588845,0.04216262
endpoint_nearest,ridge_dynamic_context,10856,20,109,0.30097687,0.03369475
endpoint_nearest,ridge_dynamic_context,10856,30,91,0.38971121,0.08781653
endpoint_nearest,ridge_dynamic_context,10856,40,81,0.08966253,0.08764679
endpoint_nearest,ridge_dynamic_context,10856,50,64,0.10661051,0.13154762
endpoint_nearest,extra_trees,10856,10,134,0.26020152,0.14851806
endpoint_nearest,extra_trees,10856,20,109,0.40213878,0.16862200
endpoint_nearest,extra_trees,10856,30,91,0.51491488,0.25386208
endpoint_nearest,extra_trees,10856,40,81,0.23106446,0.25977868
endpoint_nearest,extra_trees,10856,50,64,0.23120850,0.29088828
endpoint_nearest,hist_gradient_boosting,10856,10,134,0.24908838,0.16508186
endpoint_nearest,hist_gradient_boosting,10856,20,109,0.37662223,0.17247706
endpoint_nearest,hist_gradient_boosting,10856,30,91,0.50499820,0.23780857
endpoint_nearest,hist_gradient_boosting,10856,40,81,0.22276152,0.25320687
endpoint_nearest,hist_gradient_boosting,10856,50,64,0.21874519,0.26964286
endpoint_nearest,ridge_dynamic_context,10893,10,145,0.24852453,0.11465911
endpoint_nearest,ridge_dynamic_context,10893,20,116,0.36946467,0.18889786
endpoint_nearest,ridge_dynamic_context,10893,30,92,0.45700642,0.23078464
endpoint_nearest,ridge_dynamic_context,10893,40,82,0.49949888,0.27956814
endpoint_nearest,ridge_dynamic_context,10893,50,62,0.32219333,0.34950014
endpoint_nearest,extra_trees,10893,10,145,0.27250704,0.14992915
endpoint_nearest,extra_trees,10893,20,116,0.43183032,0.29126206
endpoint_nearest,extra_trees,10893,30,92,0.50150442,0.32373657
endpoint_nearest,extra_trees,10893,40,82,0.52827804,0.36335042
endpoint_nearest,extra_trees,10893,50,62,0.32913535,0.43945003
endpoint_nearest,hist_gradient_boosting,10893,10,145,0.26352369,0.16370650
endpoint_nearest,hist_gradient_boosting,10893,20,116,0.39929305,0.27207166
endpoint_nearest,hist_gradient_boosting,10893,30,92,0.49368603,0.31630782
endpoint_nearest,hist_gradient_boosting,10893,40,82,0.51228810,0.34412991
endpoint_nearest,hist_gradient_boosting,10893,50,62,0.31896776,0.38616504
endpoint_nearest,ridge_dynamic_context,10930,10,138,0.28156452,0.08595421
endpoint_nearest,ridge_dynamic_context,10930,20,114,0.15082594,0.09208805
endpoint_nearest,ridge_dynamic_context,10930,30,95,0.18616948,0.13831187
endpoint_nearest,ridge_dynamic_context,10930,40,80,0.25598346,0.18638068
endpoint_nearest,ridge_dynamic_context,10930,50,58,0.37710864,0.27872282
endpoint_nearest,extra_trees,10930,10,138,0.27805225,0.08699077
endpoint_nearest,extra_trees,10930,20,114,0.17235985,0.12845831
endpoint_nearest,extra_trees,10930,30,95,0.21324181,0.18667413
endpoint_nearest,extra_trees,10930,40,80,0.24496062,0.21308017
endpoint_nearest,extra_trees,10930,50,58,0.33044121,0.27878434
endpoint_nearest,hist_gradient_boosting,10930,10,138,0.30400731,0.08732868
endpoint_nearest,hist_gradient_boosting,10930,20,114,0.13198496,0.09092161
endpoint_nearest,hist_gradient_boosting,10930,30,95,0.19083215,0.15887458
endpoint_nearest,hist_gradient_boosting,10930,40,80,0.25172075,0.21322082
endpoint_nearest,hist_gradient_boosting,10930,50,58,0.34288658,0.30363899
endpoint_nearest,ridge_dynamic_context,10967,10,129,0.20773252,0.12905300
endpoint_nearest,ridge_dynamic_context,10967,20,108,0.40315332,0.14660798
endpoint_nearest,ridge_dynamic_context,10967,30,78,0.08587730,0.00565258
endpoint_nearest,ridge_dynamic_context,10967,40,64,0.08992664,0.04391026
endpoint_nearest,ridge_dynamic_context,10967,50,48,0.22952330,0.24967434
endpoint_nearest,extra_trees,10967,10,129,0.24445217,0.17588327
endpoint_nearest,extra_trees,10967,20,108,0.44269000,0.21512475
endpoint_nearest,extra_trees,10967,30,78,0.12815127,0.10785417
endpoint_nearest,extra_trees,10967,40,64,0.20000467,0.21346154
endpoint_nearest,extra_trees,10967,50,48,0.37348481,0.43519323
endpoint_nearest,hist_gradient_boosting,10967,10,129,0.25116855,0.19401275
endpoint_nearest,hist_gradient_boosting,10967,20,108,0.44924992,0.22609963
endpoint_nearest,hist_gradient_boosting,10967,30,78,0.12256985,0.09614436
endpoint_nearest,hist_gradient_boosting,10967,40,64,0.19655431,0.20100733
endpoint_nearest,hist_gradient_boosting,10967,50,48,0.36062789,0.43193660
endpoint_nearest,ridge_dynamic_context,11004,10,124,0.40942604,0.16886861
endpoint_nearest,ridge_dynamic_context,11004,20,100,0.45093791,0.12402040
endpoint_nearest,ridge_dynamic_context,11004,30,85,0.55286168,0.22933359
endpoint_nearest,ridge_dynamic_context,11004,40,71,0.33486678,0.26670020
endpoint_nearest,ridge_dynamic_context,11004,50,60,0.39932602,0.30230620
endpoint_nearest,extra_trees,11004,10,124,0.44285226,0.23740047
endpoint_nearest,extra_trees,11004,20,100,0.50063472,0.22531053
endpoint_nearest,extra_trees,11004,30,85,0.58908763,0.29187024
endpoint_nearest,extra_trees,11004,40,71,0.34038877,0.30335345
endpoint_nearest,extra_trees,11004,50,60,0.36280861,0.30758544
endpoint_nearest,hist_gradient_boosting,11004,10,124,0.41121585,0.19194335
endpoint_nearest,hist_gradient_boosting,11004,20,100,0.48018986,0.20435644
endpoint_nearest,hist_gradient_boosting,11004,30,85,0.57902845,0.26718781
endpoint_nearest,hist_gradient_boosting,11004,40,71,0.33332420,0.29647887
endpoint_nearest,hist_gradient_boosting,11004,50,60,0.35408404,0.29569325
endpoint_nearest,ridge_dynamic_context,11041,10,131,0.26295700,0.19798751
endpoint_nearest,ridge_dynamic_context,11041,20,109,0.50013995,0.31594848
endpoint_nearest,ridge_dynamic_context,11041,30,90,0.53576863,0.33642837
endpoint_nearest,ridge_dynamic_context,11041,40,76,0.17579093,0.22827068
endpoint_nearest,ridge_dynamic_context,11041,50,61,0.10807315,0.17990481
endpoint_nearest,extra_trees,11041,10,131,0.30390861,0.22326910
endpoint_nearest,extra_trees,11041,20,109,0.52332664,0.33883792
endpoint_nearest,extra_trees,11041,30,90,0.55688951,0.35799481
endpoint_nearest,extra_trees,11041,40,76,0.21047799,0.26056049
endpoint_nearest,extra_trees,11041,50,61,0.14992878,0.22125859
endpoint_nearest,hist_gradient_boosting,11041,10,131,0.33600062,0.28491966
endpoint_nearest,hist_gradient_boosting,11041,20,109,0.54987776,0.39281809
endpoint_nearest,hist_gradient_boosting,11041,30,90,0.58699299,0.40321850
endpoint_nearest,hist_gradient_boosting,11041,40,76,0.25225941,0.30490772
endpoint_nearest,hist_gradient_boosting,11041,50,61,0.18421582,0.24373347
endpoint_nearest,ridge_dynamic_context,11078,10,126,0.29733315,0.14805849
endpoint_nearest,ridge_dynamic_context,11078,20,102,0.35321344,0.09255814
endpoint_nearest,ridge_dynamic_context,11078,30,72,0.47621308,0.13685768
endpoint_nearest,ridge_dynamic_context,11078,40,55,0.50819933,0.14942280
endpoint_nearest,ridge_dynamic_context,11078,50,43,0.14557622,0.13455150
endpoint_nearest,extra_trees,11078,10,126,0.30669805,0.12554331
endpoint_nearest,extra_trees,11078,20,102,0.39359835,0.12719747
endpoint_nearest,extra_trees,11078,30,72,0.52897916,0.17949707
endpoint_nearest,extra_trees,11078,40,55,0.57682239,0.18037518
endpoint_nearest,extra_trees,11078,50,43,0.23516692,0.20960435
endpoint_nearest,hist_gradient_boosting,11078,10,126,0.30661331,0.14522685
endpoint_nearest,hist_gradient_boosting,11078,20,102,0.36065333,0.11156850
endpoint_nearest,hist_gradient_boosting,11078,30,72,0.50850220,0.17325873
endpoint_nearest,hist_gradient_boosting,11078,40,55,0.53889050,0.16443001
endpoint_nearest,hist_gradient_boosting,11078,50,43,0.14099563,0.17653277
endpoint_nearest,ridge_dynamic_context,11115,10,133,0.27171696,0.14328562
endpoint_nearest,ridge_dynamic_context,11115,20,120,0.33516924,0.15918467
endpoint_nearest,ridge_dynamic_context,11115,30,95,0.41895551,0.16744121
endpoint_nearest,ridge_dynamic_context,11115,40,79,0.26351465,0.20640214
endpoint_nearest,ridge_dynamic_context,11115,50,63,0.38519026,0.33726959
endpoint_nearest,extra_trees,11115,10,133,0.35451048,0.22350823
endpoint_nearest,extra_trees,11115,20,120,0.38550350,0.20464616
endpoint_nearest,extra_trees,11115,30,95,0.48526314,0.25022396
endpoint_nearest,extra_trees,11115,40,79,0.30074428,0.28841285
endpoint_nearest,extra_trees,11115,50,63,0.40524403,0.39021697
endpoint_nearest,hist_gradient_boosting,11115,10,133,0.36003476,0.22388060
endpoint_nearest,hist_gradient_boosting,11115,20,120,0.40762943,0.22349469
endpoint_nearest,hist_gradient_boosting,11115,30,95,0.49627824,0.24304311
endpoint_nearest,hist_gradient_boosting,11115,40,79,0.29526154,0.30296981
endpoint_nearest,hist_gradient_boosting,11115,50,63,0.40518837,0.41345046
endpoint_nearest,ridge_dynamic_context,11152,10,130,0.32876128,0.12551039
endpoint_nearest,ridge_dynamic_context,11152,20,107,0.35072160,0.06249143
endpoint_nearest,ridge_dynamic_context,11152,30,87,0.43601111,0.08163228
endpoint_nearest,ridge_dynamic_context,11152,40,74,0.58205602,0.20358386
endpoint_nearest,ridge_dynamic_context,11152,50,59,0.31839299,0.24003507
endpoint_nearest,extra_trees,11152,10,130,0.40684710,0.22705486
endpoint_nearest,extra_trees,11152,20,107,0.41702505,0.16040675
endpoint_nearest,extra_trees,11152,30,87,0.50722373,0.20119195
endpoint_nearest,extra_trees,11152,40,74,0.63083683,0.30982599
endpoint_nearest,extra_trees,11152,50,59,0.32848607,0.34406780
endpoint_nearest,hist_gradient_boosting,11152,10,130,0.37588737,0.19331959
endpoint_nearest,hist_gradient_boosting,11152,20,107,0.40641975,0.15604734
endpoint_nearest,hist_gradient_boosting,11152,30,87,0.49756801,0.19155063
endpoint_nearest,hist_gradient_boosting,11152,40,74,0.63144580,0.29631988
endpoint_nearest,hist_gradient_boosting,11152,50,59,0.30940344,0.28971362
endpoint_nearest,ridge_dynamic_context,11189,10,132,0.23058003,0.12412537
endpoint_nearest,ridge_dynamic_context,11189,20,115,0.30860332,0.13536653
endpoint_nearest,ridge_dynamic_context,11189,30,84,0.17302275,0.16494887
endpoint_nearest,ridge_dynamic_context,11189,40,69,0.18548081,0.15681403
endpoint_nearest,ridge_dynamic_context,11189,50,56,0.27712547,0.25256323
endpoint_nearest,extra_trees,11189,10,132,0.34665227,0.21116288
endpoint_nearest,extra_trees,11189,20,115,0.39540250,0.23165786
endpoint_nearest,extra_trees,11189,30,84,0.21685615,0.23669130
endpoint_nearest,extra_trees,11189,40,69,0.21824967,0.22641578
endpoint_nearest,extra_trees,11189,50,56,0.32433291,0.35010253
endpoint_nearest,hist_gradient_boosting,11189,10,132,0.28858428,0.20011688
endpoint_nearest,hist_gradient_boosting,11189,20,115,0.34420302,0.21620769
endpoint_nearest,hist_gradient_boosting,11189,30,84,0.20070371,0.23407917
endpoint_nearest,hist_gradient_boosting,11189,40,69,0.19225488,0.22064304
endpoint_nearest,hist_gradient_boosting,11189,50,56,0.33542684,0.38339029
endpoint_nearest,ridge_dynamic_context,11226,10,135,0.31396079,0.12105160
endpoint_nearest,ridge_dynamic_context,11226,20,113,0.10448809,0.11251580
endpoint_nearest,ridge_dynamic_context,11226,30,97,0.18645766,0.15504681
endpoint_nearest,ridge_dynamic_context,11226,40,81,0.22833233,0.17956188
endpoint_nearest,ridge_dynamic_context,11226,50,54,0.29536806,0.22294645
endpoint_nearest,extra_trees,11226,10,135,0.37425150,0.20830651
endpoint_nearest,extra_trees,11226,20,113,0.19783266,0.22230355
endpoint_nearest,extra_trees,11226,30,97,0.25788155,0.25094677
endpoint_nearest,extra_trees,11226,40,81,0.31043021,0.27667118
endpoint_nearest,extra_trees,11226,50,54,0.33158860,0.27204117
endpoint_nearest,hist_gradient_boosting,11226,10,135,0.40627514,0.24342503
endpoint_nearest,hist_gradient_boosting,11226,20,113,0.18345709,0.21396134
endpoint_nearest,hist_gradient_boosting,11226,30,97,0.23811676,0.24084789
endpoint_nearest,hist_gradient_boosting,11226,40,81,0.30828829,0.29205059
endpoint_nearest,hist_gradient_boosting,11226,50,54,0.32879522,0.26906804
endpoint_nearest,ridge_dynamic_context,11263,10,133,0.18489840,0.13534855
endpoint_nearest,ridge_dynamic_context,11263,20,107,0.30451798,0.15894708
endpoint_nearest,ridge_dynamic_context,11263,30,91,0.34014467,0.16203217
endpoint_nearest,ridge_dynamic_context,11263,40,75,0.27544949,0.22679943
endpoint_nearest,ridge_dynamic_context,11263,50,58,0.28849115,0.22925959
endpoint_nearest,extra_trees,11263,10,133,0.22721232,0.20562941
endpoint_nearest,extra_trees,11263,20,107,0.37724106,0.28149062
endpoint_nearest,extra_trees,11263,30,91,0.43329544,0.29162287
endpoint_nearest,extra_trees,11263,40,75,0.31651952,0.31715505
endpoint_nearest,extra_trees,11263,50,58,0.30898089,0.28389061
endpoint_nearest,hist_gradient_boosting,11263,10,133,0.25645762,0.22166679
endpoint_nearest,hist_gradient_boosting,11263,20,107,0.37610707,0.25535375
endpoint_nearest,hist_gradient_boosting,11263,30,91,0.42798835,0.26607740
endpoint_nearest,hist_gradient_boosting,11263,40,75,0.27869016,0.26312945
endpoint_nearest,hist_gradient_boosting,11263,50,58,0.30252706,0.28444431
endpoint_nearest,ridge_dynamic_context,11300,10,132,0.35727261,0.19785759
endpoint_nearest,ridge_dynamic_context,11300,20,111,0.43715953,0.20575641
endpoint_nearest,ridge_dynamic_context,11300,30,94,0.44876282,0.14986093
endpoint_nearest,ridge_dynamic_context,11300,40,76,0.28396131,0.26121668
endpoint_nearest,ridge_dynamic_context,11300,50,54,0.26594632,0.22614828
endpoint_nearest,extra_trees,11300,10,132,0.39978210,0.22842846
endpoint_nearest,extra_trees,11300,20,111,0.44983840,0.19551597
endpoint_nearest,extra_trees,11300,30,94,0.47497235,0.17715566
endpoint_nearest,extra_trees,11300,40,76,0.34294733,0.31964457
endpoint_nearest,extra_trees,11300,50,54,0.29589501,0.24673147
endpoint_nearest,hist_gradient_boosting,11300,10,132,0.40098690,0.24323647
endpoint_nearest,hist_gradient_boosting,11300,20,111,0.44230239,0.20056160
endpoint_nearest,hist_gradient_boosting,11300,30,94,0.46829275,0.17698226
endpoint_nearest,hist_gradient_boosting,11300,40,76,0.31713171,0.32019139
endpoint_nearest,hist_gradient_boosting,11300,50,54,0.26300217,0.25618449
endpoint_nearest,ridge_dynamic_context,11337,10,137,0.11483036,-0.00967947
endpoint_nearest,ridge_dynamic_context,11337,20,113,0.28935775,0.00425843
endpoint_nearest,ridge_dynamic_context,11337,30,99,0.40723676,0.07083488
endpoint_nearest,ridge_dynamic_context,11337,40,85,0.46359842,0.09261286
endpoint_nearest,ridge_dynamic_context,11337,50,64,0.11557142,0.04175824
endpoint_nearest,extra_trees,11337,10,137,0.17744661,0.01714208
endpoint_nearest,extra_trees,11337,20,113,0.33867646,0.04404817
endpoint_nearest,extra_trees,11337,30,99,0.44605974,0.09245516
endpoint_nearest,extra_trees,11337,40,85,0.49292169,0.10750440
endpoint_nearest,extra_trees,11337,50,64,0.13838052,0.09262821
endpoint_nearest,hist_gradient_boosting,11337,10,137,0.19726493,0.05926223
endpoint_nearest,hist_gradient_boosting,11337,20,113,0.34776682,0.06758600
endpoint_nearest,hist_gradient_boosting,11337,30,99,0.45400559,0.11297464
endpoint_nearest,hist_gradient_boosting,11337,40,85,0.51062621,0.13455150
endpoint_nearest,hist_gradient_boosting,11337,50,64,0.16154729,0.11057692
endpoint_nearest,ridge_dynamic_context,11374,10,134,0.19508686,0.10315590
endpoint_nearest,ridge_dynamic_context,11374,20,103,0.11727136,0.10541229
endpoint_nearest,ridge_dynamic_context,11374,30,78,0.12213252,0.06711011
endpoint_nearest,ridge_dynamic_context,11374,40,66,0.19543043,0.13507985
endpoint_nearest,ridge_dynamic_context,11374,50,53,0.18250669,0.12546363
endpoint_nearest,extra_trees,11374,10,134,0.22052509,0.12220851
endpoint_nearest,extra_trees,11374,20,103,0.09946824,0.10504986
endpoint_nearest,extra_trees,11374,30,78,0.11736361,0.07664487
endpoint_nearest,extra_trees,11374,40,66,0.19296220,0.14910761
endpoint_nearest,extra_trees,11374,50,53,0.16565729,0.14787937
endpoint_nearest,hist_gradient_boosting,11374,10,134,0.23335149,0.16022893
endpoint_nearest,hist_gradient_boosting,11374,20,103,0.14429554,0.18388393
endpoint_nearest,hist_gradient_boosting,11374,30,78,0.16136758,0.13466281
endpoint_nearest,hist_gradient_boosting,11374,40,66,0.22473724,0.18952093
endpoint_nearest,hist_gradient_boosting,11374,50,53,0.21119233,0.18892114
endpoint_nearest,ridge_dynamic_context,11411,10,133,0.28038964,0.13465482
endpoint_nearest,ridge_dynamic_context,11411,20,113,0.32827966,0.11062779
endpoint_nearest,ridge_dynamic_context,11411,30,81,0.40328493,0.12405149
endpoint_nearest,ridge_dynamic_context,11411,40,71,0.07493745,0.07525151
endpoint_nearest,ridge_dynamic_context,11411,50,55,0.33205349,0.25274170
endpoint_nearest,extra_trees,11411,10,133,0.30777609,0.14283674
endpoint_nearest,extra_trees,11411,20,113,0.38465744,0.17088629
endpoint_nearest,extra_trees,11411,30,81,0.43465936,0.15300361
endpoint_nearest,extra_trees,11411,40,71,0.07981477,0.09382964
endpoint_nearest,extra_trees,11411,50,55,0.31434027,0.23152958
endpoint_nearest,hist_gradient_boosting,11411,10,133,0.28162865,0.13417023
endpoint_nearest,hist_gradient_boosting,11411,20,113,0.35802504,0.16537195
endpoint_nearest,hist_gradient_boosting,11411,30,81,0.43566415,0.16551491
endpoint_nearest,hist_gradient_boosting,11411,40,71,0.08011351,0.11931590
endpoint_nearest,hist_gradient_boosting,11411,50,55,0.27332181,0.24090909
endpoint_nearest,ridge_dynamic_context,11448,10,131,0.34594215,0.22916244
endpoint_nearest,ridge_dynamic_context,11448,20,108,0.45485946,0.25333676
endpoint_nearest,ridge_dynamic_context,11448,30,92,0.32021048,0.35183330
endpoint_nearest,ridge_dynamic_context,11448,40,71,0.45690766,0.48085178
endpoint_nearest,ridge_dynamic_context,11448,50,51,0.61194234,0.60036199
endpoint_nearest,extra_trees,11448,10,131,0.33790654,0.22611434
endpoint_nearest,extra_trees,11448,20,108,0.50085831,0.30891614
endpoint_nearest,extra_trees,11448,30,92,0.34295838,0.38823729
endpoint_nearest,extra_trees,11448,40,71,0.52244634,0.54564051
endpoint_nearest,extra_trees,11448,50,51,0.66060591,0.65013575
endpoint_nearest,hist_gradient_boosting,11448,10,131,0.36557746,0.23857898
endpoint_nearest,hist_gradient_boosting,11448,20,108,0.49604293,0.29051035
endpoint_nearest,hist_gradient_boosting,11448,30,92,0.29741961,0.34750243
endpoint_nearest,hist_gradient_boosting,11448,40,71,0.46889109,0.51965124
endpoint_nearest,hist_gradient_boosting,11448,50,51,0.65626070,0.67276018
endpoint_nearest,ridge_dynamic_context,11485,10,140,0.25539422,0.10198334
endpoint_nearest,ridge_dynamic_context,11485,20,117,0.15529711,0.14800162
endpoint_nearest,ridge_dynamic_context,11485,30,92,0.20576530,0.21833146
endpoint_nearest,ridge_dynamic_context,11485,40,73,0.25059578,0.23815254
endpoint_nearest,ridge_dynamic_context,11485,50,65,0.32460217,0.32840909
endpoint_nearest,extra_trees,11485,10,140,0.30745441,0.13598653
endpoint_nearest,extra_trees,11485,20,117,0.19751469,0.20670923
endpoint_nearest,extra_trees,11485,30,92,0.24912361,0.24294499
endpoint_nearest,extra_trees,11485,40,73,0.26094082,0.21701839
endpoint_nearest,extra_trees,11485,50,65,0.31262372,0.28500874
endpoint_nearest,hist_gradient_boosting,11485,10,140,0.30272768,0.15755614
endpoint_nearest,hist_gradient_boosting,11485,20,117,0.19030586,0.19781504
endpoint_nearest,hist_gradient_boosting,11485,30,92,0.23497478,0.22816454
endpoint_nearest,hist_gradient_boosting,11485,40,73,0.21667524,0.18039615
endpoint_nearest,hist_gradient_boosting,11485,50,65,0.27732360,0.25673077
endpoint_nearest,ridge_dynamic_context,11522,10,127,0.10297944,0.10629335
endpoint_nearest,ridge_dynamic_context,11522,20,107,0.05436173,0.05817120
endpoint_nearest,ridge_dynamic_context,11522,30,81,0.13238313,0.06813460
endpoint_nearest,ridge_dynamic_context,11522,40,59,0.24089081,0.14161309
endpoint_nearest,ridge_dynamic_context,11522,50,43,0.35301117,0.15675023
endpoint_nearest,extra_trees,11522,10,127,0.13648259,0.15426392
endpoint_nearest,extra_trees,11522,20,107,0.16081278,0.17552264
endpoint_nearest,extra_trees,11522,30,81,0.20062526,0.16725384
endpoint_nearest,extra_trees,11522,40,59,0.29143428,0.20613676
endpoint_nearest,extra_trees,11522,50,43,0.40742578,0.24388402
endpoint_nearest,hist_gradient_boosting,11522,10,127,0.11540746,0.14045510
endpoint_nearest,hist_gradient_boosting,11522,20,107,0.13340887,0.15158996
endpoint_nearest,hist_gradient_boosting,11522,30,81,0.15930801,0.13527552
endpoint_nearest,hist_gradient_boosting,11522,40,59,0.26616680,0.20070134
endpoint_nearest,hist_gradient_boosting,11522,50,43,0.28070919,0.15977046
endpoint_nearest,ridge_dynamic_context,11559,10,140,0.21490951,0.12698607
endpoint_nearest,ridge_dynamic_context,11559,20,117,0.40365685,0.21307827
endpoint_nearest,ridge_dynamic_context,11559,30,93,0.51010634,0.20958790
endpoint_nearest,ridge_dynamic_context,11559,40,78,0.55818112,0.23848304
endpoint_nearest,ridge_dynamic_context,11559,50,60,0.31290499,0.26451792
endpoint_nearest,extra_trees,11559,10,140,0.26689692,0.21085915
endpoint_nearest,extra_trees,11559,20,117,0.46151069,0.30197515
endpoint_nearest,extra_trees,11559,30,93,0.57785093,0.30434783
endpoint_nearest,extra_trees,11559,40,78,0.60915967,0.29548932
endpoint_nearest,extra_trees,11559,50,60,0.34551206,0.33164768
endpoint_nearest,hist_gradient_boosting,11559,10,140,0.26230950,0.19372854
endpoint_nearest,hist_gradient_boosting,11559,20,117,0.43829569,0.27862698
endpoint_nearest,hist_gradient_boosting,11559,30,93,0.55334623,0.28174331
endpoint_nearest,hist_gradient_boosting,11559,40,78,0.59086547,0.28395655
endpoint_nearest,hist_gradient_boosting,11559,50,60,0.30126003,0.28952487
endpoint_nearest,ridge_dynamic_context,11596,10,139,0.20892073,0.18207248
endpoint_nearest,ridge_dynamic_context,11596,20,122,0.34032000,0.23391966
endpoint_nearest,ridge_dynamic_context,11596,30,91,0.47841848,0.27407230
endpoint_nearest,ridge_dynamic_context,11596,40,78,0.53561983,0.32970827
endpoint_nearest,ridge_dynamic_context,11596,50,62,0.39320646,0.32834731
endpoint_nearest,extra_trees,11596,10,139,0.21943106,0.20828455
endpoint_nearest,extra_trees,11596,20,122,0.38140484,0.28040685
endpoint_nearest,extra_trees,11596,30,91,0.52822933,0.34029304
endpoint_nearest,extra_trees,11596,40,78,0.58642962,0.38254151
endpoint_nearest,extra_trees,11596,50,62,0.38941986,0.34718340
endpoint_nearest,hist_gradient_boosting,11596,10,139,0.29858300,0.27000760
endpoint_nearest,hist_gradient_boosting,11596,20,122,0.39845584,0.31178603
endpoint_nearest,hist_gradient_boosting,11596,30,91,0.51902331,0.33822265
endpoint_nearest,hist_gradient_boosting,11596,40,78,0.56291174,0.36018412
endpoint_nearest,hist_gradient_boosting,11596,50,62,0.39055005,0.34743522
endpoint_nearest,ridge_dynamic_context,11633,10,136,0.19105835,0.02554267
endpoint_nearest,ridge_dynamic_context,11633,20,115,0.31241569,0.04102422
endpoint_nearest,ridge_dynamic_context,11633,30,91,0.42270095,0.12583214
endpoint_nearest,ridge_dynamic_context,11633,40,76,0.22743142,0.20057416
endpoint_nearest,ridge_dynamic_context,11633,50,61,0.25577911,0.20391327
endpoint_nearest,extra_trees,11633,10,136,0.21617284,0.09164639
endpoint_nearest,extra_trees,11633,20,115,0.36412564,0.13183145
endpoint_nearest,extra_trees,11633,30,91,0.46673324,0.21376015
endpoint_nearest,extra_trees,11633,40,76,0.25959290,0.29645933
endpoint_nearest,extra_trees,11633,50,61,0.25218216,0.26017980
endpoint_nearest,hist_gradient_boosting,11633,10,136,0.26288998,0.12753208
endpoint_nearest,hist_gradient_boosting,11633,20,115,0.36811995,0.15321550
endpoint_nearest,hist_gradient_boosting,11633,30,91,0.45295755,0.19609810
endpoint_nearest,hist_gradient_boosting,11633,40,76,0.23461775,0.26925496
endpoint_nearest,hist_gradient_boosting,11633,50,61,0.22721075,0.21639344
endpoint_nearest,ridge_dynamic_context,11670,10,133,-0.00910594,-0.01164546
endpoint_nearest,ridge_dynamic_context,11670,20,106,0.04852773,0.01002091
endpoint_nearest,ridge_dynamic_context,11670,30,82,0.14595564,0.08185588
endpoint_nearest,ridge_dynamic_context,11670,40,69,0.19752681,0.06624041
endpoint_nearest,ridge_dynamic_context,11670,50,52,0.16082220,0.05182276
endpoint_nearest,extra_trees,11670,10,133,0.06014066,0.05951786
endpoint_nearest,extra_trees,11670,20,106,0.09640268,0.08606696
endpoint_nearest,extra_trees,11670,30,82,0.23455484,0.17946039
endpoint_nearest,extra_trees,11670,40,69,0.24284069,0.14537815
endpoint_nearest,extra_trees,11670,50,52,0.18281547,0.09801076
endpoint_nearest,hist_gradient_boosting,11670,10,133,0.05824505,0.09306169
endpoint_nearest,hist_gradient_boosting,11670,20,106,0.10604663,0.11412953
endpoint_nearest,hist_gradient_boosting,11670,30,82,0.22872162,0.20327380
endpoint_nearest,hist_gradient_boosting,11670,40,69,0.24165600,0.17913774
endpoint_nearest,hist_gradient_boosting,11670,50,52,0.18106298,0.11167079
endpoint_nearest,ridge_dynamic_context,11707,10,136,0.12410293,0.02154000
endpoint_nearest,ridge_dynamic_context,11707,20,108,0.41619492,0.12095230
endpoint_nearest,ridge_dynamic_context,11707,30,87,0.46775957,0.16011154
endpoint_nearest,ridge_dynamic_context,11707,40,71,0.51301734,0.11441985
endpoint_nearest,ridge_dynamic_context,11707,50,52,0.22114085,0.12644071
endpoint_nearest,extra_trees,11707,10,136,0.15558167,0.08253423
endpoint_nearest,extra_trees,11707,20,108,0.43247153,0.19928168
endpoint_nearest,extra_trees,11707,30,87,0.48565320,0.23407086
endpoint_nearest,extra_trees,11707,40,71,0.55702997,0.20912140
endpoint_nearest,extra_trees,11707,50,52,0.27128221,0.22026808
endpoint_nearest,hist_gradient_boosting,11707,10,136,0.16442140,0.05237823
endpoint_nearest,hist_gradient_boosting,11707,20,108,0.43197888,0.19179361
endpoint_nearest,hist_gradient_boosting,11707,30,87,0.48359034,0.23199315
endpoint_nearest,hist_gradient_boosting,11707,40,71,0.57450707,0.24379611
endpoint_nearest,hist_gradient_boosting,11707,50,52,0.27391668,0.23324511
endpoint_nearest,ridge_dynamic_context,11744,10,138,0.27969887,0.14472281
endpoint_nearest,ridge_dynamic_context,11744,20,115,0.34739470,0.15776848
endpoint_nearest,ridge_dynamic_context,11744,30,88,0.46401113,0.22533549
endpoint_nearest,ridge_dynamic_context,11744,40,72,0.61670767,0.32976397
endpoint_nearest,ridge_dynamic_context,11744,50,57,0.35761067,0.29284418
endpoint_nearest,extra_trees,11744,10,138,0.33209779,0.20595723
endpoint_nearest,extra_trees,11744,20,115,0.42984479,0.22427997
endpoint_nearest,extra_trees,11744,30,88,0.55037407,0.31180656
endpoint_nearest,extra_trees,11744,40,72,0.66567111,0.39449482
endpoint_nearest,extra_trees,11744,50,57,0.42333535,0.39045891
endpoint_nearest,hist_gradient_boosting,11744,10,138,0.34740584,0.22393485
endpoint_nearest,hist_gradient_boosting,11744,20,115,0.44397223,0.23532707
endpoint_nearest,hist_gradient_boosting,11744,30,88,0.54053752,0.27661935
endpoint_nearest,hist_gradient_boosting,11744,40,72,0.66272866,0.39214740
endpoint_nearest,hist_gradient_boosting,11744,50,57,0.45307081,0.42740472
endpoint_nearest,ridge_dynamic_context,11781,10,135,0.39464048,0.19047410
endpoint_nearest,ridge_dynamic_context,11781,20,116,0.45625788,0.19929266
endpoint_nearest,ridge_dynamic_context,11781,30,89,0.54648122,0.22524685
endpoint_nearest,ridge_dynamic_context,11781,40,78,0.32575465,0.24963644
endpoint_nearest,ridge_dynamic_context,11781,50,68,0.33127714,0.24140169
endpoint_nearest,extra_trees,11781,10,135,0.43752605,0.26040874
endpoint_nearest,extra_trees,11781,20,116,0.49447060,0.26469842
endpoint_nearest,extra_trees,11781,30,89,0.60099569,0.29106231
endpoint_nearest,extra_trees,11781,40,78,0.37356691,0.33405835
endpoint_nearest,extra_trees,11781,50,68,0.36346877,0.31877696
endpoint_nearest,hist_gradient_boosting,11781,10,135,0.39714905,0.22823139
endpoint_nearest,hist_gradient_boosting,11781,20,116,0.46224032,0.23109983
endpoint_nearest,hist_gradient_boosting,11781,30,89,0.58362413,0.29891045
endpoint_nearest,hist_gradient_boosting,11781,40,78,0.38240634,0.35345667
endpoint_nearest,hist_gradient_boosting,11781,50,68,0.37792013,0.34347444
endpoint_nearest,ridge_dynamic_context,11818,10,134,0.30901771,0.13305652
endpoint_nearest,ridge_dynamic_context,11818,20,107,0.47813698,0.15855522
endpoint_nearest,ridge_dynamic_context,11818,30,86,0.13664611,0.11267513
endpoint_nearest,ridge_dynamic_context,11818,40,73,0.13132798,0.11319882
endpoint_nearest,ridge_dynamic_context,11818,50,51,0.22053333,0.15475113
endpoint_nearest,extra_trees,11818,10,134,0.38072476,0.21788052
endpoint_nearest,extra_trees,11818,20,107,0.50929725,0.23440898
endpoint_nearest,extra_trees,11818,30,86,0.17243232,0.19341478
endpoint_nearest,extra_trees,11818,40,73,0.16008614,0.19773541
endpoint_nearest,extra_trees,11818,50,51,0.24189447,0.21040724
endpoint_nearest,hist_gradient_boosting,11818,10,134,0.40379161,0.23218993
endpoint_nearest,hist_gradient_boosting,11818,20,107,0.53762141,0.26567919
endpoint_nearest,hist_gradient_boosting,11818,30,86,0.20893083,0.22930327
endpoint_nearest,hist_gradient_boosting,11818,40,73,0.22858701,0.24620511
endpoint_nearest,hist_gradient_boosting,11818,50,51,0.32211440,0.28669683
endpoint_nearest,ridge_dynamic_context,11855,10,136,0.17937325,0.10184152
endpoint_nearest,ridge_dynamic_context,11855,20,113,0.34107524,0.14714885
endpoint_nearest,ridge_dynamic_context,11855,30,88,0.20317018,0.17954634
endpoint_nearest,ridge_dynamic_context,11855,40,69,0.29754289,0.22922908
endpoint_nearest,ridge_dynamic_context,11855,50,53,0.28739820,0.21843251
endpoint_nearest,extra_trees,11855,10,136,0.30069748,0.21548113
endpoint_nearest,extra_trees,11855,20,113,0.43044885,0.25529809
endpoint_nearest,extra_trees,11855,30,88,0.23143907,0.25275616
endpoint_nearest,extra_trees,11855,40,69,0.33109929,0.30080380
endpoint_nearest,extra_trees,11855,50,53,0.30685064,0.27906789
endpoint_nearest,hist_gradient_boosting,11855,10,136,0.29085607,0.19442298
endpoint_nearest,hist_gradient_boosting,11855,20,113,0.42216176,0.23257535
endpoint_nearest,hist_gradient_boosting,11855,30,88,0.20643155,0.23074214
endpoint_nearest,hist_gradient_boosting,11855,40,69,0.34198011,0.30697844
endpoint_nearest,hist_gradient_boosting,11855,50,53,0.33623433,0.29043703
endpoint_nearest,ridge_dynamic_context,11892,10,136,0.39045399,0.17862220
endpoint_nearest,ridge_dynamic_context,11892,20,110,0.48341717,0.21814124
endpoint_nearest,ridge_dynamic_context,11892,30,95,0.23803674,0.23216685
endpoint_nearest,ridge_dynamic_context,11892,40,79,0.26827636,0.27409932
endpoint_nearest,ridge_dynamic_context,11892,50,57,0.39007239,0.34754991
endpoint_nearest,extra_trees,11892,10,136,0.43006178,0.25915748
endpoint_nearest,extra_trees,11892,20,110,0.53959396,0.30490724
endpoint_nearest,extra_trees,11892,30,95,0.27476863,0.30650896
endpoint_nearest,extra_trees,11892,40,79,0.32394425,0.34525316
endpoint_nearest,extra_trees,11892,50,57,0.45325837,0.39305159
endpoint_nearest,hist_gradient_boosting,11892,10,136,0.40520076,0.25016459
endpoint_nearest,hist_gradient_boosting,11892,20,110,0.50227106,0.28328562
endpoint_nearest,hist_gradient_boosting,11892,30,95,0.22135676,0.28873180
endpoint_nearest,hist_gradient_boosting,11892,40,79,0.27718184,0.34513145
endpoint_nearest,hist_gradient_boosting,11892,50,57,0.45943701,0.46610060
endpoint_nearest,ridge_dynamic_context,11929,10,127,0.18884736,0.02873078
endpoint_nearest,ridge_dynamic_context,11929,20,104,0.34457795,0.08832818
endpoint_nearest,ridge_dynamic_context,11929,30,83,0.50279368,0.20137694
endpoint_nearest,ridge_dynamic_context,11929,40,71,0.25372719,0.19047619
endpoint_nearest,ridge_dynamic_context,11929,50,56,0.21168572,0.13643199
endpoint_nearest,extra_trees,11929,10,127,0.22140398,0.05471386
endpoint_nearest,extra_trees,11929,20,104,0.39906144,0.15314200
endpoint_nearest,extra_trees,11929,30,83,0.52902456,0.23216909
endpoint_nearest,extra_trees,11929,40,71,0.22575436,0.20868545
endpoint_nearest,extra_trees,11929,50,56,0.20432954,0.18769651
endpoint_nearest,hist_gradient_boosting,11929,10,127,0.21775836,0.08306384
endpoint_nearest,hist_gradient_boosting,11929,20,104,0.39004994,0.17154593
endpoint_nearest,hist_gradient_boosting,11929,30,83,0.53846196,0.25252928
endpoint_nearest,hist_gradient_boosting,11929,40,71,0.25431783,0.24050973
endpoint_nearest,hist_gradient_boosting,11929,50,56,0.23983698,0.23308271
endpoint_nearest,ridge_dynamic_context,11966,10,130,0.04662112,0.16074779
endpoint_nearest,ridge_dynamic_context,11966,20,109,0.18116158,0.17819479
endpoint_nearest,ridge_dynamic_context,11966,30,89,0.18861621,0.17449779
endpoint_nearest,ridge_dynamic_context,11966,40,72,0.25242546,0.21660557
endpoint_nearest,ridge_dynamic_context,11966,50,56,0.23657883,0.17101846
endpoint_nearest,extra_trees,11966,10,130,0.08320121,0.19900040
endpoint_nearest,extra_trees,11966,20,109,0.21473740,0.23243444
endpoint_nearest,extra_trees,11966,30,89,0.22512539,0.24043241
endpoint_nearest,extra_trees,11966,40,72,0.25947414,0.24184835
endpoint_nearest,extra_trees,11966,50,56,0.20378775,0.17040328
endpoint_nearest,hist_gradient_boosting,11966,10,130,0.08344495,0.23335837
endpoint_nearest,hist_gradient_boosting,11966,20,109,0.23423149,0.29449541
endpoint_nearest,hist_gradient_boosting,11966,30,89,0.20102088,0.24148791
endpoint_nearest,hist_gradient_boosting,11966,40,72,0.27293869,0.28915043
endpoint_nearest,hist_gradient_boosting,11966,50,56,0.19511818,0.17436774
endpoint_nearest,ridge_dynamic_context,12003,10,121,0.23368570,0.05474190
endpoint_nearest,ridge_dynamic_context,12003,20,103,0.32366648,0.11211176
endpoint_nearest,ridge_dynamic_context,12003,30,84,0.44265555,0.11276703
endpoint_nearest,ridge_dynamic_context,12003,40,69,0.56511602,0.20763610
endpoint_nearest,ridge_dynamic_context,12003,50,55,0.26617634,0.21103896
endpoint_nearest,extra_trees,12003,10,121,0.25794786,0.09166102
endpoint_nearest,extra_trees,12003,20,103,0.37865910,0.15764618
endpoint_nearest,extra_trees,12003,30,84,0.52431609,0.20346259
endpoint_nearest,extra_trees,12003,40,69,0.63899901,0.31673365
endpoint_nearest,extra_trees,12003,50,55,0.32009770,0.27402597
endpoint_nearest,hist_gradient_boosting,12003,10,121,0.27144876,0.11482861
endpoint_nearest,hist_gradient_boosting,12003,20,103,0.32952444,0.13624083
endpoint_nearest,hist_gradient_boosting,12003,30,84,0.51080265,0.20892984
endpoint_nearest,hist_gradient_boosting,12003,40,69,0.63865017,0.31351845
endpoint_nearest,hist_gradient_boosting,12003,50,55,0.30750511,0.29393939
endpoint_nearest,ridge_dynamic_context,12040,10,138,0.26244335,0.12236609
endpoint_nearest,ridge_dynamic_context,12040,20,118,0.07430151,0.11148605
endpoint_nearest,ridge_dynamic_context,12040,30,97,0.15613656,0.19065590
endpoint_nearest,ridge_dynamic_context,12040,40,79,0.27597373,0.27078870
endpoint_nearest,ridge_dynamic_context,12040,50,65,0.36938086,0.33513986
endpoint_nearest,extra_trees,12040,10,138,0.28884744,0.17537198
endpoint_nearest,extra_trees,12040,20,118,0.08921709,0.18264985
endpoint_nearest,extra_trees,12040,30,97,0.18144207,0.28923838
endpoint_nearest,extra_trees,12040,40,79,0.28816297,0.33378773
endpoint_nearest,extra_trees,12040,50,65,0.37510158,0.39396853
endpoint_nearest,hist_gradient_boosting,12040,10,138,0.31175612,0.16186480
endpoint_nearest,hist_gradient_boosting,12040,20,118,0.04471445,0.15714395
endpoint_nearest,hist_gradient_boosting,12040,30,97,0.17522019,0.28896223
endpoint_nearest,hist_gradient_boosting,12040,40,79,0.27558121,0.33218111
endpoint_nearest,hist_gradient_boosting,12040,50,65,0.34233854,0.38138112
endpoint_nearest,ridge_dynamic_context,12077,10,140,0.47803917,0.25615010
endpoint_nearest,ridge_dynamic_context,12077,20,116,0.51160606,0.25717141
endpoint_nearest,ridge_dynamic_context,12077,30,91,0.51809246,0.22385730
endpoint_nearest,ridge_dynamic_context,12077,40,76,0.60305674,0.29738893
endpoint_nearest,ridge_dynamic_context,12077,50,64,0.34211562,0.26666667
endpoint_nearest,extra_trees,12077,10,140,0.49227673,0.25134373
endpoint_nearest,extra_trees,12077,20,116,0.51976543,0.30543190
endpoint_nearest,extra_trees,12077,30,91,0.53702733,0.27830865
endpoint_nearest,extra_trees,12077,40,76,0.60555097,0.33156528
endpoint_nearest,extra_trees,12077,50,64,0.31386491,0.29345238
endpoint_nearest,hist_gradient_boosting,12077,10,140,0.53104244,0.29837965
endpoint_nearest,hist_gradient_boosting,12077,20,116,0.50944270,0.29185407
endpoint_nearest,hist_gradient_boosting,12077,30,91,0.53682800,0.27560121
endpoint_nearest,hist_gradient_boosting,12077,40,76,0.61625052,0.34523582
endpoint_nearest,hist_gradient_boosting,12077,50,64,0.32671966,0.31190476
endpoint_nearest,ridge_dynamic_context,12114,10,135,0.26392429,0.09581504
endpoint_nearest,ridge_dynamic_context,12114,20,106,0.41872439,0.16431972
endpoint_nearest,ridge_dynamic_context,12114,30,86,0.12208366,0.10803340
endpoint_nearest,ridge_dynamic_context,12114,40,72,0.18681007,0.14560422
endpoint_nearest,ridge_dynamic_context,12114,50,57,0.23999122,0.15283899
endpoint_nearest,extra_trees,12114,10,135,0.30105294,0.14202029
endpoint_nearest,extra_trees,12114,20,106,0.45311363,0.20732549
endpoint_nearest,extra_trees,12114,30,86,0.18585618,0.17245153
endpoint_nearest,extra_trees,12114,40,72,0.26475961,0.19879092
endpoint_nearest,extra_trees,12114,50,57,0.25228367,0.15348717
endpoint_nearest,hist_gradient_boosting,12114,10,135,0.31977749,0.19314213
endpoint_nearest,hist_gradient_boosting,12114,20,106,0.48826659,0.27972391
endpoint_nearest,hist_gradient_boosting,12114,30,86,0.22730221,0.25234209
endpoint_nearest,hist_gradient_boosting,12114,40,72,0.31377295,0.28246189
endpoint_nearest,hist_gradient_boosting,12114,50,57,0.28056305,0.22050817
endpoint_nearest,ridge_dynamic_context,12151,10,144,0.27636751,0.12346274
endpoint_nearest,ridge_dynamic_context,12151,20,119,0.38735187,0.13066515
endpoint_nearest,ridge_dynamic_context,12151,30,95,0.11623777,0.08577828
endpoint_nearest,ridge_dynamic_context,12151,40,81,0.14348406,0.11093044
endpoint_nearest,ridge_dynamic_context,12151,50,61,0.14945456,0.10920148
endpoint_nearest,extra_trees,12151,10,144,0.29473038,0.12371996
endpoint_nearest,extra_trees,12151,20,119,0.43373749,0.17315909
endpoint_nearest,extra_trees,12151,30,95,0.15417042,0.12211646
endpoint_nearest,extra_trees,12151,40,81,0.17699686,0.16142728
endpoint_nearest,extra_trees,12151,50,61,0.20436491,0.18127975
endpoint_nearest,hist_gradient_boosting,12151,10,144,0.30098095,0.17119605
endpoint_nearest,hist_gradient_boosting,12151,20,119,0.44589675,0.20612448
endpoint_nearest,hist_gradient_boosting,12151,30,95,0.15841215,0.15625700
endpoint_nearest,hist_gradient_boosting,12151,40,81,0.17906238,0.18197832
endpoint_nearest,hist_gradient_boosting,12151,50,61,0.20878263,0.21961925
endpoint_nearest,ridge_dynamic_context,12188,10,137,0.15082964,0.10709485
endpoint_nearest,ridge_dynamic_context,12188,20,112,0.36280466,0.16512625
endpoint_nearest,ridge_dynamic_context,12188,30,86,0.53202839,0.26373886
endpoint_nearest,ridge_dynamic_context,12188,40,75,0.56334401,0.27382646
endpoint_nearest,ridge_dynamic_context,12188,50,57,0.22862162,0.28253824
endpoint_nearest,extra_trees,12188,10,137,0.22218257,0.21673325
endpoint_nearest,extra_trees,12188,20,112,0.46248304,0.29650289
endpoint_nearest,extra_trees,12188,30,86,0.61303635,0.35030898
endpoint_nearest,extra_trees,12188,40,75,0.62878095,0.33655761
endpoint_nearest,extra_trees,12188,50,57,0.26739789,0.29861291
endpoint_nearest,hist_gradient_boosting,12188,10,137,0.23126084,0.25700991
endpoint_nearest,hist_gradient_boosting,12188,20,112,0.46583451,0.32901391
endpoint_nearest,hist_gradient_boosting,12188,30,86,0.61224616,0.40402849
endpoint_nearest,hist_gradient_boosting,12188,40,75,0.63366387,0.40532006
endpoint_nearest,hist_gradient_boosting,12188,50,57,0.32822681,0.42183044
endpoint_nearest,ridge_dynamic_context,12225,10,135,0.35033464,0.26355478
endpoint_nearest,ridge_dynamic_context,12225,20,111,0.41625137,0.21584767
endpoint_nearest,ridge_dynamic_context,12225,30,86,0.31939683,0.26858814
endpoint_nearest,ridge_dynamic_context,12225,40,70,0.28923145,0.23698714
endpoint_nearest,ridge_dynamic_context,12225,50,50,0.19160402,0.09013205
endpoint_nearest,extra_trees,12225,10,135,0.45338550,0.30407765
endpoint_nearest,extra_trees,12225,20,111,0.50036339,0.28703931
endpoint_nearest,extra_trees,12225,30,86,0.36565444,0.30864663
endpoint_nearest,extra_trees,12225,40,70,0.33411539,0.28037792
endpoint_nearest,extra_trees,12225,50,50,0.23734741,0.15265306
endpoint_nearest,hist_gradient_boosting,12225,10,135,0.43125474,0.31635938
endpoint_nearest,hist_gradient_boosting,12225,20,111,0.48704375,0.31373289
endpoint_nearest,hist_gradient_boosting,12225,30,86,0.36134488,0.35327138
endpoint_nearest,hist_gradient_boosting,12225,40,70,0.32305304,0.32782784
endpoint_nearest,hist_gradient_boosting,12225,50,50,0.26392517,0.20163265
endpoint_nearest,ridge_dynamic_context,12262,10,127,0.28026523,0.05470215
endpoint_nearest,ridge_dynamic_context,12262,20,106,0.36591191,0.09103459
endpoint_nearest,ridge_dynamic_context,12262,30,79,0.48501223,0.14566699
endpoint_nearest,ridge_dynamic_context,12262,40,64,0.11066772,0.11286630
endpoint_nearest,ridge_dynamic_context,12262,50,46,0.12865883,0.17927845
endpoint_nearest,extra_trees,12262,10,127,0.40216495,0.19948678
endpoint_nearest,extra_trees,12262,20,106,0.46326932,0.19630199
endpoint_nearest,extra_trees,12262,30,79,0.56768987,0.23186465
endpoint_nearest,extra_trees,12262,40,64,0.17606334,0.19945055
endpoint_nearest,extra_trees,12262,50,46,0.21518063,0.26204132
endpoint_nearest,hist_gradient_boosting,12262,10,127,0.35608122,0.15377765
endpoint_nearest,hist_gradient_boosting,12262,20,106,0.43084834,0.17682445
endpoint_nearest,hist_gradient_boosting,12262,30,79,0.52090596,0.19768744
endpoint_nearest,hist_gradient_boosting,12262,40,64,0.15087932,0.20380037
endpoint_nearest,hist_gradient_boosting,12262,50,46,0.19364317,0.25205057
endpoint_nearest,ridge_dynamic_context,12299,10,134,0.23468814,0.12922605
endpoint_nearest,ridge_dynamic_context,12299,20,113,0.34284556,0.13992115
endpoint_nearest,ridge_dynamic_context,12299,30,95,0.50632745,0.23796193
endpoint_nearest,ridge_dynamic_context,12299,40,79,0.34670759,0.29203992
endpoint_nearest,ridge_dynamic_context,12299,50,63,0.39930998,0.32680492
endpoint_nearest,extra_trees,12299,10,134,0.27999587,0.16870784
endpoint_nearest,extra_trees,12299,20,113,0.41732465,0.19435758
endpoint_nearest,extra_trees,12299,30,95,0.56563167,0.30615901
endpoint_nearest,extra_trees,12299,40,79,0.36184495,0.33897274
endpoint_nearest,extra_trees,12299,50,63,0.39602995,0.35397465
endpoint_nearest,hist_gradient_boosting,12299,10,134,0.35243444,0.21603511
endpoint_nearest,hist_gradient_boosting,12299,20,113,0.43319897,0.22881596
endpoint_nearest,hist_gradient_boosting,12299,30,95,0.55612770,0.31325588
endpoint_nearest,hist_gradient_boosting,12299,40,79,0.35613464,0.35443038
endpoint_nearest,hist_gradient_boosting,12299,50,63,0.39075379,0.37303187
endpoint_nearest,ridge_dynamic_context,12336,10,136,0.29317072,0.15486379
endpoint_nearest,ridge_dynamic_context,12336,20,116,0.41893174,0.15232384
endpoint_nearest,ridge_dynamic_context,12336,30,99,0.22596915,0.15294991
endpoint_nearest,ridge_dynamic_context,12336,40,77,0.25554400,0.18331668
endpoint_nearest,ridge_dynamic_context,12336,50,59,0.28951837,0.20210403
endpoint_nearest,extra_trees,12336,10,136,0.33178110,0.19434187
endpoint_nearest,extra_trees,12336,20,116,0.48368356,0.24450083
endpoint_nearest,extra_trees,12336,30,99,0.30337342,0.25410019
endpoint_nearest,extra_trees,12336,40,77,0.29376344,0.26962511
endpoint_nearest,extra_trees,12336,50,59,0.33180928,0.26984220
endpoint_nearest,hist_gradient_boosting,12336,10,136,0.32880624,0.20390726
endpoint_nearest,hist_gradient_boosting,12336,20,116,0.47199756,0.24167916
endpoint_nearest,hist_gradient_boosting,12336,30,99,0.28261940,0.24329004
endpoint_nearest,hist_gradient_boosting,12336,40,77,0.26955104,0.23502813
endpoint_nearest,hist_gradient_boosting,12336,50,59,0.29497632,0.23629456
endpoint_nearest,ridge_dynamic_context,12373,10,139,0.26057805,0.12359802
endpoint_nearest,ridge_dynamic_context,12373,20,112,0.36270448,0.13275190
endpoint_nearest,ridge_dynamic_context,12373,30,85,0.41750940,0.12628493
endpoint_nearest,ridge_dynamic_context,12373,40,75,0.06440389,0.09718350
endpoint_nearest,ridge_dynamic_context,12373,50,63,0.16960145,0.22700653
endpoint_nearest,extra_trees,12373,10,139,0.29497948,0.12560436
endpoint_nearest,extra_trees,12373,20,112,0.39257508,0.17781119
endpoint_nearest,extra_trees,12373,30,85,0.46531866,0.20179793
endpoint_nearest,extra_trees,12373,40,75,0.09672326,0.16927454
endpoint_nearest,extra_trees,12373,50,63,0.14650943,0.25940860
endpoint_nearest,hist_gradient_boosting,12373,10,139,0.35094628,0.21021493
endpoint_nearest,hist_gradient_boosting,12373,20,112,0.42416960,0.22057266
endpoint_nearest,hist_gradient_boosting,12373,30,85,0.49843462,0.22849326
endpoint_nearest,hist_gradient_boosting,12373,40,75,0.16254269,0.22221906
endpoint_nearest,hist_gradient_boosting,12373,50,63,0.20569193,0.29296275
endpoint_nearest,ridge_dynamic_context,12410,10,134,0.22430192,0.10440779
endpoint_nearest,ridge_dynamic_context,12410,20,109,0.37499670,0.15038458
endpoint_nearest,ridge_dynamic_context,12410,30,88,0.47115328,0.17077595
endpoint_nearest,ridge_dynamic_context,12410,40,73,0.22998528,0.20504751
endpoint_nearest,ridge_dynamic_context,12410,50,59,0.19018713,0.17936879
endpoint_nearest,extra_trees,12410,10,134,0.31643090,0.24753675
endpoint_nearest,extra_trees,12410,20,109,0.44792797,0.27879715
endpoint_nearest,extra_trees,12410,30,88,0.57538393,0.32385263
endpoint_nearest,extra_trees,12410,40,73,0.33609573,0.33046403
endpoint_nearest,extra_trees,12410,50,59,0.29624024,0.30584454
endpoint_nearest,hist_gradient_boosting,12410,10,134,0.27854777,0.23560144
endpoint_nearest,hist_gradient_boosting,12410,20,109,0.40187716,0.24912427
endpoint_nearest,hist_gradient_boosting,12410,30,88,0.55934858,0.29352612
endpoint_nearest,hist_gradient_boosting,12410,40,73,0.31195909,0.29575466
endpoint_nearest,hist_gradient_boosting,12410,50,59,0.31785207,0.32425482
endpoint_nearest,ridge_dynamic_context,12447,10,130,0.37808024,0.26676044
endpoint_nearest,ridge_dynamic_context,12447,20,102,0.56183352,0.28537582
endpoint_nearest,ridge_dynamic_context,12447,30,78,0.31928850,0.28989997
endpoint_nearest,ridge_dynamic_context,12447,40,68,0.34771522,0.32366301
endpoint_nearest,ridge_dynamic_context,12447,50,54,0.32739559,0.26251191
endpoint_nearest,extra_trees,12447,10,130,0.42723986,0.37717571
endpoint_nearest,extra_trees,12447,20,102,0.59516443,0.38659097
endpoint_nearest,extra_trees,12447,30,78,0.40314809,0.43582999
endpoint_nearest,extra_trees,12447,40,68,0.40011936,0.42432340
endpoint_nearest,extra_trees,12447,50,54,0.38968720,0.36138746
endpoint_nearest,hist_gradient_boosting,12447,10,130,0.43154987,0.35750044
endpoint_nearest,hist_gradient_boosting,12447,20,102,0.57836058,0.38268938
endpoint_nearest,hist_gradient_boosting,12447,30,78,0.33726920,0.40391254
endpoint_nearest,hist_gradient_boosting,12447,40,68,0.33195629,0.40745123
endpoint_nearest,hist_gradient_boosting,12447,50,54,0.34173345,0.35147703
endpoint_nearest,ridge_dynamic_context,12484,10,137,0.28782172,0.06186645
endpoint_nearest,ridge_dynamic_context,12484,20,112,0.37931579,0.09708033
endpoint_nearest,ridge_dynamic_context,12484,30,94,0.41362785,0.10846368
endpoint_nearest,ridge_dynamic_context,12484,40,82,0.44465825,0.08908262
endpoint_nearest,ridge_dynamic_context,12484,50,61,0.20182028,0.12654680
endpoint_nearest,extra_trees,12484,10,137,0.35460739,0.16288947
endpoint_nearest,extra_trees,12484,20,112,0.40846032,0.17555609
endpoint_nearest,extra_trees,12484,30,94,0.43400534,0.16233067
endpoint_nearest,extra_trees,12484,40,82,0.47882851,0.14532928
endpoint_nearest,extra_trees,12484,50,61,0.21283568,0.12781597
endpoint_nearest,hist_gradient_boosting,12484,10,137,0.34712460,0.15846977
endpoint_nearest,hist_gradient_boosting,12484,20,112,0.41641034,0.19689411
endpoint_nearest,hist_gradient_boosting,12484,30,94,0.43384874,0.16818264
endpoint_nearest,hist_gradient_boosting,12484,40,82,0.50332172,0.19465395
endpoint_nearest,hist_gradient_boosting,12484,50,61,0.27468698,0.23484929
endpoint_nearest,ridge_dynamic_context,12521,10,138,0.26071078,0.17933555
endpoint_nearest,ridge_dynamic_context,12521,20,112,0.14132748,0.19474152
endpoint_nearest,ridge_dynamic_context,12521,30,82,0.21190798,0.21226369
endpoint_nearest,ridge_dynamic_context,12521,40,66,0.34562937,0.32954806
endpoint_nearest,ridge_dynamic_context,12521,50,53,0.35786346,0.29841961
endpoint_nearest,extra_trees,12521,10,138,0.33702853,0.24797198
endpoint_nearest,extra_trees,12521,20,112,0.21451293,0.25785014
endpoint_nearest,extra_trees,12521,30,82,0.24841427,0.24271612
endpoint_nearest,extra_trees,12521,40,66,0.38138105,0.34641478
endpoint_nearest,extra_trees,12521,50,53,0.36210762,0.27858410
endpoint_nearest,hist_gradient_boosting,12521,10,138,0.31030264,0.25152458
endpoint_nearest,hist_gradient_boosting,12521,20,112,0.17688795,0.26850207
endpoint_nearest,hist_gradient_boosting,12521,30,82,0.24652365,0.27371274
endpoint_nearest,hist_gradient_boosting,12521,40,66,0.35049826,0.35058971
endpoint_nearest,hist_gradient_boosting,12521,50,53,0.34204759,0.31357846
endpoint_nearest,ridge_dynamic_context,12558,10,136,0.32032077,0.19951815
endpoint_nearest,ridge_dynamic_context,12558,20,114,0.40490396,0.19189162
endpoint_nearest,ridge_dynamic_context,12558,30,90,0.56669657,0.34090628
endpoint_nearest,ridge_dynamic_context,12558,40,74,0.59183504,0.34291003
endpoint_nearest,ridge_dynamic_context,12558,50,58,0.44077277,0.37869513
endpoint_nearest,extra_trees,12558,10,136,0.39657615,0.31570536
endpoint_nearest,extra_trees,12558,20,114,0.48966286,0.34703631
endpoint_nearest,extra_trees,12558,30,90,0.59288138,0.42137712
endpoint_nearest,extra_trees,12558,40,74,0.60716080,0.38067382
endpoint_nearest,extra_trees,12558,50,58,0.42502360,0.41185518
endpoint_nearest,hist_gradient_boosting,12558,10,136,0.33700288,0.24534135
endpoint_nearest,hist_gradient_boosting,12558,20,114,0.43544165,0.29745449
endpoint_nearest,hist_gradient_boosting,12558,30,90,0.58553955,0.38734823
endpoint_nearest,hist_gradient_boosting,12558,40,74,0.61697667,0.38165124
endpoint_nearest,hist_gradient_boosting,12558,50,58,0.43668261,0.40207327
endpoint_nearest,ridge_dynamic_context,12595,10,138,0.27408372,0.21524513
endpoint_nearest,ridge_dynamic_context,12595,20,110,0.44757797,0.24940153
endpoint_nearest,ridge_dynamic_context,12595,30,93,0.53062602,0.29151622
endpoint_nearest,ridge_dynamic_context,12595,40,79,0.56989202,0.30279942
endpoint_nearest,ridge_dynamic_context,12595,50,62,0.32931261,0.31993654
endpoint_nearest,extra_trees,12595,10,138,0.29368285,0.20549146
endpoint_nearest,extra_trees,12595,20,110,0.49209969,0.26747064
endpoint_nearest,extra_trees,12595,30,93,0.56417900,0.28665214
endpoint_nearest,extra_trees,12595,40,79,0.61300831,0.32558423
endpoint_nearest,extra_trees,12595,50,62,0.31454053,0.32200146
endpoint_nearest,hist_gradient_boosting,12595,10,138,0.35996675,0.23584382
endpoint_nearest,hist_gradient_boosting,12595,20,110,0.49703055,0.28452088
endpoint_nearest,hist_gradient_boosting,12595,30,93,0.56585670,0.31664230
endpoint_nearest,hist_gradient_boosting,12595,40,79,0.61140341,0.34535054
endpoint_nearest,hist_gradient_boosting,12595,50,62,0.31958679,0.35700436
endpoint_nearest,ridge_dynamic_context,12632,10,132,0.19696869,0.09122216
endpoint_nearest,ridge_dynamic_context,12632,20,112,0.34339586,0.18103154
endpoint_nearest,ridge_dynamic_context,12632,30,89,0.41440859,0.24666326
endpoint_nearest,ridge_dynamic_context,12632,40,71,0.30905207,0.22303823
endpoint_nearest,ridge_dynamic_context,12632,50,56,0.38724385,0.25864662
endpoint_nearest,extra_trees,12632,10,132,0.28368272,0.20673822
endpoint_nearest,extra_trees,12632,20,112,0.41616659,0.28423651
endpoint_nearest,extra_trees,12632,30,89,0.46806515,0.32848144
endpoint_nearest,extra_trees,12632,40,71,0.33885168,0.31006036
endpoint_nearest,extra_trees,12632,50,56,0.41363190,0.32344498
endpoint_nearest,hist_gradient_boosting,12632,10,132,0.27359926,0.20544421
endpoint_nearest,hist_gradient_boosting,12632,20,112,0.40492511,0.28392046
endpoint_nearest,hist_gradient_boosting,12632,30,89,0.47482223,0.32139939
endpoint_nearest,hist_gradient_boosting,12632,40,71,0.34913577,0.30503018
endpoint_nearest,hist_gradient_boosting,12632,50,56,0.39952466,0.32542720
endpoint_nearest,ridge_dynamic_context,12669,10,139,0.18228375,0.04978328
endpoint_nearest,ridge_dynamic_context,12669,20,110,0.38479818,0.14968780
endpoint_nearest,ridge_dynamic_context,12669,30,91,0.53099186,0.22368211
endpoint_nearest,ridge_dynamic_context,12669,40,71,0.28815998,0.22585513
endpoint_nearest,ridge_dynamic_context,12669,50,55,0.22566009,0.15425685
endpoint_nearest,extra_trees,12669,10,139,0.20631391,0.11191742
endpoint_nearest,extra_trees,12669,20,110,0.45036789,0.23447017
endpoint_nearest,extra_trees,12669,30,91,0.60418354,0.33949674
endpoint_nearest,extra_trees,12669,40,71,0.29847613,0.25781355
endpoint_nearest,extra_trees,12669,50,55,0.23777083,0.18448773
endpoint_nearest,hist_gradient_boosting,12669,10,139,0.20627838,0.10395013
endpoint_nearest,hist_gradient_boosting,12669,20,110,0.40974371,0.22097243
endpoint_nearest,hist_gradient_boosting,12669,30,91,0.57398021,0.32806179
endpoint_nearest,hist_gradient_boosting,12669,40,71,0.24265830,0.26592891
endpoint_nearest,hist_gradient_boosting,12669,50,55,0.17136218,0.18629149
endpoint_nearest,ridge_dynamic_context,12706,10,140,0.24227034,0.12171175
endpoint_nearest,ridge_dynamic_context,12706,20,111,0.44091981,0.19225167
endpoint_nearest,ridge_dynamic_context,12706,30,87,0.51124972,0.20757090
endpoint_nearest,ridge_dynamic_context,12706,40,69,0.61070588,0.22820607
endpoint_nearest,ridge_dynamic_context,12706,50,55,0.44244343,0.36594517
endpoint_nearest,extra_trees,12706,10,140,0.21260841,0.08005948
endpoint_nearest,extra_trees,12706,20,111,0.45065161,0.22005090
endpoint_nearest,extra_trees,12706,30,87,0.50897135,0.19566961
endpoint_nearest,extra_trees,12706,40,69,0.64123808,0.23430764
endpoint_nearest,extra_trees,12706,50,55,0.40544374,0.27056277
endpoint_nearest,hist_gradient_boosting,12706,10,140,0.28453498,0.13837003
endpoint_nearest,hist_gradient_boosting,12706,20,111,0.46143342,0.26357494
endpoint_nearest,hist_gradient_boosting,12706,30,87,0.52267512,0.23529197
endpoint_nearest,hist_gradient_boosting,12706,40,69,0.65392792,0.27519182
endpoint_nearest,hist_gradient_boosting,12706,50,55,0.39489279,0.32258297
endpoint_nearest,ridge_dynamic_context,12743,10,128,0.31244805,0.18793490
endpoint_nearest,ridge_dynamic_context,12743,20,106,0.53319242,0.32252815
endpoint_nearest,ridge_dynamic_context,12743,30,81,0.63539643,0.41309846
endpoint_nearest,ridge_dynamic_context,12743,40,63,0.65584083,0.37178379
endpoint_nearest,ridge_dynamic_context,12743,50,51,0.39353982,0.37420814
endpoint_nearest,extra_trees,12743,10,128,0.31856113,0.19499634
endpoint_nearest,extra_trees,12743,20,106,0.53048028,0.30972114
endpoint_nearest,extra_trees,12743,30,81,0.65403230,0.44229901
endpoint_nearest,extra_trees,12743,40,63,0.70877980,0.46078149
endpoint_nearest,extra_trees,12743,50,51,0.42669980,0.42769231
endpoint_nearest,hist_gradient_boosting,12743,10,128,0.33337049,0.23137933
endpoint_nearest,hist_gradient_boosting,12743,20,106,0.54859183,0.34380936
endpoint_nearest,hist_gradient_boosting,12743,30,81,0.65417322,0.45049684
endpoint_nearest,hist_gradient_boosting,12743,40,63,0.68744502,0.46586982
endpoint_nearest,hist_gradient_boosting,12743,50,51,0.43189044,0.46262443
endpoint_nearest,ridge_dynamic_context,12780,10,135,0.20257895,0.14781972
endpoint_nearest,ridge_dynamic_context,12780,20,111,0.21069547,0.10856441
endpoint_nearest,ridge_dynamic_context,12780,30,89,0.12735517,0.13353762
endpoint_nearest,ridge_dynamic_context,12780,40,75,0.07860107,0.07007112
endpoint_nearest,ridge_dynamic_context,12780,50,56,0.07993346,0.07416268
endpoint_nearest,extra_trees,12780,10,135,0.26681677,0.17470491
endpoint_nearest,extra_trees,12780,20,111,0.27815217,0.15189540
endpoint_nearest,extra_trees,12780,30,89,0.19635028,0.21472591
endpoint_nearest,extra_trees,12780,40,75,0.12527018,0.13351351
endpoint_nearest,extra_trees,12780,50,56,0.14231352,0.15420369
endpoint_nearest,hist_gradient_boosting,12780,10,135,0.27464872,0.22665106
endpoint_nearest,hist_gradient_boosting,12780,20,111,0.27761971,0.19767462
endpoint_nearest,hist_gradient_boosting,12780,30,89,0.18627942,0.24063670
endpoint_nearest,hist_gradient_boosting,12780,40,75,0.12099493,0.16753912
endpoint_nearest,hist_gradient_boosting,12780,50,56,0.16965103,0.22214627
endpoint_nearest,ridge_dynamic_context,12817,10,127,0.21407221,0.09235564
endpoint_nearest,ridge_dynamic_context,12817,20,107,0.31264855,0.12257293
endpoint_nearest,ridge_dynamic_context,12817,30,85,0.44167683,0.24213406
endpoint_nearest,ridge_dynamic_context,12817,40,69,0.46363910,0.21304348
endpoint_nearest,ridge_dynamic_context,12817,50,46,0.12229448,0.17459143
endpoint_nearest,extra_trees,12817,10,127,0.28367391,0.14831740
endpoint_nearest,extra_trees,12817,20,107,0.36190409,0.17251514
endpoint_nearest,extra_trees,12817,30,85,0.50895116,0.32896228
endpoint_nearest,extra_trees,12817,40,69,0.52556003,0.28933138
endpoint_nearest,extra_trees,12817,50,46,0.13552756,0.21085415
endpoint_nearest,hist_gradient_boosting,12817,10,127,0.24270004,0.13635405
endpoint_nearest,hist_gradient_boosting,12817,20,107,0.35791006,0.20173789
endpoint_nearest,hist_gradient_boosting,12817,30,85,0.49854998,0.34070745
endpoint_nearest,hist_gradient_boosting,12817,40,69,0.53441841,0.32009499
endpoint_nearest,hist_gradient_boosting,12817,50,46,0.19500587,0.28695652
endpoint_nearest,ridge_dynamic_context,12854,10,137,0.32896477,0.17509381
endpoint_nearest,ridge_dynamic_context,12854,20,109,0.44702653,0.15852099
endpoint_nearest,ridge_dynamic_context,12854,30,84,0.27853761,0.24495292
endpoint_nearest,ridge_dynamic_context,12854,40,74,0.29756296,0.29178823
endpoint_nearest,ridge_dynamic_context,12854,50,58,0.33251338,0.31120613
endpoint_nearest,extra_trees,12854,10,137,0.35032922,0.27617750
endpoint_nearest,extra_trees,12854,20,109,0.54232818,0.32669817
endpoint_nearest,extra_trees,12854,30,84,0.38342686,0.36091931
endpoint_nearest,extra_trees,12854,40,74,0.40160840,0.40386524
endpoint_nearest,extra_trees,12854,50,58,0.40182312,0.38583162
endpoint_nearest,hist_gradient_boosting,12854,10,137,0.36491782,0.25741595
endpoint_nearest,hist_gradient_boosting,12854,20,109,0.49135673,0.28152164
endpoint_nearest,hist_gradient_boosting,12854,30,84,0.31031925,0.32833856
endpoint_nearest,hist_gradient_boosting,12854,40,74,0.32932738,0.37214365
endpoint_nearest,hist_gradient_boosting,12854,50,58,0.31785865,0.33981359
endpoint_nearest,ridge_dynamic_context,12891,10,140,0.19714691,0.10351840
endpoint_nearest,ridge_dynamic_context,12891,20,120,0.28845303,0.14826724
endpoint_nearest,ridge_dynamic_context,12891,30,88,0.35436112,0.15652848
endpoint_nearest,ridge_dynamic_context,12891,40,78,0.19079223,0.15861354
endpoint_nearest,ridge_dynamic_context,12891,50,62,0.25151169,0.23804487
endpoint_nearest,extra_trees,12891,10,140,0.18437095,0.11057270
endpoint_nearest,extra_trees,12891,20,120,0.28884334,0.17451906
endpoint_nearest,extra_trees,12891,30,88,0.37468500,0.17297735
endpoint_nearest,extra_trees,12891,40,78,0.17873813,0.16898292
endpoint_nearest,extra_trees,12891,50,62,0.23040836,0.21865478
endpoint_nearest,hist_gradient_boosting,12891,10,140,0.19233972,0.15005139
endpoint_nearest,hist_gradient_boosting,12891,20,120,0.30353339,0.21929995
endpoint_nearest,hist_gradient_boosting,12891,30,88,0.38644903,0.22128491
endpoint_nearest,hist_gradient_boosting,12891,40,78,0.19077712,0.20997989
endpoint_nearest,hist_gradient_boosting,12891,50,62,0.26969713,0.30089900
endpoint_nearest,ridge_dynamic_context,12928,10,140,0.23403173,0.09721196
endpoint_nearest,ridge_dynamic_context,12928,20,118,0.40182613,0.15781593
endpoint_nearest,ridge_dynamic_context,12928,30,94,0.23371143,0.18809378
endpoint_nearest,ridge_dynamic_context,12928,40,80,0.33888512,0.27458978
endpoint_nearest,ridge_dynamic_context,12928,50,65,0.38340516,0.27084790
endpoint_nearest,extra_trees,12928,10,140,0.23380887,0.10937876
endpoint_nearest,extra_trees,12928,20,118,0.44398304,0.26068680
endpoint_nearest,extra_trees,12928,30,94,0.25434068,0.25883755
endpoint_nearest,extra_trees,12928,40,80,0.35969493,0.33701360
endpoint_nearest,extra_trees,12928,50,65,0.38235396,0.31857517
endpoint_nearest,hist_gradient_boosting,12928,10,140,0.26271056,0.19034790
endpoint_nearest,hist_gradient_boosting,12928,20,118,0.44200037,0.27444042
endpoint_nearest,hist_gradient_boosting,12928,30,94,0.26425904,0.28611783
endpoint_nearest,hist_gradient_boosting,12928,40,80,0.34175466,0.33924051
endpoint_nearest,hist_gradient_boosting,12928,50,65,0.35679552,0.32482517
endpoint_nearest,ridge_dynamic_context,12965,10,137,0.26041157,0.08837997
endpoint_nearest,ridge_dynamic_context,12965,20,116,0.40090291,0.11353554
endpoint_nearest,ridge_dynamic_context,12965,30,95,0.45142119,0.13145297
endpoint_nearest,ridge_dynamic_context,12965,40,77,0.53574016,0.16565014
endpoint_nearest,ridge_dynamic_context,12965,50,55,0.28737014,0.17056277
endpoint_nearest,extra_trees,12965,10,137,0.28896932,0.16430358
endpoint_nearest,extra_trees,12965,20,116,0.46396288,0.20580479
endpoint_nearest,extra_trees,12965,30,95,0.52880727,0.25089586
endpoint_nearest,extra_trees,12965,40,77,0.58450629,0.24002313
endpoint_nearest,extra_trees,12965,50,55,0.30213166,0.22164502
endpoint_nearest,hist_gradient_boosting,12965,10,137,0.37060802,0.22298710
endpoint_nearest,hist_gradient_boosting,12965,20,116,0.46897024,0.23711990
endpoint_nearest,hist_gradient_boosting,12965,30,95,0.51412111,0.23761198
endpoint_nearest,hist_gradient_boosting,12965,40,77,0.59804774,0.26583942
endpoint_nearest,hist_gradient_boosting,12965,50,55,0.32188422,0.24776335
endpoint_nearest,ridge_dynamic_context,13002,10,136,0.14718414,-0.00503793
endpoint_nearest,ridge_dynamic_context,13002,20,108,0.37296461,0.08569360
endpoint_nearest,ridge_dynamic_context,13002,30,89,0.41953639,0.09443309
endpoint_nearest,ridge_dynamic_context,13002,40,75,0.14789886,0.08076814
endpoint_nearest,ridge_dynamic_context,13002,50,60,0.19530361,0.13553765
endpoint_nearest,extra_trees,13002,10,136,0.18471585,0.03709270
endpoint_nearest,extra_trees,13002,20,108,0.45377901,0.17103471
endpoint_nearest,extra_trees,13002,30,89,0.49641457,0.16258086
endpoint_nearest,extra_trees,13002,40,75,0.21290647,0.17541963
endpoint_nearest,extra_trees,13002,50,60,0.26504690,0.22667408
endpoint_nearest,hist_gradient_boosting,13002,10,136,0.19212659,0.06532608
endpoint_nearest,hist_gradient_boosting,13002,20,108,0.42421781,0.16422304
endpoint_nearest,hist_gradient_boosting,13002,30,89,0.48517383,0.17574055
endpoint_nearest,hist_gradient_boosting,13002,40,75,0.17460293,0.17359886
endpoint_nearest,hist_gradient_boosting,13002,50,60,0.24279202,0.26212837
endpoint_nearest,ridge_dynamic_context,13039,10,138,0.21868930,0.07208629
endpoint_nearest,ridge_dynamic_context,13039,20,116,0.07971239,0.09416830
endpoint_nearest,ridge_dynamic_context,13039,30,95,0.08361994,0.08748600
endpoint_nearest,ridge_dynamic_context,13039,40,78,0.19337100,0.18850769
endpoint_nearest,ridge_dynamic_context,13039,50,57,0.32804818,0.31663210
endpoint_nearest,extra_trees,13039,10,138,0.28548887,0.19425830
endpoint_nearest,extra_trees,13039,20,116,0.17364531,0.17674240
endpoint_nearest,extra_trees,13039,30,95,0.18444362,0.17872340
endpoint_nearest,extra_trees,13039,40,78,0.26387110,0.25373361
endpoint_nearest,extra_trees,13039,50,57,0.35603901,0.31002074
endpoint_nearest,hist_gradient_boosting,13039,10,138,0.25664158,0.17023487
endpoint_nearest,hist_gradient_boosting,13039,20,116,0.14946398,0.17967170
endpoint_nearest,hist_gradient_boosting,13039,30,95,0.19220471,0.18798992
endpoint_nearest,hist_gradient_boosting,13039,40,78,0.27308842,0.26516521
endpoint_nearest,hist_gradient_boosting,13039,50,57,0.38645043,0.34281825
endpoint_nearest,ridge_dynamic_context,13076,10,140,0.30083921,0.14269970
endpoint_nearest,ridge_dynamic_context,13076,20,119,0.34794802,0.09217348
endpoint_nearest,ridge_dynamic_context,13076,30,97,0.43583687,0.12212024
endpoint_nearest,ridge_dynamic_context,13076,40,77,0.17101780,0.09771807
endpoint_nearest,ridge_dynamic_context,13076,50,56,0.18752266,0.09220779
endpoint_nearest,extra_trees,13076,10,140,0.32376526,0.16030701
endpoint_nearest,extra_trees,13076,20,119,0.35554026,0.11147272
endpoint_nearest,extra_trees,13076,30,97,0.47365826,0.18759205
endpoint_nearest,extra_trees,13076,40,77,0.20317801,0.16018192
endpoint_nearest,extra_trees,13076,50,56,0.18341145,0.13930280
endpoint_nearest,hist_gradient_boosting,13076,10,140,0.30128702,0.14103343
endpoint_nearest,hist_gradient_boosting,13076,20,119,0.33548634,0.11191426
endpoint_nearest,hist_gradient_boosting,13076,30,97,0.43898719,0.16396223
endpoint_nearest,hist_gradient_boosting,13076,40,77,0.22028168,0.20282349
endpoint_nearest,hist_gradient_boosting,13076,50,56,0.18562528,0.18557758
endpoint_nearest,ridge_dynamic_context,13113,10,138,0.21210195,0.11188637
endpoint_nearest,ridge_dynamic_context,13113,20,117,0.42502042,0.20996868
endpoint_nearest,ridge_dynamic_context,13113,30,92,0.46321138,0.19616849
endpoint_nearest,ridge_dynamic_context,13113,40,81,0.27856560,0.26255646
endpoint_nearest,ridge_dynamic_context,13113,50,69,0.27347192,0.27453416
endpoint_nearest,extra_trees,13113,10,138,0.23822999,0.13335266
endpoint_nearest,extra_trees,13113,20,117,0.41125329,0.22741237
endpoint_nearest,extra_trees,13113,30,92,0.47276665,0.18118768
endpoint_nearest,extra_trees,13113,40,81,0.23966188,0.23143631
endpoint_nearest,extra_trees,13113,50,69,0.27791030,0.26861527
endpoint_nearest,hist_gradient_boosting,13113,10,138,0.22847436,0.12588216
endpoint_nearest,hist_gradient_boosting,13113,20,117,0.39642558,0.21487659
endpoint_nearest,hist_gradient_boosting,13113,30,92,0.46633619,0.18581138
endpoint_nearest,hist_gradient_boosting,13113,40,81,0.22471845,0.22382565
endpoint_nearest,hist_gradient_boosting,13113,50,69,0.27227308,0.27910121
endpoint_nearest,ridge_dynamic_context,13150,10,136,0.20572681,0.07909928
endpoint_nearest,ridge_dynamic_context,13150,20,114,0.37643527,0.12264231
endpoint_nearest,ridge_dynamic_context,13150,30,93,0.46147733,0.16091731
endpoint_nearest,ridge_dynamic_context,13150,40,75,0.22088291,0.19374111
endpoint_nearest,ridge_dynamic_context,13150,50,56,0.35401868,0.31784005
endpoint_nearest,extra_trees,13150,10,136,0.24301802,0.12069081
endpoint_nearest,extra_trees,13150,20,114,0.44119666,0.20486827
endpoint_nearest,extra_trees,13150,30,93,0.52083870,0.24175644
endpoint_nearest,extra_trees,13150,40,75,0.26940417,0.26233286
endpoint_nearest,extra_trees,13150,50,56,0.36664687,0.34306220
endpoint_nearest,hist_gradient_boosting,13150,10,136,0.23842895,0.14168217
endpoint_nearest,hist_gradient_boosting,13150,20,114,0.41956076,0.20170916
endpoint_nearest,hist_gradient_boosting,13150,30,93,0.50629514,0.21655576
endpoint_nearest,hist_gradient_boosting,13150,40,75,0.22769992,0.21752489
endpoint_nearest,hist_gradient_boosting,13150,50,56,0.32017716,0.29316473
endpoint_nearest,ridge_dynamic_context,13187,10,139,0.10968436,0.07677734
endpoint_nearest,ridge_dynamic_context,13187,20,113,0.44982821,0.25005822
endpoint_nearest,ridge_dynamic_context,13187,30,94,0.55291151,0.36569013
endpoint_nearest,ridge_dynamic_context,13187,40,79,0.57649951,0.33315482
endpoint_nearest,ridge_dynamic_context,13187,50,57,0.30124656,0.30969666
endpoint_nearest,extra_trees,13187,10,139,0.15123551,0.11260557
endpoint_nearest,extra_trees,13187,20,113,0.45335640,0.26697551
endpoint_nearest,extra_trees,13187,30,94,0.53690310,0.33619911
endpoint_nearest,extra_trees,13187,40,79,0.55553740,0.31246349
endpoint_nearest,extra_trees,13187,50,57,0.22000711,0.27728805
endpoint_nearest,hist_gradient_boosting,13187,10,139,0.17732864,0.15181197
endpoint_nearest,hist_gradient_boosting,13187,20,113,0.47941849,0.30822909
endpoint_nearest,hist_gradient_boosting,13187,30,94,0.55163448,0.37320377
endpoint_nearest,hist_gradient_boosting,13187,40,79,0.59656087,0.37147030
endpoint_nearest,hist_gradient_boosting,13187,50,57,0.29817217,0.33808660
endpoint_nearest,ridge_dynamic_context,13224,10,138,0.17629483,0.02901671
endpoint_nearest,ridge_dynamic_context,13224,20,110,0.31745290,0.09161238
endpoint_nearest,ridge_dynamic_context,13224,30,86,0.18640054,0.14295957
endpoint_nearest,ridge_dynamic_context,13224,40,77,0.24889559,0.22348704
endpoint_nearest,ridge_dynamic_context,13224,50,64,0.32429313,0.28369963
endpoint_nearest,extra_trees,13224,10,138,0.24402405,0.10109158
endpoint_nearest,extra_trees,13224,20,110,0.35270676,0.15710840
endpoint_nearest,extra_trees,13224,30,86,0.22183026,0.22949196
endpoint_nearest,extra_trees,13224,40,77,0.26958586,0.29126137
endpoint_nearest,extra_trees,13224,50,64,0.29897133,0.30022894
endpoint_nearest,hist_gradient_boosting,13224,10,138,0.26055887,0.10658030
endpoint_nearest,hist_gradient_boosting,13224,20,110,0.35327941,0.15825350
endpoint_nearest,hist_gradient_boosting,13224,30,86,0.19940271,0.22085004
endpoint_nearest,hist_gradient_boosting,13224,40,77,0.22574363,0.25937221
endpoint_nearest,hist_gradient_boosting,13224,50,64,0.25073451,0.27696886
endpoint_nearest,ridge_dynamic_context,13261,10,134,0.18193652,0.03414756
endpoint_nearest,ridge_dynamic_context,13261,20,115,0.24038656,0.05098240
endpoint_nearest,ridge_dynamic_context,13261,30,93,0.13256588,0.10386142
endpoint_nearest,ridge_dynamic_context,13261,40,70,0.25546739,0.27554895
endpoint_nearest,ridge_dynamic_context,13261,50,46,0.34938334,0.34295405
endpoint_nearest,extra_trees,13261,10,134,0.24233462,0.07204828
endpoint_nearest,extra_trees,13261,20,115,0.29426430,0.10568926
endpoint_nearest,extra_trees,13261,30,93,0.15666206,0.15675450
endpoint_nearest,extra_trees,13261,40,70,0.25221635,0.27295950
endpoint_nearest,extra_trees,13261,50,46,0.29505427,0.34431082
endpoint_nearest,hist_gradient_boosting,13261,10,134,0.25112538,0.07338994
endpoint_nearest,hist_gradient_boosting,13261,20,115,0.32464673,0.12263079
endpoint_nearest,hist_gradient_boosting,13261,30,93,0.15824307,0.16560234
endpoint_nearest,hist_gradient_boosting,13261,40,70,0.25514590,0.29241536
endpoint_nearest,hist_gradient_boosting,13261,50,46,0.32104077,0.39488128
endpoint_nearest,ridge_dynamic_context,13298,10,138,0.16783585,0.01670133
endpoint_nearest,ridge_dynamic_context,13298,20,116,0.32433719,0.11286664
endpoint_nearest,ridge_dynamic_context,13298,30,99,0.42993207,0.17628942
endpoint_nearest,ridge_dynamic_context,13298,40,83,0.50217729,0.19688510
endpoint_nearest,ridge_dynamic_context,13298,50,67,0.33647476,0.25660468
endpoint_nearest,extra_trees,13298,10,138,0.19215021,0.03012633
endpoint_nearest,extra_trees,13298,20,116,0.34070985,0.11011417
endpoint_nearest,extra_trees,13298,30,99,0.46266567,0.20258503
endpoint_nearest,extra_trees,13298,40,83,0.51301048,0.19293900
endpoint_nearest,extra_trees,13298,50,67,0.34173477,0.28278394
endpoint_nearest,hist_gradient_boosting,13298,10,138,0.25501926,0.11951213
endpoint_nearest,hist_gradient_boosting,13298,20,116,0.34684585,0.18310076
endpoint_nearest,hist_gradient_boosting,13298,30,99,0.45505939,0.25177489
endpoint_nearest,hist_gradient_boosting,13298,40,83,0.50626979,0.26126107
endpoint_nearest,hist_gradient_boosting,13298,50,67,0.33886067,0.37632692
endpoint_nearest,ridge_dynamic_context,13335,10,130,0.31949146,0.15233582
endpoint_nearest,ridge_dynamic_context,13335,20,111,0.46108149,0.20606353
endpoint_nearest,ridge_dynamic_context,13335,30,88,0.52563525,0.24150259
endpoint_nearest,ridge_dynamic_context,13335,40,71,0.32040472,0.25942321
endpoint_nearest,ridge_dynamic_context,13335,50,54,0.38128916,0.31961121
endpoint_nearest,extra_trees,13335,10,130,0.31063831,0.15063158
endpoint_nearest,extra_trees,13335,20,111,0.49114585,0.22581608
endpoint_nearest,extra_trees,13335,30,88,0.55923797,0.25805713
endpoint_nearest,extra_trees,13335,40,71,0.31776707,0.27578806
endpoint_nearest,extra_trees,13335,50,54,0.36095476,0.32769201
endpoint_nearest,hist_gradient_boosting,13335,10,130,0.32949626,0.16949296
endpoint_nearest,hist_gradient_boosting,13335,20,111,0.48274188,0.23915409
endpoint_nearest,hist_gradient_boosting,13335,30,88,0.55408308,0.26494312
endpoint_nearest,hist_gradient_boosting,13335,40,71,0.30350678,0.28340040
endpoint_nearest,hist_gradient_boosting,13335,50,54,0.37487066,0.36336954
endpoint_nearest,ridge_dynamic_context,13372,10,142,0.23054612,0.14368460
endpoint_nearest,ridge_dynamic_context,13372,20,120,0.46962365,0.20050003
endpoint_nearest,ridge_dynamic_context,13372,30,94,0.51386008,0.22469386
endpoint_nearest,ridge_dynamic_context,13372,40,77,0.28362449,0.22490667
endpoint_nearest,ridge_dynamic_context,13372,50,60,0.32554463,0.26562934
endpoint_nearest,extra_trees,13372,10,142,0.27106716,0.21589887
endpoint_nearest,extra_trees,13372,20,120,0.49755179,0.27197722
endpoint_nearest,extra_trees,13372,30,94,0.55107269,0.29387711
endpoint_nearest,extra_trees,13372,40,77,0.31097519,0.28437352
endpoint_nearest,extra_trees,13372,50,60,0.34237347,0.32192276
endpoint_nearest,hist_gradient_boosting,13372,10,142,0.33870155,0.25468418
endpoint_nearest,hist_gradient_boosting,13372,20,120,0.51936207,0.32033475
endpoint_nearest,hist_gradient_boosting,13372,30,94,0.56802021,0.33342485
endpoint_nearest,hist_gradient_boosting,13372,40,77,0.35827723,0.33111625
endpoint_nearest,hist_gradient_boosting,13372,50,60,0.40426417,0.40083356
endpoint_nearest,ridge_dynamic_context,13409,10,136,0.25924248,0.11237059
endpoint_nearest,ridge_dynamic_context,13409,20,119,0.36536946,0.16636519
endpoint_nearest,ridge_dynamic_context,13409,30,101,0.49012467,0.26080373
endpoint_nearest,ridge_dynamic_context,13409,40,80,0.52752046,0.29278012
endpoint_nearest,ridge_dynamic_context,13409,50,65,0.24977781,0.24239510
endpoint_nearest,extra_trees,13409,10,136,0.33192732,0.18911311
endpoint_nearest,extra_trees,13409,20,119,0.43811944,0.24019370
endpoint_nearest,extra_trees,13409,30,101,0.53192472,0.31904485
endpoint_nearest,extra_trees,13409,40,80,0.57223166,0.34381153
endpoint_nearest,extra_trees,13409,50,65,0.28865322,0.31700175
endpoint_nearest,hist_gradient_boosting,13409,10,136,0.29650075,0.18629359
endpoint_nearest,hist_gradient_boosting,13409,20,119,0.38851396,0.23859137
endpoint_nearest,hist_gradient_boosting,13409,30,101,0.49207246,0.30550961
endpoint_nearest,hist_gradient_boosting,13409,40,80,0.51918595,0.31345523
endpoint_nearest,hist_gradient_boosting,13409,50,65,0.22803783,0.28059441
endpoint_nearest,ridge_dynamic_context,13446,10,132,0.32932491,0.10802335
endpoint_nearest,ridge_dynamic_context,13446,20,107,0.28958160,0.06467603
endpoint_nearest,ridge_dynamic_context,13446,30,82,0.53756325,0.21716133
endpoint_nearest,ridge_dynamic_context,13446,40,69,0.61738201,0.26587505
endpoint_nearest,ridge_dynamic_context,13446,50,56,0.27969956,0.19063568
endpoint_nearest,extra_trees,13446,10,132,0.36433522,0.16425519
endpoint_nearest,extra_trees,13446,20,107,0.34440900,0.15877074
endpoint_nearest,extra_trees,13446,30,82,0.56140117,0.27295088
endpoint_nearest,extra_trees,13446,40,69,0.63491211,0.27197662
endpoint_nearest,extra_trees,13446,50,56,0.26599127,0.20649351
endpoint_nearest,hist_gradient_boosting,13446,10,132,0.35525293,0.15918352
endpoint_nearest,hist_gradient_boosting,13446,20,107,0.32915784,0.16819491
endpoint_nearest,hist_gradient_boosting,13446,30,82,0.53629461,0.27510584
endpoint_nearest,hist_gradient_boosting,13446,40,69,0.61131334,0.28209719
endpoint_nearest,hist_gradient_boosting,13446,50,56,0.25351639,0.22064252
endpoint_nearest,ridge_dynamic_context,13483,10,138,0.21531793,0.14919324
endpoint_nearest,ridge_dynamic_context,13483,20,110,0.44144174,0.27201497
endpoint_nearest,ridge_dynamic_context,13483,30,93,0.46817885,0.26756886
endpoint_nearest,ridge_dynamic_context,13483,40,79,0.53774497,0.32928432
endpoint_nearest,ridge_dynamic_context,13483,50,61,0.31992169,0.28355368
endpoint_nearest,extra_trees,13483,10,138,0.22388083,0.17752729
endpoint_nearest,extra_trees,13483,20,110,0.49743112,0.34008971
endpoint_nearest,extra_trees,13483,30,93,0.52032107,0.30307959
endpoint_nearest,extra_trees,13483,40,79,0.57786835,0.35192308
endpoint_nearest,extra_trees,13483,50,61,0.33793158,0.34775251
endpoint_nearest,hist_gradient_boosting,13483,10,138,0.22729683,0.13699202
endpoint_nearest,hist_gradient_boosting,13483,20,110,0.47340249,0.30477199
endpoint_nearest,hist_gradient_boosting,13483,30,93,0.50792326,0.28128077
endpoint_nearest,hist_gradient_boosting,13483,40,79,0.56739641,0.31837877
endpoint_nearest,hist_gradient_boosting,13483,50,61,0.32007577,0.31850873
endpoint_nearest,ridge_dynamic_context,13520,10,133,0.23769513,0.02358678
endpoint_nearest,ridge_dynamic_context,13520,20,110,0.35417026,0.10780605
endpoint_nearest,ridge_dynamic_context,13520,30,88,0.18542513,0.16121306
endpoint_nearest,ridge_dynamic_context,13520,40,71,0.24273268,0.17964453
endpoint_nearest,ridge_dynamic_context,13520,50,56,0.30022907,0.23458647
endpoint_nearest,extra_trees,13520,10,133,0.27785199,0.07483600
endpoint_nearest,extra_trees,13520,20,110,0.38507705,0.16563803
endpoint_nearest,extra_trees,13520,30,88,0.21292168,0.24629284
endpoint_nearest,extra_trees,13520,40,71,0.29891894,0.27994634
endpoint_nearest,extra_trees,13520,50,56,0.35199631,0.33397129
endpoint_nearest,hist_gradient_boosting,13520,10,133,0.28338173,0.08683853
endpoint_nearest,hist_gradient_boosting,13520,20,110,0.39940593,0.18322927
endpoint_nearest,hist_gradient_boosting,13520,30,88,0.21769123,0.25044909
endpoint_nearest,hist_gradient_boosting,13520,40,71,0.28340462,0.26643192
endpoint_nearest,hist_gradient_boosting,13520,50,56,0.31926424,0.30095694
endpoint_nearest,ridge_dynamic_context,13557,10,135,0.09140272,0.08687933
endpoint_nearest,ridge_dynamic_context,13557,20,117,0.10183226,0.10391284
endpoint_nearest,ridge_dynamic_context,13557,30,86,0.16888117,0.13514788
endpoint_nearest,ridge_dynamic_context,13557,40,74,0.29450857,0.22769345
endpoint_nearest,ridge_dynamic_context,13557,50,65,0.38654167,0.34047203
endpoint_nearest,extra_trees,13557,10,135,0.09902483,0.12407570
endpoint_nearest,extra_trees,13557,20,117,0.13058635,0.17046561
endpoint_nearest,extra_trees,13557,30,86,0.21814249,0.22835983
endpoint_nearest,extra_trees,13557,40,74,0.37289007,0.34178452
endpoint_nearest,extra_trees,13557,50,65,0.40241962,0.38028846
endpoint_nearest,hist_gradient_boosting,13557,10,135,0.18852477,0.14180080
endpoint_nearest,hist_gradient_boosting,13557,20,117,0.10937659,0.15388362
endpoint_nearest,hist_gradient_boosting,13557,30,86,0.16791134,0.22694467
endpoint_nearest,hist_gradient_boosting,13557,40,74,0.32546618,0.32724176
endpoint_nearest,hist_gradient_boosting,13557,50,65,0.34899633,0.36853147
endpoint_nearest,ridge_dynamic_context,13594,10,137,0.29500515,0.17300764
endpoint_nearest,ridge_dynamic_context,13594,20,112,0.42766357,0.24865890
endpoint_nearest,ridge_dynamic_context,13594,30,92,0.52090551,0.35097021
endpoint_nearest,ridge_dynamic_context,13594,40,74,0.39218808,0.31634210
endpoint_nearest,ridge_dynamic_context,13594,50,56,0.45357860,0.38263841
endpoint_nearest,extra_trees,13594,10,137,0.32186423,0.20125730
endpoint_nearest,extra_trees,13594,20,112,0.48200069,0.27994841
endpoint_nearest,extra_trees,13594,30,92,0.56791327,0.38916203
endpoint_nearest,extra_trees,13594,40,74,0.37369235,0.35828212
endpoint_nearest,extra_trees,13594,50,56,0.42542801,0.40553657
endpoint_nearest,hist_gradient_boosting,13594,10,137,0.32672557,0.22487259
endpoint_nearest,hist_gradient_boosting,13594,20,112,0.46729954,0.27540404
endpoint_nearest,hist_gradient_boosting,13594,30,92,0.57916384,0.38945486
endpoint_nearest,hist_gradient_boosting,13594,40,74,0.42714506,0.38171048
endpoint_nearest,hist_gradient_boosting,13594,50,56,0.47706316,0.41626794
endpoint_nearest,ridge_dynamic_context,13631,10,133,0.24009212,0.17277420
endpoint_nearest,ridge_dynamic_context,13631,20,112,0.23827825,0.12757543
endpoint_nearest,ridge_dynamic_context,13631,30,81,0.20428882,0.21560524
endpoint_nearest,ridge_dynamic_context,13631,40,62,0.39331339,0.36254438
endpoint_nearest,ridge_dynamic_context,13631,50,50,0.45613951,0.41522209
endpoint_nearest,extra_trees,13631,10,133,0.27889818,0.23022108
endpoint_nearest,extra_trees,13631,20,112,0.29828080,0.19055592
endpoint_nearest,extra_trees,13631,30,81,0.26750990,0.26924119
endpoint_nearest,extra_trees,13631,40,62,0.40278015,0.35806200
endpoint_nearest,extra_trees,13631,50,50,0.45873591,0.40686675
endpoint_nearest,hist_gradient_boosting,13631,10,133,0.26931260,0.19633038
endpoint_nearest,hist_gradient_boosting,13631,20,112,0.27324268,0.17747805
endpoint_nearest,hist_gradient_boosting,13631,30,81,0.28246973,0.27689702
endpoint_nearest,hist_gradient_boosting,13631,40,62,0.40382920,0.35917000
endpoint_nearest,hist_gradient_boosting,13631,50,50,0.44975437,0.40801921
endpoint_nearest,ridge_dynamic_context,13668,10,138,0.34506854,0.15846288
endpoint_nearest,ridge_dynamic_context,13668,20,115,0.45063738,0.20021305
endpoint_nearest,ridge_dynamic_context,13668,30,90,0.50942569,0.20726016
endpoint_nearest,ridge_dynamic_context,13668,40,67,0.60378431,0.25141671
endpoint_nearest,ridge_dynamic_context,13668,50,55,0.27368205,0.20584416
endpoint_nearest,extra_trees,13668,10,138,0.37812059,0.20198452
endpoint_nearest,extra_trees,13668,20,115,0.46108421,0.23617928
endpoint_nearest,extra_trees,13668,30,90,0.54304743,0.24787422
endpoint_nearest,extra_trees,13668,40,67,0.65093621,0.35126507
endpoint_nearest,extra_trees,13668,50,55,0.32289863,0.27518038
endpoint_nearest,hist_gradient_boosting,13668,10,138,0.39676125,0.27010952
endpoint_nearest,hist_gradient_boosting,13668,20,115,0.47776552,0.29408980
endpoint_nearest,hist_gradient_boosting,13668,30,90,0.56587043,0.31347903
endpoint_nearest,hist_gradient_boosting,13668,40,67,0.67777401,0.42337776
endpoint_nearest,hist_gradient_boosting,13668,50,55,0.38459309,0.37828283
endpoint_nearest,ridge_dynamic_context,13705,10,131,0.25001290,0.06595313
endpoint_nearest,ridge_dynamic_context,13705,20,110,0.09813005,0.11530780
endpoint_nearest,ridge_dynamic_context,13705,30,93,0.16840835,0.16857151
endpoint_nearest,ridge_dynamic_context,13705,40,76,0.32930289,0.30468900
endpoint_nearest,ridge_dynamic_context,13705,50,61,0.29616007,0.25356954
endpoint_nearest,extra_trees,13705,10,131,0.31977630,0.15947793
endpoint_nearest,extra_trees,13705,20,110,0.22431462,0.25128598
endpoint_nearest,extra_trees,13705,30,93,0.28471406,0.30621289
endpoint_nearest,extra_trees,13705,40,76,0.37930936,0.40347232
endpoint_nearest,extra_trees,13705,50,61,0.37802536,0.38572184
endpoint_nearest,hist_gradient_boosting,13705,10,131,0.29983897,0.16251001
endpoint_nearest,hist_gradient_boosting,13705,20,110,0.18418119,0.26646079
endpoint_nearest,hist_gradient_boosting,13705,30,93,0.26961887,0.32693742
endpoint_nearest,hist_gradient_boosting,13705,40,76,0.36260262,0.41069036
endpoint_nearest,hist_gradient_boosting,13705,50,61,0.35579617,0.37239556
snap_anchor,ridge_dynamic_context,10042,10,142,0.18610881,0.10108112
snap_anchor,ridge_dynamic_context,10042,20,115,0.16523050,0.07040953
snap_anchor,ridge_dynamic_context,10042,30,95,0.25352363,0.13866181
snap_anchor,ridge_dynamic_context,10042,40,76,0.32860777,0.18728640
snap_anchor,ridge_dynamic_context,10042,50,52,0.15643195,0.09843763
snap_anchor,extra_trees,10042,10,142,0.20628134,0.16140916
snap_anchor,extra_trees,10042,20,115,0.21171371,0.12929851
snap_anchor,extra_trees,10042,30,95,0.26820227,0.17875140
snap_anchor,extra_trees,10042,40,76,0.37366069,0.26493506
snap_anchor,extra_trees,10042,50,52,0.24508256,0.25638180
snap_anchor,hist_gradient_boosting,10042,10,142,0.12857309,0.07448799
snap_anchor,hist_gradient_boosting,10042,20,115,0.20933729,0.10670717
snap_anchor,hist_gradient_boosting,10042,30,95,0.28276810,0.17071669
snap_anchor,hist_gradient_boosting,10042,40,76,0.34473815,0.23212577
snap_anchor,hist_gradient_boosting,10042,50,52,0.21875149,0.17655596
snap_anchor,ridge_dynamic_context,10079,10,136,0.03408759,0.04605219
snap_anchor,ridge_dynamic_context,10079,20,119,0.20253927,0.13440393
snap_anchor,ridge_dynamic_context,10079,30,94,0.14374878,0.17410685
snap_anchor,ridge_dynamic_context,10079,40,81,0.14050870,0.15612014
snap_anchor,ridge_dynamic_context,10079,50,65,0.08925362,0.07548077
snap_anchor,extra_trees,10079,10,136,0.11220480,0.08185678
snap_anchor,extra_trees,10079,20,119,0.20393948,0.13428287
snap_anchor,extra_trees,10079,30,94,0.17293490,0.22749702
snap_anchor,extra_trees,10079,40,81,0.15779689,0.17646793
snap_anchor,extra_trees,10079,50,65,0.11204666,0.13575175
snap_anchor,hist_gradient_boosting,10079,10,136,0.06339500,0.09312533
snap_anchor,hist_gradient_boosting,10079,20,119,0.22860302,0.18626264
snap_anchor,hist_gradient_boosting,10079,30,94,0.22563662,0.24342015
snap_anchor,hist_gradient_boosting,10079,40,81,0.21802834,0.20487805
snap_anchor,hist_gradient_boosting,10079,50,65,0.17962569,0.16477273
snap_anchor,ridge_dynamic_context,10116,10,131,0.21546039,0.18187690
snap_anchor,ridge_dynamic_context,10116,20,108,0.34665748,0.24046605
snap_anchor,ridge_dynamic_context,10116,30,83,0.16230600,0.16311238
snap_anchor,ridge_dynamic_context,10116,40,73,0.13985208,0.15062323
snap_anchor,ridge_dynamic_context,10116,50,55,0.24222461,0.21847042
snap_anchor,extra_trees,10116,10,131,0.20756484,0.10823146
snap_anchor,extra_trees,10116,20,108,0.28690438,0.11490278
snap_anchor,extra_trees,10116,30,83,0.16249443,0.15572394
snap_anchor,extra_trees,10116,40,73,0.10888538,0.12341108
snap_anchor,extra_trees,10116,50,55,0.21595096,0.16183261
snap_anchor,hist_gradient_boosting,10116,10,131,0.17920137,0.12718732
snap_anchor,hist_gradient_boosting,10116,20,108,0.28070180,0.14252098
snap_anchor,hist_gradient_boosting,10116,30,83,0.16828163,0.13752571
snap_anchor,hist_gradient_boosting,10116,40,73,0.15507194,0.13294459
snap_anchor,hist_gradient_boosting,10116,50,55,0.26339387,0.23520924
snap_anchor,ridge_dynamic_context,10153,10,134,0.27063151,0.25777628
snap_anchor,ridge_dynamic_context,10153,20,111,0.20732491,0.16864689
snap_anchor,ridge_dynamic_context,10153,30,89,0.13385979,0.17216547
snap_anchor,ridge_dynamic_context,10153,40,76,0.13261571,0.18323992
snap_anchor,ridge_dynamic_context,10153,50,56,0.22798199,0.30170882
snap_anchor,extra_trees,10153,10,134,0.32397901,0.27648973
snap_anchor,extra_trees,10153,20,111,0.22512950,0.13769744
snap_anchor,extra_trees,10153,30,89,0.14132481,0.16091250
snap_anchor,extra_trees,10153,40,76,0.12133059,0.14356801
snap_anchor,extra_trees,10153,50,56,0.20202712,0.24374573
snap_anchor,hist_gradient_boosting,10153,10,134,0.26803285,0.21093779
snap_anchor,hist_gradient_boosting,10153,20,111,0.19074565,0.08836434
snap_anchor,hist_gradient_boosting,10153,30,89,0.11839221,0.10866530
snap_anchor,hist_gradient_boosting,10153,40,76,0.13184066,0.13432673
snap_anchor,hist_gradient_boosting,10153,50,56,0.18989510,0.21763500
snap_anchor,ridge_dynamic_context,10190,10,133,0.21889586,0.14248987
snap_anchor,ridge_dynamic_context,10190,20,111,0.24713130,0.12190242
snap_anchor,ridge_dynamic_context,10190,30,89,0.15463542,0.14494382
snap_anchor,ridge_dynamic_context,10190,40,80,0.10866213,0.10611814
snap_anchor,ridge_dynamic_context,10190,50,60,0.01036194,0.01889414
snap_anchor,extra_trees,10190,10,133,0.19833963,0.12009671
snap_anchor,extra_trees,10190,20,111,0.23300197,0.10603721
snap_anchor,extra_trees,10190,30,89,0.14151754,0.09560776
snap_anchor,extra_trees,10190,40,80,0.06065362,0.02156587
snap_anchor,extra_trees,10190,50,60,-0.00711687,0.01300361
snap_anchor,hist_gradient_boosting,10190,10,133,0.20753698,0.17381479
snap_anchor,hist_gradient_boosting,10190,20,111,0.27278160,0.16146894
snap_anchor,hist_gradient_boosting,10190,30,89,0.16862149,0.14594825
snap_anchor,hist_gradient_boosting,10190,40,80,0.12329262,0.10738397
snap_anchor,hist_gradient_boosting,10190,50,60,0.05602421,0.04073354
snap_anchor,ridge_dynamic_context,10227,10,137,0.15741245,0.11935987
snap_anchor,ridge_dynamic_context,10227,20,115,0.19270302,0.15843920
snap_anchor,ridge_dynamic_context,10227,30,85,0.19225116,0.19652140
snap_anchor,ridge_dynamic_context,10227,40,65,0.17642558,0.21018357
snap_anchor,ridge_dynamic_context,10227,50,54,0.29347857,0.27859729
snap_anchor,extra_trees,10227,10,137,0.12619755,0.13967555
snap_anchor,extra_trees,10227,20,115,0.12126494,0.13740235
snap_anchor,extra_trees,10227,30,85,0.16367821,0.18342779
snap_anchor,extra_trees,10227,40,65,0.14810988,0.17482517
snap_anchor,extra_trees,10227,50,54,0.33205202,0.31313131
snap_anchor,hist_gradient_boosting,10227,10,137,0.08962976,0.16006590
snap_anchor,hist_gradient_boosting,10227,20,115,0.19127626,0.18977353
snap_anchor,hist_gradient_boosting,10227,30,85,0.25354487,0.20398671
snap_anchor,hist_gradient_boosting,10227,40,65,0.29363793,0.24781469
snap_anchor,hist_gradient_boosting,10227,50,54,0.35377728,0.28164666
snap_anchor,ridge_dynamic_context,10264,10,134,0.19016194,0.13965511
snap_anchor,ridge_dynamic_context,10264,20,117,0.20704412,0.15310435
snap_anchor,ridge_dynamic_context,10264,30,95,0.30593897,0.22617581
snap_anchor,ridge_dynamic_context,10264,40,75,0.28833878,0.18566145
snap_anchor,ridge_dynamic_context,10264,50,60,0.05592759,0.09141428
snap_anchor,extra_trees,10264,10,134,0.18074895,0.12984950
snap_anchor,extra_trees,10264,20,117,0.19370627,0.12460100
snap_anchor,extra_trees,10264,30,95,0.27831315,0.14794233
snap_anchor,extra_trees,10264,40,75,0.33562026,0.20349929
snap_anchor,extra_trees,10264,50,60,0.10574845,0.14548486
snap_anchor,hist_gradient_boosting,10264,10,134,0.15970804,0.15195451
snap_anchor,hist_gradient_boosting,10264,20,117,0.21342796,0.15900133
snap_anchor,hist_gradient_boosting,10264,30,95,0.28589264,0.16226204
snap_anchor,hist_gradient_boosting,10264,40,75,0.34031439,0.23382646
snap_anchor,hist_gradient_boosting,10264,50,60,0.17664950,0.20361211
snap_anchor,ridge_dynamic_context,10301,10,129,0.01138937,0.01350626
snap_anchor,ridge_dynamic_context,10301,20,103,0.17439775,0.05262927
snap_anchor,ridge_dynamic_context,10301,30,83,0.31188186,0.12073381
snap_anchor,ridge_dynamic_context,10301,40,68,0.11007606,0.06550368
snap_anchor,ridge_dynamic_context,10301,50,52,0.07137347,0.01391616
snap_anchor,extra_trees,10301,10,129,0.17149593,0.12732558
snap_anchor,extra_trees,10301,20,103,0.25043299,0.12802574
snap_anchor,extra_trees,10301,30,83,0.35985469,0.14967885
snap_anchor,extra_trees,10301,40,68,0.24452303,0.16123984
snap_anchor,extra_trees,10301,50,52,0.24430133,0.15051652
snap_anchor,hist_gradient_boosting,10301,10,129,0.09604729,0.08719253
snap_anchor,hist_gradient_boosting,10301,20,103,0.20472352,0.10074463
snap_anchor,hist_gradient_boosting,10301,30,83,0.33187369,0.13991856
snap_anchor,hist_gradient_boosting,10301,40,68,0.20051214,0.16742375
snap_anchor,hist_gradient_boosting,10301,50,52,0.18313648,0.08802186
snap_anchor,ridge_dynamic_context,10338,10,135,0.04716922,0.08802556
snap_anchor,ridge_dynamic_context,10338,20,110,0.12901270,0.10529946
snap_anchor,ridge_dynamic_context,10338,30,91,0.12260614,0.10984233
snap_anchor,ridge_dynamic_context,10338,40,69,0.02422077,0.02349288
snap_anchor,ridge_dynamic_context,10338,50,53,-0.05806723,-0.06910176
snap_anchor,extra_trees,10338,10,135,0.06057962,0.07000293
snap_anchor,extra_trees,10338,20,110,0.13108673,0.10079120
snap_anchor,extra_trees,10338,30,91,0.16086300,0.13959229
snap_anchor,extra_trees,10338,40,69,0.01255601,0.05144319
snap_anchor,extra_trees,10338,50,53,-0.11984480,-0.03523625
snap_anchor,hist_gradient_boosting,10338,10,135,0.00764291,0.04661009
snap_anchor,hist_gradient_boosting,10338,20,110,0.10453895,0.06452675
snap_anchor,hist_gradient_boosting,10338,30,91,0.15184584,0.09960185
snap_anchor,hist_gradient_boosting,10338,40,69,-0.00366557,0.01962002
snap_anchor,hist_gradient_boosting,10338,50,53,0.01031686,-0.00757942
snap_anchor,ridge_dynamic_context,10375,10,139,0.21296157,0.16513696
snap_anchor,ridge_dynamic_context,10375,20,119,0.17433252,0.14079903
snap_anchor,ridge_dynamic_context,10375,30,89,0.13552275,0.16503235
snap_anchor,ridge_dynamic_context,10375,40,73,0.26895347,0.24361348
snap_anchor,ridge_dynamic_context,10375,50,60,0.27540136,0.22506252
snap_anchor,extra_trees,10375,10,139,0.23250094,0.15213817
snap_anchor,extra_trees,10375,20,119,0.20393354,0.10841048
snap_anchor,extra_trees,10375,30,89,0.10976860,0.15032346
snap_anchor,extra_trees,10375,40,73,0.21971380,0.23028508
snap_anchor,extra_trees,10375,50,60,0.25604578,0.23367602
snap_anchor,hist_gradient_boosting,10375,10,139,0.27375802,0.21249386
snap_anchor,hist_gradient_boosting,10375,20,119,0.26590693,0.19496510
snap_anchor,hist_gradient_boosting,10375,30,89,0.16423439,0.17225060
snap_anchor,hist_gradient_boosting,10375,40,73,0.22167987,0.19033074
snap_anchor,hist_gradient_boosting,10375,50,60,0.22654964,0.15626563
snap_anchor,ridge_dynamic_context,10412,10,132,0.13245935,0.05846504
snap_anchor,ridge_dynamic_context,10412,20,114,0.21330369,0.10310443
snap_anchor,ridge_dynamic_context,10412,30,94,0.28338008,0.12461800
snap_anchor,ridge_dynamic_context,10412,40,76,0.09840749,0.02340396
snap_anchor,ridge_dynamic_context,10412,50,66,0.13012370,0.05224924
snap_anchor,extra_trees,10412,10,132,0.20908812,0.16266377
snap_anchor,extra_trees,10412,20,114,0.32509367,0.20152285
snap_anchor,extra_trees,10412,30,94,0.37475752,0.20673337
snap_anchor,extra_trees,10412,40,76,0.24577512,0.19505126
snap_anchor,extra_trees,10412,50,66,0.27949148,0.23076923
snap_anchor,hist_gradient_boosting,10412,10,132,0.16796193,0.21110027
snap_anchor,hist_gradient_boosting,10412,20,114,0.35979703,0.27070736
snap_anchor,hist_gradient_boosting,10412,30,94,0.41215112,0.27562764
snap_anchor,hist_gradient_boosting,10412,40,76,0.27623592,0.25957621
snap_anchor,hist_gradient_boosting,10412,50,66,0.33670095,0.30817242
snap_anchor,ridge_dynamic_context,10449,10,136,0.30158339,0.20203712
snap_anchor,ridge_dynamic_context,10449,20,115,0.25613934,0.20437939
snap_anchor,ridge_dynamic_context,10449,30,89,0.38702454,0.28171604
snap_anchor,ridge_dynamic_context,10449,40,64,0.38702498,0.27010073
snap_anchor,ridge_dynamic_context,10449,50,52,0.22267945,0.21403569
snap_anchor,extra_trees,10449,10,136,0.32634030,0.27116073
snap_anchor,extra_trees,10449,20,115,0.30567105,0.28209579
snap_anchor,extra_trees,10449,30,89,0.44246668,0.34809329
snap_anchor,extra_trees,10449,40,64,0.47783843,0.37811355
snap_anchor,extra_trees,10449,50,52,0.37582123,0.37821224
snap_anchor,hist_gradient_boosting,10449,10,136,0.27073114,0.22174037
snap_anchor,hist_gradient_boosting,10449,20,115,0.29409577,0.24813383
snap_anchor,hist_gradient_boosting,10449,30,89,0.44338206,0.32107593
snap_anchor,hist_gradient_boosting,10449,40,64,0.48766892,0.31813187
snap_anchor,hist_gradient_boosting,10449,50,52,0.32332230,0.28310424
snap_anchor,ridge_dynamic_context,10486,10,137,0.21660971,0.09986559
snap_anchor,ridge_dynamic_context,10486,20,113,0.21847119,0.10472254
snap_anchor,ridge_dynamic_context,10486,30,92,0.09527910,0.09164188
snap_anchor,ridge_dynamic_context,10486,40,75,0.06640192,0.08620199
snap_anchor,ridge_dynamic_context,10486,50,55,0.09666187,0.10072150
snap_anchor,extra_trees,10486,10,137,0.26326962,0.15852110
snap_anchor,extra_trees,10486,20,113,0.25164873,0.14706567
snap_anchor,extra_trees,10486,30,92,0.13497122,0.12798422
snap_anchor,extra_trees,10486,40,75,0.11091719,0.11945946
snap_anchor,extra_trees,10486,50,55,0.14344660,0.18095238
snap_anchor,hist_gradient_boosting,10486,10,137,0.25389445,0.13837811
snap_anchor,hist_gradient_boosting,10486,20,113,0.21487766,0.10293433
snap_anchor,hist_gradient_boosting,10486,30,92,0.03654280,0.05574650
snap_anchor,hist_gradient_boosting,10486,40,75,0.05126819,0.08184922
snap_anchor,hist_gradient_boosting,10486,50,55,0.10834796,0.14653680
snap_anchor,ridge_dynamic_context,10523,10,134,0.27645890,0.19431913
snap_anchor,ridge_dynamic_context,10523,20,115,0.30280936,0.19287462
snap_anchor,ridge_dynamic_context,10523,30,87,0.41114823,0.29073413
snap_anchor,ridge_dynamic_context,10523,40,69,0.28204578,0.25462185
snap_anchor,ridge_dynamic_context,10523,50,59,0.21391281,0.15628288
snap_anchor,extra_trees,10523,10,134,0.33589761,0.27016546
snap_anchor,extra_trees,10523,20,115,0.38425700,0.29618875
snap_anchor,extra_trees,10523,30,87,0.49263689,0.35313844
snap_anchor,extra_trees,10523,40,69,0.40712467,0.36645963
snap_anchor,extra_trees,10523,50,59,0.37389006,0.31168907
snap_anchor,hist_gradient_boosting,10523,10,134,0.25758572,0.23423484
snap_anchor,hist_gradient_boosting,10523,20,115,0.34398941,0.28907914
snap_anchor,hist_gradient_boosting,10523,30,87,0.47587349,0.37006999
snap_anchor,hist_gradient_boosting,10523,40,69,0.39615609,0.40580928
snap_anchor,hist_gradient_boosting,10523,50,59,0.36841272,0.36504968
snap_anchor,ridge_dynamic_context,10560,10,132,0.04761040,0.02216506
snap_anchor,ridge_dynamic_context,10560,20,111,0.04759094,0.05853808
snap_anchor,ridge_dynamic_context,10560,30,89,0.12608429,0.11062308
snap_anchor,ridge_dynamic_context,10560,40,65,-0.00626948,0.00454545
snap_anchor,ridge_dynamic_context,10560,50,52,0.07475565,0.00256126
snap_anchor,extra_trees,10560,10,132,0.06136234,0.06475244
snap_anchor,extra_trees,10560,20,111,0.05380085,0.04558617
snap_anchor,extra_trees,10560,30,89,0.14719848,0.10778005
snap_anchor,extra_trees,10560,40,65,0.02035162,0.00861014
snap_anchor,extra_trees,10560,50,52,0.00026964,-0.02168531
snap_anchor,hist_gradient_boosting,10560,10,132,0.04110959,0.04457535
snap_anchor,hist_gradient_boosting,10560,20,111,0.00705950,-0.00536153
snap_anchor,hist_gradient_boosting,10560,30,89,0.16455965,0.09421178
snap_anchor,hist_gradient_boosting,10560,40,65,0.03415943,0.00402098
snap_anchor,hist_gradient_boosting,10560,50,52,0.04714316,0.02236831
snap_anchor,ridge_dynamic_context,10597,10,145,0.12414813,0.02930641
snap_anchor,ridge_dynamic_context,10597,20,108,0.12006082,0.04025075
snap_anchor,ridge_dynamic_context,10597,30,83,0.33955678,0.21094832
snap_anchor,ridge_dynamic_context,10597,40,69,0.39913276,0.23346730
snap_anchor,ridge_dynamic_context,10597,50,53,0.22847955,0.18061603
snap_anchor,extra_trees,10597,10,145,0.17864474,0.10222012
snap_anchor,extra_trees,10597,20,108,0.13759178,0.09940267
snap_anchor,extra_trees,10597,30,83,0.38961286,0.27584904
snap_anchor,extra_trees,10597,40,69,0.42830204,0.30394593
snap_anchor,extra_trees,10597,50,53,0.17468154,0.20577326
snap_anchor,hist_gradient_boosting,10597,10,145,0.18841089,0.07505905
snap_anchor,hist_gradient_boosting,10597,20,108,0.15785681,0.07954881
snap_anchor,hist_gradient_boosting,10597,30,83,0.38171581,0.22883170
snap_anchor,hist_gradient_boosting,10597,40,69,0.45504383,0.27153818
snap_anchor,hist_gradient_boosting,10597,50,53,0.24540584,0.17053701
snap_anchor,ridge_dynamic_context,10634,10,135,0.23027718,0.18189933
snap_anchor,ridge_dynamic_context,10634,20,120,0.19808107,0.16291409
snap_anchor,ridge_dynamic_context,10634,30,92,0.28329985,0.19062004
snap_anchor,ridge_dynamic_context,10634,40,74,0.23468663,0.26646427
snap_anchor,ridge_dynamic_context,10634,50,54,0.27382941,0.24688393
snap_anchor,extra_trees,10634,10,135,0.19582707,0.17323676
snap_anchor,extra_trees,10634,20,120,0.16261491,0.14835752
snap_anchor,extra_trees,10634,30,92,0.28039048,0.18252855
snap_anchor,extra_trees,10634,40,74,0.18891278,0.18661237
snap_anchor,extra_trees,10634,50,54,0.23332504,0.21745759
snap_anchor,hist_gradient_boosting,10634,10,135,0.21133203,0.20360453
snap_anchor,hist_gradient_boosting,10634,20,120,0.20812832,0.19455518
snap_anchor,hist_gradient_boosting,10634,30,92,0.33901711,0.22753264
snap_anchor,hist_gradient_boosting,10634,40,74,0.26367152,0.24368752
snap_anchor,hist_gradient_boosting,10634,50,54,0.32314304,0.28652563
snap_anchor,ridge_dynamic_context,10671,10,133,0.11950761,0.06331806
snap_anchor,ridge_dynamic_context,10671,20,109,0.13969742,0.09974979
snap_anchor,ridge_dynamic_context,10671,30,85,0.26039612,0.15598984
snap_anchor,ridge_dynamic_context,10671,40,71,0.21171357,0.07689470
snap_anchor,ridge_dynamic_context,10671,50,54,-0.01025813,-0.02328950
snap_anchor,extra_trees,10671,10,133,0.19151638,0.16939227
snap_anchor,extra_trees,10671,20,109,0.24630576,0.19059401
snap_anchor,extra_trees,10671,30,85,0.33773075,0.21129568
snap_anchor,extra_trees,10671,40,71,0.32383542,0.15513078
snap_anchor,extra_trees,10671,50,54,0.05130917,0.01764818
snap_anchor,hist_gradient_boosting,10671,10,133,0.09225331,0.06474123
snap_anchor,hist_gradient_boosting,10671,20,109,0.18955619,0.13831897
snap_anchor,hist_gradient_boosting,10671,30,85,0.28526382,0.20521790
snap_anchor,hist_gradient_boosting,10671,40,71,0.31651620,0.21670020
snap_anchor,hist_gradient_boosting,10671,50,54,0.03855034,0.05073375
snap_anchor,ridge_dynamic_context,10708,10,136,0.10279568,0.13048996
snap_anchor,ridge_dynamic_context,10708,20,112,0.18906855,0.12527762
snap_anchor,ridge_dynamic_context,10708,30,98,0.26847658,0.20016066
snap_anchor,ridge_dynamic_context,10708,40,79,0.23958358,0.16740506
snap_anchor,ridge_dynamic_context,10708,50,63,0.13846187,0.15769009
snap_anchor,extra_trees,10708,10,136,0.16188802,0.15623777
snap_anchor,extra_trees,10708,20,112,0.22403508,0.12596098
snap_anchor,extra_trees,10708,30,98,0.27957396,0.16918820
snap_anchor,extra_trees,10708,40,79,0.27923496,0.15177702
snap_anchor,extra_trees,10708,50,63,0.17198134,0.15903418
snap_anchor,hist_gradient_boosting,10708,10,136,0.13232049,0.15105195
snap_anchor,hist_gradient_boosting,10708,20,112,0.22521240,0.16235863
snap_anchor,hist_gradient_boosting,10708,30,98,0.25319784,0.16764531
snap_anchor,hist_gradient_boosting,10708,40,79,0.24933857,0.14566699
snap_anchor,hist_gradient_boosting,10708,50,63,0.16254539,0.17545123
snap_anchor,ridge_dynamic_context,10745,10,137,0.16371478,0.12127336
snap_anchor,ridge_dynamic_context,10745,20,110,0.21674556,0.14162703
snap_anchor,ridge_dynamic_context,10745,30,91,0.31084790,0.15457875
snap_anchor,ridge_dynamic_context,10745,40,73,0.28779131,0.07093052
snap_anchor,ridge_dynamic_context,10745,50,59,0.12973318,0.07159556
snap_anchor,extra_trees,10745,10,137,0.22048548,0.15894581
snap_anchor,extra_trees,10745,20,110,0.22923495,0.14893943
snap_anchor,extra_trees,10745,30,91,0.35180779,0.18045867
snap_anchor,extra_trees,10745,40,73,0.40035049,0.20103665
snap_anchor,extra_trees,10745,50,59,0.26480769,0.22875511
snap_anchor,hist_gradient_boosting,10745,10,137,0.23996363,0.21670991
snap_anchor,hist_gradient_boosting,10745,20,110,0.26938704,0.22283885
snap_anchor,hist_gradient_boosting,10745,30,91,0.39914555,0.26942188
snap_anchor,hist_gradient_boosting,10745,40,73,0.43205277,0.23423423
snap_anchor,hist_gradient_boosting,10745,50,59,0.28660125,0.24687317
snap_anchor,ridge_dynamic_context,10782,10,128,0.19377376,0.08136674
snap_anchor,ridge_dynamic_context,10782,20,107,0.12044306,0.07872411
snap_anchor,ridge_dynamic_context,10782,30,87,0.09284147,0.10917110
snap_anchor,ridge_dynamic_context,10782,40,76,0.07612460,0.06895420
snap_anchor,ridge_dynamic_context,10782,50,57,0.10951008,0.13501426
snap_anchor,extra_trees,10782,10,128,0.23964660,0.10057110
snap_anchor,extra_trees,10782,20,107,0.16970229,0.10359725
snap_anchor,extra_trees,10782,30,87,0.11816170,0.10802289
snap_anchor,extra_trees,10782,40,76,0.13333632,0.11144224
snap_anchor,extra_trees,10782,50,57,0.24920419,0.25000000
snap_anchor,hist_gradient_boosting,10782,10,128,0.21761424,0.13710859
snap_anchor,hist_gradient_boosting,10782,20,107,0.17004253,0.14468348
snap_anchor,hist_gradient_boosting,10782,30,87,0.14452978,0.18181818
snap_anchor,hist_gradient_boosting,10782,40,76,0.20401903,0.23212577
snap_anchor,hist_gradient_boosting,10782,50,57,0.26595589,0.33594763
snap_anchor,ridge_dynamic_context,10819,10,136,0.04980827,0.13735509
snap_anchor,ridge_dynamic_context,10819,20,113,0.21544715,0.18396101
snap_anchor,ridge_dynamic_context,10819,30,94,0.30568504,0.25623668
snap_anchor,ridge_dynamic_context,10819,40,76,0.17833264,0.17219412
snap_anchor,ridge_dynamic_context,10819,50,61,0.25389006,0.21142253
snap_anchor,extra_trees,10819,10,136,0.07109091,0.14146749
snap_anchor,extra_trees,10819,20,113,0.23532178,0.19053164
snap_anchor,extra_trees,10819,30,94,0.29058714,0.21398692
snap_anchor,extra_trees,10819,40,76,0.16268671,0.15660971
snap_anchor,extra_trees,10819,50,61,0.25925114,0.23701745
snap_anchor,hist_gradient_boosting,10819,10,136,0.00549875,0.14687276
snap_anchor,hist_gradient_boosting,10819,20,113,0.28062939,0.28967330
snap_anchor,hist_gradient_boosting,10819,30,94,0.36721580,0.37758191
snap_anchor,hist_gradient_boosting,10819,40,76,0.26092891,0.32215995
snap_anchor,hist_gradient_boosting,10819,50,61,0.37254350,0.39513485
snap_anchor,ridge_dynamic_context,10856,10,134,0.00578835,-0.04447686
snap_anchor,ridge_dynamic_context,10856,20,109,0.14574727,0.03094245
snap_anchor,ridge_dynamic_context,10856,30,91,0.22489422,0.08015608
snap_anchor,ridge_dynamic_context,10856,40,81,0.09931443,0.10198735
snap_anchor,ridge_dynamic_context,10856,50,64,0.19042580,0.12820513
snap_anchor,extra_trees,10856,10,134,0.08903171,0.00205239
snap_anchor,extra_trees,10856,20,109,0.19005060,0.04087666
snap_anchor,extra_trees,10856,30,91,0.25425761,0.06338589
snap_anchor,extra_trees,10856,40,81,0.13999914,0.08446251
snap_anchor,extra_trees,10856,50,64,0.17565277,0.11886447
snap_anchor,hist_gradient_boosting,10856,10,134,0.09610396,0.07166922
snap_anchor,hist_gradient_boosting,10856,20,109,0.24044172,0.12948754
snap_anchor,hist_gradient_boosting,10856,30,91,0.25957661,0.09762701
snap_anchor,hist_gradient_boosting,10856,40,81,0.13828581,0.12278681
snap_anchor,hist_gradient_boosting,10856,50,64,0.16783918,0.15274725
snap_anchor,ridge_dynamic_context,10893,10,145,0.21946689,0.14373327
snap_anchor,ridge_dynamic_context,10893,20,116,0.34198313,0.19491793
snap_anchor,ridge_dynamic_context,10893,30,92,0.32460895,0.18072531
snap_anchor,ridge_dynamic_context,10893,40,82,0.32179961,0.17223365
snap_anchor,ridge_dynamic_context,10893,50,62,0.26210547,0.22515172
snap_anchor,extra_trees,10893,10,145,0.22388105,0.19346166
snap_anchor,extra_trees,10893,20,116,0.30507811,0.20006920
snap_anchor,extra_trees,10893,30,92,0.30609731,0.17170908
snap_anchor,extra_trees,10893,40,82,0.32196720,0.17427977
snap_anchor,extra_trees,10893,50,62,0.32103846,0.32416711
snap_anchor,hist_gradient_boosting,10893,10,145,0.17520971,0.17957015
snap_anchor,hist_gradient_boosting,10893,20,116,0.29905262,0.22966209
snap_anchor,hist_gradient_boosting,10893,30,92,0.32691203,0.21242853
snap_anchor,hist_gradient_boosting,10893,40,82,0.33040315,0.20096647
snap_anchor,hist_gradient_boosting,10893,50,62,0.32623241,0.33167133
snap_anchor,ridge_dynamic_context,10930,10,138,0.20675953,0.13958570
snap_anchor,ridge_dynamic_context,10930,20,114,0.23341035,0.20578360
snap_anchor,ridge_dynamic_context,10930,30,95,0.18048500,0.18994961
snap_anchor,ridge_dynamic_context,10930,40,80,0.20137099,0.19062353
snap_anchor,ridge_dynamic_context,10930,50,58,0.24096724,0.21258728
snap_anchor,extra_trees,10930,10,138,0.20592567,0.17442219
snap_anchor,extra_trees,10930,20,114,0.15968448,0.18639963
snap_anchor,extra_trees,10930,30,95,0.27042569,0.26641937
snap_anchor,extra_trees,10930,40,80,0.28836506,0.25253165
snap_anchor,extra_trees,10930,50,58,0.33389537,0.30056292
snap_anchor,hist_gradient_boosting,10930,10,138,0.22828869,0.23527303
snap_anchor,hist_gradient_boosting,10930,20,114,0.23272934,0.26982443
snap_anchor,hist_gradient_boosting,10930,30,95,0.28460478,0.30522116
snap_anchor,hist_gradient_boosting,10930,40,80,0.33867443,0.34453821
snap_anchor,hist_gradient_boosting,10930,50,58,0.38019245,0.32640192
snap_anchor,ridge_dynamic_context,10967,10,129,0.06955936,0.06375224
snap_anchor,ridge_dynamic_context,10967,20,108,0.17022450,0.10675736
snap_anchor,ridge_dynamic_context,10967,30,78,0.12850578,0.14207312
snap_anchor,ridge_dynamic_context,10967,40,64,0.21994168,0.23154762
snap_anchor,ridge_dynamic_context,10967,50,48,0.17675815,0.21949631
snap_anchor,extra_trees,10967,10,129,0.13111604,0.06584302
snap_anchor,extra_trees,10967,20,108,0.23295845,0.08587461
snap_anchor,extra_trees,10967,30,78,0.17836349,0.15246779
snap_anchor,extra_trees,10967,40,64,0.25691517,0.26053114
snap_anchor,extra_trees,10967,50,48,0.24178275,0.26498046
snap_anchor,hist_gradient_boosting,10967,10,129,0.08574234,0.06888976
snap_anchor,hist_gradient_boosting,10967,20,108,0.22999729,0.15386741
snap_anchor,hist_gradient_boosting,10967,30,78,0.15637873,0.18683848
snap_anchor,hist_gradient_boosting,10967,40,64,0.29970646,0.35238095
snap_anchor,hist_gradient_boosting,10967,50,48,0.24716453,0.30471125
snap_anchor,ridge_dynamic_context,11004,10,124,0.14118033,0.05809599
snap_anchor,ridge_dynamic_context,11004,20,100,0.23371358,0.12217222
snap_anchor,ridge_dynamic_context,11004,30,85,0.34269709,0.21606410
snap_anchor,ridge_dynamic_context,11004,40,71,0.14132231,0.13417170
snap_anchor,ridge_dynamic_context,11004,50,60,0.10892787,0.07535427
snap_anchor,extra_trees,11004,10,124,0.19585808,0.11099921
snap_anchor,extra_trees,11004,20,100,0.31922024,0.18513051
snap_anchor,extra_trees,11004,30,85,0.40782890,0.24238812
snap_anchor,extra_trees,11004,40,71,0.21685086,0.16834339
snap_anchor,extra_trees,11004,50,60,0.19215928,0.12281189
snap_anchor,hist_gradient_boosting,11004,10,124,0.20755468,0.13292840
snap_anchor,hist_gradient_boosting,11004,20,100,0.29870039,0.18564656
snap_anchor,hist_gradient_boosting,11004,30,85,0.37757883,0.24328708
snap_anchor,hist_gradient_boosting,11004,40,71,0.20488895,0.19765258
snap_anchor,hist_gradient_boosting,11004,50,60,0.21294256,0.16971381
snap_anchor,ridge_dynamic_context,11041,10,131,-0.02369127,-0.05577323
snap_anchor,ridge_dynamic_context,11041,20,109,0.04470227,0.01251043
snap_anchor,ridge_dynamic_context,11041,30,90,0.11572009,0.07226407
snap_anchor,ridge_dynamic_context,11041,40,76,0.02679818,0.05107314
snap_anchor,ridge_dynamic_context,11041,50,61,0.16908447,0.14013749
snap_anchor,extra_trees,11041,10,131,0.06777196,0.01093258
snap_anchor,extra_trees,11041,20,109,0.17791069,0.12367714
snap_anchor,extra_trees,11041,30,90,0.21152037,0.12527473
snap_anchor,extra_trees,11041,40,76,0.06758533,0.08582365
snap_anchor,extra_trees,11041,50,61,0.20148092,0.18318350
snap_anchor,hist_gradient_boosting,11041,10,131,0.07105390,0.08067047
snap_anchor,hist_gradient_boosting,11041,20,109,0.18875362,0.16462793
snap_anchor,hist_gradient_boosting,11041,30,90,0.24937549,0.21389472
snap_anchor,hist_gradient_boosting,11041,40,76,0.19556765,0.21137389
snap_anchor,hist_gradient_boosting,11041,50,61,0.29827418,0.29270227
snap_anchor,ridge_dynamic_context,11078,10,126,0.06835069,0.04239370
snap_anchor,ridge_dynamic_context,11078,20,102,0.10253780,0.06714692
snap_anchor,ridge_dynamic_context,11078,30,72,0.17145062,0.11364075
snap_anchor,ridge_dynamic_context,11078,40,55,0.21217976,0.08932179
snap_anchor,ridge_dynamic_context,11078,50,43,0.09610075,0.14768952
snap_anchor,extra_trees,11078,10,126,0.16571835,0.10955531
snap_anchor,extra_trees,11078,20,102,0.17908986,0.06868494
snap_anchor,extra_trees,11078,30,72,0.19818337,0.04977812
snap_anchor,extra_trees,11078,40,55,0.26828586,0.05057720
snap_anchor,extra_trees,11078,50,43,0.15461635,0.15342797
snap_anchor,hist_gradient_boosting,11078,10,126,0.17031739,0.11614248
snap_anchor,hist_gradient_boosting,11078,20,102,0.15716987,0.07930405
snap_anchor,hist_gradient_boosting,11078,30,72,0.17213609,0.06067914
snap_anchor,hist_gradient_boosting,11078,40,55,0.18503632,0.00901876
snap_anchor,hist_gradient_boosting,11078,50,43,0.02038339,0.05844156
snap_anchor,ridge_dynamic_context,11115,10,133,0.20839829,0.16133278
snap_anchor,ridge_dynamic_context,11115,20,120,0.27525024,0.20080561
snap_anchor,ridge_dynamic_context,11115,30,95,0.30089909,0.16903695
snap_anchor,ridge_dynamic_context,11115,40,79,0.18503413,0.17461052
snap_anchor,ridge_dynamic_context,11115,50,63,0.22228444,0.19249232
snap_anchor,extra_trees,11115,10,133,0.24087843,0.22241152
snap_anchor,extra_trees,11115,20,120,0.35345155,0.25842767
snap_anchor,extra_trees,11115,30,95,0.35280857,0.20984043
snap_anchor,extra_trees,11115,40,79,0.28685900,0.26701558
snap_anchor,extra_trees,11115,50,63,0.33360056,0.30808372
snap_anchor,hist_gradient_boosting,11115,10,133,0.18623718,0.17080524
snap_anchor,hist_gradient_boosting,11115,20,120,0.29738873,0.17494965
snap_anchor,hist_gradient_boosting,11115,30,95,0.32637167,0.16986282
snap_anchor,hist_gradient_boosting,11115,40,79,0.21944842,0.20111977
snap_anchor,hist_gradient_boosting,11115,50,63,0.30269082,0.27313748
snap_anchor,ridge_dynamic_context,11152,10,130,0.13800299,0.04369580
snap_anchor,ridge_dynamic_context,11152,20,107,0.24089376,0.12396403
snap_anchor,ridge_dynamic_context,11152,30,87,0.28114817,0.11733615
snap_anchor,ridge_dynamic_context,11152,40,74,0.31456395,0.13483895
snap_anchor,ridge_dynamic_context,11152,50,59,0.06621100,0.01250731
snap_anchor,extra_trees,11152,10,130,0.16109151,0.11589125
snap_anchor,extra_trees,11152,20,107,0.23382790,0.12296479
snap_anchor,extra_trees,11152,30,87,0.34566649,0.13993585
snap_anchor,extra_trees,11152,40,74,0.38913946,0.18113291
snap_anchor,extra_trees,11152,50,59,0.15787467,0.12653419
snap_anchor,hist_gradient_boosting,11152,10,130,0.16971939,0.13905693
snap_anchor,hist_gradient_boosting,11152,20,107,0.27930800,0.17281882
snap_anchor,hist_gradient_boosting,11152,30,87,0.36467292,0.16481373
snap_anchor,hist_gradient_boosting,11152,40,74,0.40161249,0.19360237
snap_anchor,hist_gradient_boosting,11152,50,59,0.15654429,0.12074810
snap_anchor,ridge_dynamic_context,11189,10,132,-0.09694764,0.00867714
snap_anchor,ridge_dynamic_context,11189,20,115,0.05227234,0.04261816
snap_anchor,ridge_dynamic_context,11189,30,84,0.01687095,0.06153690
snap_anchor,ridge_dynamic_context,11189,40,69,0.05765891,0.12831567
snap_anchor,ridge_dynamic_context,11189,50,56,-0.00668767,0.02460697
snap_anchor,extra_trees,11189,10,132,-0.00543596,0.05093581
snap_anchor,extra_trees,11189,20,115,0.11171144,0.06208475
snap_anchor,extra_trees,11189,30,84,0.06887658,0.06153690
snap_anchor,extra_trees,11189,40,69,0.11576595,0.14698575
snap_anchor,extra_trees,11189,50,56,0.06758437,0.07812714
snap_anchor,hist_gradient_boosting,11189,10,132,-0.09548000,0.01046683
snap_anchor,hist_gradient_boosting,11189,20,115,0.11577510,0.10381914
snap_anchor,hist_gradient_boosting,11189,30,84,0.06172372,0.08071277
snap_anchor,hist_gradient_boosting,11189,40,69,0.08687848,0.12166606
snap_anchor,hist_gradient_boosting,11189,50,56,0.07462807,0.07470950
snap_anchor,ridge_dynamic_context,11226,10,135,0.03284698,0.03169935
snap_anchor,ridge_dynamic_context,11226,20,113,0.06746959,0.08984297
snap_anchor,ridge_dynamic_context,11226,30,97,0.11476948,0.12439512
snap_anchor,ridge_dynamic_context,11226,40,81,0.04855289,0.10085818
snap_anchor,ridge_dynamic_context,11226,50,54,0.26352271,0.23865066
snap_anchor,extra_trees,11226,10,135,0.05111502,0.06196956
snap_anchor,extra_trees,11226,20,113,0.08298709,0.11698217
snap_anchor,extra_trees,11226,30,97,0.10753576,0.15093099
snap_anchor,extra_trees,11226,40,81,0.08928670,0.17111563
snap_anchor,extra_trees,11226,50,54,0.34711612,0.33836478
snap_anchor,hist_gradient_boosting,11226,10,135,0.05154592,0.11618379
snap_anchor,hist_gradient_boosting,11226,20,113,0.09579857,0.16095549
snap_anchor,hist_gradient_boosting,11226,30,97,0.09917979,0.15341626
snap_anchor,hist_gradient_boosting,11226,40,81,0.07212589,0.13816621
snap_anchor,hist_gradient_boosting,11226,50,54,0.31786712,0.30024776
snap_anchor,ridge_dynamic_context,11263,10,133,0.14188352,0.10044786
snap_anchor,ridge_dynamic_context,11263,20,107,0.21426624,0.14554556
snap_anchor,ridge_dynamic_context,11263,30,91,0.18549664,0.14392419
snap_anchor,ridge_dynamic_context,11263,40,75,0.13108890,0.09578947
snap_anchor,ridge_dynamic_context,11263,50,58,0.06417913,0.05675351
snap_anchor,extra_trees,11263,10,133,0.14930412,0.10980810
snap_anchor,extra_trees,11263,20,107,0.23278906,0.19730010
snap_anchor,extra_trees,11263,30,91,0.20814618,0.16005733
snap_anchor,extra_trees,11263,40,75,0.13856542,0.13644381
snap_anchor,extra_trees,11263,50,58,0.15952876,0.16724599
snap_anchor,hist_gradient_boosting,11263,10,133,0.11448611,0.09317901
snap_anchor,hist_gradient_boosting,11263,20,107,0.25613438,0.18645546
snap_anchor,hist_gradient_boosting,11263,30,91,0.24767900,0.18606466
snap_anchor,hist_gradient_boosting,11263,40,75,0.20019074,0.20483642
snap_anchor,hist_gradient_boosting,11263,50,58,0.24878833,0.25134578
snap_anchor,ridge_dynamic_context,11300,10,132,0.20384658,0.11517169
snap_anchor,ridge_dynamic_context,11300,20,111,0.20118205,0.10379080
snap_anchor,ridge_dynamic_context,11300,30,94,0.27955326,0.15110357
snap_anchor,ridge_dynamic_context,11300,40,76,0.17746223,0.16894053
snap_anchor,ridge_dynamic_context,11300,50,54,0.25514342,0.26129217
snap_anchor,extra_trees,11300,10,132,0.20144633,0.07074765
snap_anchor,extra_trees,11300,20,111,0.18431406,0.06606704
snap_anchor,extra_trees,11300,30,94,0.25602949,0.12841816
snap_anchor,extra_trees,11300,40,76,0.23015815,0.22220096
snap_anchor,extra_trees,11300,50,54,0.27468970,0.26289308
snap_anchor,hist_gradient_boosting,11300,10,132,0.24032804,0.14388504
snap_anchor,hist_gradient_boosting,11300,20,111,0.23763465,0.14264654
snap_anchor,hist_gradient_boosting,11300,30,94,0.25728354,0.12981974
snap_anchor,hist_gradient_boosting,11300,40,76,0.21382152,0.22039645
snap_anchor,hist_gradient_boosting,11300,50,54,0.29915081,0.31633314
snap_anchor,ridge_dynamic_context,11337,10,137,0.23284239,0.16547035
snap_anchor,ridge_dynamic_context,11337,20,113,0.26025286,0.17141027
snap_anchor,ridge_dynamic_context,11337,30,99,0.26930257,0.16817563
snap_anchor,ridge_dynamic_context,11337,40,85,0.30665390,0.14217315
snap_anchor,ridge_dynamic_context,11337,50,64,0.21242626,0.19221612
snap_anchor,extra_trees,11337,10,137,0.28639410,0.23808968
snap_anchor,extra_trees,11337,20,113,0.34379768,0.23586067
snap_anchor,extra_trees,11337,30,99,0.35032647,0.21672233
snap_anchor,extra_trees,11337,40,85,0.38621660,0.18440492
snap_anchor,extra_trees,11337,50,64,0.28608932,0.26011905
snap_anchor,hist_gradient_boosting,11337,10,137,0.19169082,0.14371255
snap_anchor,hist_gradient_boosting,11337,20,113,0.25582483,0.15620633
snap_anchor,hist_gradient_boosting,11337,30,99,0.30483647,0.20482375
snap_anchor,hist_gradient_boosting,11337,40,85,0.35681663,0.19202658
snap_anchor,hist_gradient_boosting,11337,50,64,0.29717362,0.27348901
snap_anchor,ridge_dynamic_context,11374,10,134,0.04395691,0.07089615
snap_anchor,ridge_dynamic_context,11374,20,103,0.10947194,0.12564249
snap_anchor,ridge_dynamic_context,11374,30,78,0.18562815,0.15368176
snap_anchor,ridge_dynamic_context,11374,40,66,0.16913020,0.13186515
snap_anchor,ridge_dynamic_context,11374,50,53,0.10539004,0.05821642
snap_anchor,extra_trees,11374,10,134,0.12524486,0.16185489
snap_anchor,extra_trees,11374,20,103,0.17522800,0.18078680
snap_anchor,extra_trees,11374,30,78,0.19440526,0.18509339
snap_anchor,extra_trees,11374,40,66,0.25833541,0.24375326
snap_anchor,extra_trees,11374,50,53,0.23355277,0.17150460
snap_anchor,hist_gradient_boosting,11374,10,134,0.10376839,0.21723214
snap_anchor,hist_gradient_boosting,11374,20,103,0.28429131,0.32720863
snap_anchor,hist_gradient_boosting,11374,30,78,0.29449991,0.26043577
snap_anchor,hist_gradient_boosting,11374,40,66,0.31648165,0.30566747
snap_anchor,hist_gradient_boosting,11374,50,53,0.31615780,0.26044186
snap_anchor,ridge_dynamic_context,11411,10,133,0.28057326,0.20169658
snap_anchor,ridge_dynamic_context,11411,20,113,0.23476091,0.17990219
snap_anchor,ridge_dynamic_context,11411,30,81,0.32326663,0.22034779
snap_anchor,ridge_dynamic_context,11411,40,71,0.20325804,0.22397720
snap_anchor,ridge_dynamic_context,11411,50,55,0.21186042,0.19430014
snap_anchor,extra_trees,11411,10,133,0.28308395,0.20811867
snap_anchor,extra_trees,11411,20,113,0.28315387,0.21714685
snap_anchor,extra_trees,11411,30,81,0.34038094,0.20858175
snap_anchor,extra_trees,11411,40,71,0.17592903,0.20274983
snap_anchor,extra_trees,11411,50,55,0.27228577,0.26067821
snap_anchor,hist_gradient_boosting,11411,10,133,0.26730293,0.22084043
snap_anchor,hist_gradient_boosting,11411,20,113,0.26570147,0.22397531
snap_anchor,hist_gradient_boosting,11411,30,81,0.30437673,0.22520325
snap_anchor,hist_gradient_boosting,11411,40,71,0.16316582,0.23822938
snap_anchor,hist_gradient_boosting,11411,50,55,0.21467677,0.25663781
snap_anchor,ridge_dynamic_context,11448,10,131,0.17323364,0.09136284
snap_anchor,ridge_dynamic_context,11448,20,108,0.18096431,0.09257195
snap_anchor,ridge_dynamic_context,11448,30,92,0.12452284,0.12659711
snap_anchor,ridge_dynamic_context,11448,40,71,0.16088789,0.18128773
snap_anchor,ridge_dynamic_context,11448,50,51,0.05355662,0.05131222
snap_anchor,extra_trees,11448,10,131,0.14359038,0.09190199
snap_anchor,extra_trees,11448,20,108,0.18741313,0.11074909
snap_anchor,extra_trees,11448,30,92,0.10707388,0.12604226
snap_anchor,extra_trees,11448,40,71,0.22163312,0.19225352
snap_anchor,extra_trees,11448,50,51,0.17766778,0.12895928
snap_anchor,hist_gradient_boosting,11448,10,131,0.13211745,0.11958042
snap_anchor,hist_gradient_boosting,11448,20,108,0.21395956,0.12864996
snap_anchor,hist_gradient_boosting,11448,30,92,0.17167859,0.19234622
snap_anchor,hist_gradient_boosting,11448,40,71,0.24095549,0.24503689
snap_anchor,hist_gradient_boosting,11448,50,51,0.17873735,0.14108597
snap_anchor,ridge_dynamic_context,11485,10,140,0.15815223,0.04478800
snap_anchor,ridge_dynamic_context,11485,20,117,-0.02110327,-0.01307527
snap_anchor,ridge_dynamic_context,11485,30,92,0.15989356,0.15432394
snap_anchor,ridge_dynamic_context,11485,40,73,0.11029378,0.13683204
snap_anchor,ridge_dynamic_context,11485,50,65,0.23726809,0.22303322
snap_anchor,extra_trees,11485,10,140,0.11571714,-0.00041110
snap_anchor,extra_trees,11485,20,117,-0.02763041,-0.02303346
snap_anchor,extra_trees,11485,30,92,0.07562190,0.06132577
snap_anchor,extra_trees,11485,40,73,0.07145863,0.06463655
snap_anchor,extra_trees,11485,50,65,0.22806694,0.19737762
snap_anchor,hist_gradient_boosting,11485,10,140,0.10283588,0.03348713
snap_anchor,hist_gradient_boosting,11485,20,117,0.00068375,0.04902666
snap_anchor,hist_gradient_boosting,11485,30,92,0.12596352,0.16885779
snap_anchor,hist_gradient_boosting,11485,40,73,0.10701891,0.17154140
snap_anchor,hist_gradient_boosting,11485,50,65,0.25568668,0.30371503
snap_anchor,ridge_dynamic_context,11522,10,127,0.07297903,0.04866774
snap_anchor,ridge_dynamic_context,11522,20,107,0.08306576,0.05631968
snap_anchor,ridge_dynamic_context,11522,30,81,0.08244714,0.10121951
snap_anchor,ridge_dynamic_context,11522,40,59,0.06598196,0.12016365
snap_anchor,ridge_dynamic_context,11522,50,43,0.13629150,0.17245545
snap_anchor,extra_trees,11522,10,127,0.04178964,0.09728862
snap_anchor,extra_trees,11522,20,107,0.09952106,0.16276769
snap_anchor,extra_trees,11522,30,81,0.09872887,0.16343722
snap_anchor,extra_trees,11522,40,59,0.13633061,0.20765634
snap_anchor,extra_trees,11522,50,43,0.15729354,0.25188765
snap_anchor,hist_gradient_boosting,11522,10,127,0.08970728,0.13964661
snap_anchor,hist_gradient_boosting,11522,20,107,0.12595468,0.17356335
snap_anchor,hist_gradient_boosting,11522,30,81,0.11225389,0.13728546
snap_anchor,hist_gradient_boosting,11522,40,59,0.14111998,0.18264173
snap_anchor,hist_gradient_boosting,11522,50,43,0.19806685,0.25234068
snap_anchor,ridge_dynamic_context,11559,10,140,0.06649825,-0.00869432
snap_anchor,ridge_dynamic_context,11559,20,117,0.08375756,-0.02585832
snap_anchor,ridge_dynamic_context,11559,30,93,0.12349627,-0.01753156
snap_anchor,ridge_dynamic_context,11559,40,78,0.20073865,-0.01278468
snap_anchor,ridge_dynamic_context,11559,50,60,-0.01047125,-0.07540984
snap_anchor,extra_trees,11559,10,140,0.07712891,0.01754171
snap_anchor,extra_trees,11559,20,117,0.11228042,0.00457822
snap_anchor,extra_trees,11559,30,93,0.18637968,0.05862254
snap_anchor,extra_trees,11559,40,78,0.29540787,0.09622024
snap_anchor,extra_trees,11559,50,60,0.08900461,0.01066963
snap_anchor,hist_gradient_boosting,11559,10,140,0.06123953,0.02789792
snap_anchor,hist_gradient_boosting,11559,20,117,0.14808969,0.06164486
snap_anchor,hist_gradient_boosting,11559,30,93,0.21461941,0.10151890
snap_anchor,hist_gradient_boosting,11559,40,78,0.28547894,0.13018627
snap_anchor,hist_gradient_boosting,11559,50,60,0.15140578,0.13303695
snap_anchor,ridge_dynamic_context,11596,10,139,0.17863254,0.07931543
snap_anchor,ridge_dynamic_context,11596,20,122,0.10926103,0.03443581
snap_anchor,ridge_dynamic_context,11596,30,91,0.18695478,0.11290014
snap_anchor,ridge_dynamic_context,11596,40,78,0.23461223,0.16303949
snap_anchor,ridge_dynamic_context,11596,50,62,0.13187745,0.18334970
snap_anchor,extra_trees,11596,10,139,0.25986240,0.13987220
snap_anchor,extra_trees,11596,20,122,0.19220057,0.09195330
snap_anchor,extra_trees,11596,30,91,0.29207391,0.17531454
snap_anchor,extra_trees,11596,40,78,0.31191391,0.18663615
snap_anchor,extra_trees,11596,50,62,0.20313692,0.19780413
snap_anchor,hist_gradient_boosting,11596,10,139,0.17976899,0.09586219
snap_anchor,hist_gradient_boosting,11596,20,122,0.15369578,0.06290046
snap_anchor,hist_gradient_boosting,11596,30,91,0.24658328,0.12619844
snap_anchor,hist_gradient_boosting,11596,40,78,0.27063802,0.14654965
snap_anchor,hist_gradient_boosting,11596,50,62,0.16872506,0.16511798
snap_anchor,ridge_dynamic_context,11633,10,136,0.15625350,0.04675827
snap_anchor,ridge_dynamic_context,11633,20,115,0.16199295,0.05780794
snap_anchor,ridge_dynamic_context,11633,30,91,0.20174073,0.09792961
snap_anchor,ridge_dynamic_context,11633,40,76,0.04572212,0.04401914
snap_anchor,ridge_dynamic_context,11633,50,61,0.16676001,0.11755685
snap_anchor,extra_trees,11633,10,136,0.21521760,0.09543915
snap_anchor,extra_trees,11633,20,115,0.22497702,0.12291486
snap_anchor,extra_trees,11633,30,91,0.24124700,0.13978341
snap_anchor,extra_trees,11633,40,76,0.11472685,0.10509911
snap_anchor,extra_trees,11633,50,61,0.26443556,0.20592279
snap_anchor,hist_gradient_boosting,11633,10,136,0.19268001,0.11709365
snap_anchor,hist_gradient_boosting,11633,20,115,0.26151432,0.15218180
snap_anchor,hist_gradient_boosting,11633,30,91,0.29677088,0.15433986
snap_anchor,hist_gradient_boosting,11633,40,76,0.15333133,0.10075188
snap_anchor,hist_gradient_boosting,11633,50,61,0.23246306,0.14526705
snap_anchor,ridge_dynamic_context,11670,10,133,0.11425431,0.10636496
snap_anchor,ridge_dynamic_context,11670,20,106,0.23313352,0.18143940
snap_anchor,ridge_dynamic_context,11670,30,82,0.21298031,0.17260369
snap_anchor,ridge_dynamic_context,11670,40,69,0.25933685,0.21914505
snap_anchor,ridge_dynamic_context,11670,50,52,0.21562573,0.18441048
snap_anchor,extra_trees,11670,10,133,0.05200564,0.09533671
snap_anchor,extra_trees,11670,20,106,0.18097033,0.19122352
snap_anchor,extra_trees,11670,30,82,0.22996073,0.21687835
snap_anchor,extra_trees,11670,40,69,0.26567753,0.28414322
snap_anchor,extra_trees,11670,50,52,0.24536181,0.27960386
snap_anchor,hist_gradient_boosting,11670,10,133,0.07278673,0.10200875
snap_anchor,hist_gradient_boosting,11670,20,106,0.20309834,0.21347205
snap_anchor,hist_gradient_boosting,11670,30,82,0.20668998,0.16400562
snap_anchor,hist_gradient_boosting,11670,40,69,0.25005419,0.23006942
snap_anchor,hist_gradient_boosting,11670,50,52,0.22834101,0.23896525
snap_anchor,ridge_dynamic_context,11707,10,136,-0.00978817,-0.06471065
snap_anchor,ridge_dynamic_context,11707,20,108,0.13270549,0.04176551
snap_anchor,ridge_dynamic_context,11707,30,87,0.12601435,0.01199242
snap_anchor,ridge_dynamic_context,11707,40,71,0.18921287,0.05050302
snap_anchor,ridge_dynamic_context,11707,50,52,-0.00031223,-0.03833348
snap_anchor,extra_trees,11707,10,136,-0.02380505,-0.06068413
snap_anchor,extra_trees,11707,20,108,0.14009566,0.05199729
snap_anchor,extra_trees,11707,30,87,0.20411332,0.08458482
snap_anchor,extra_trees,11707,40,71,0.27100698,0.15482897
snap_anchor,extra_trees,11707,50,52,0.09838079,0.12430633
snap_anchor,hist_gradient_boosting,11707,10,136,-0.04602621,-0.11418348
snap_anchor,hist_gradient_boosting,11707,20,108,0.07837738,-0.04758638
snap_anchor,hist_gradient_boosting,11707,30,87,0.13127391,-0.00980535
snap_anchor,hist_gradient_boosting,11707,40,71,0.17669882,0.01498994
snap_anchor,hist_gradient_boosting,11707,50,52,0.02593019,0.02860070
snap_anchor,ridge_dynamic_context,11744,10,138,0.15976370,0.11643443
snap_anchor,ridge_dynamic_context,11744,20,115,0.20276869,0.13512191
snap_anchor,ridge_dynamic_context,11744,30,88,0.23044878,0.16193512
snap_anchor,ridge_dynamic_context,11744,40,72,0.26806897,0.15505820
snap_anchor,ridge_dynamic_context,11744,50,57,0.14264857,0.12341198
snap_anchor,extra_trees,11744,10,138,0.19659542,0.17026227
snap_anchor,extra_trees,11744,20,115,0.25967409,0.17897104
snap_anchor,extra_trees,11744,30,88,0.29694607,0.19610088
snap_anchor,extra_trees,11744,40,72,0.37265411,0.23866487
snap_anchor,extra_trees,11744,50,57,0.26302763,0.22660099
snap_anchor,hist_gradient_boosting,11744,10,138,0.22785730,0.15974602
snap_anchor,hist_gradient_boosting,11744,20,115,0.24919380,0.14439359
snap_anchor,hist_gradient_boosting,11744,30,88,0.29299697,0.16975450
snap_anchor,hist_gradient_boosting,11744,40,72,0.33414549,0.19280983
snap_anchor,hist_gradient_boosting,11744,50,57,0.19890294,0.19600726
snap_anchor,ridge_dynamic_context,11781,10,135,0.15569870,0.10706273
snap_anchor,ridge_dynamic_context,11781,20,116,0.18939015,0.11956330
snap_anchor,ridge_dynamic_context,11781,30,89,0.31987766,0.12540007
snap_anchor,ridge_dynamic_context,11781,40,78,0.14314227,0.08595202
snap_anchor,ridge_dynamic_context,11781,50,68,0.17473246,0.12283849
snap_anchor,extra_trees,11781,10,135,0.22531633,0.15814067
snap_anchor,extra_trees,11781,20,116,0.23323979,0.15845923
snap_anchor,extra_trees,11781,30,89,0.39082603,0.19213483
snap_anchor,extra_trees,11781,40,78,0.19783720,0.14821887
snap_anchor,extra_trees,11781,50,68,0.21450659,0.17418025
snap_anchor,hist_gradient_boosting,11781,10,135,0.18819381,0.15897473
snap_anchor,hist_gradient_boosting,11781,20,116,0.24868391,0.19351094
snap_anchor,hist_gradient_boosting,11781,30,89,0.42068354,0.23278856
snap_anchor,hist_gradient_boosting,11781,40,78,0.24470720,0.18489106
snap_anchor,hist_gradient_boosting,11781,50,68,0.20531537,0.14150475
snap_anchor,ridge_dynamic_context,11818,10,134,0.12924123,0.08398359
snap_anchor,ridge_dynamic_context,11818,20,107,0.23344266,0.10686926
snap_anchor,ridge_dynamic_context,11818,30,86,0.12132106,0.11763762
snap_anchor,ridge_dynamic_context,11818,40,73,0.12255762,0.08752931
snap_anchor,ridge_dynamic_context,11818,50,51,0.00673493,0.00570136
snap_anchor,extra_trees,11818,10,134,0.09928289,0.06232247
snap_anchor,extra_trees,11818,20,107,0.21696280,0.08363212
snap_anchor,extra_trees,11818,30,86,0.17260096,0.16045096
snap_anchor,extra_trees,11818,40,73,0.16715084,0.10551648
snap_anchor,extra_trees,11818,50,51,0.17463778,0.15212670
snap_anchor,hist_gradient_boosting,11818,10,134,0.07718314,0.04709535
snap_anchor,hist_gradient_boosting,11818,20,107,0.28150538,0.09902232
snap_anchor,hist_gradient_boosting,11818,30,86,0.17375931,0.11984528
snap_anchor,hist_gradient_boosting,11818,40,73,0.16662360,0.09916080
snap_anchor,hist_gradient_boosting,11818,50,51,0.09208984,0.08036199
snap_anchor,ridge_dynamic_context,11855,10,136,0.18770990,0.11814799
snap_anchor,ridge_dynamic_context,11855,20,113,0.18131485,0.09529077
snap_anchor,ridge_dynamic_context,11855,30,88,0.11515958,0.14627875
snap_anchor,ridge_dynamic_context,11855,40,69,0.07312063,0.10621118
snap_anchor,ridge_dynamic_context,11855,50,53,0.22282234,0.20698274
snap_anchor,extra_trees,11855,10,136,0.25551647,0.21951720
snap_anchor,extra_trees,11855,20,113,0.22410658,0.14743163
snap_anchor,extra_trees,11855,30,88,0.16165121,0.22082702
snap_anchor,extra_trees,11855,40,69,0.11908361,0.15652174
snap_anchor,extra_trees,11855,50,53,0.27719235,0.25874859
snap_anchor,hist_gradient_boosting,11855,10,136,0.26088371,0.26647107
snap_anchor,hist_gradient_boosting,11855,20,113,0.25363771,0.22892408
snap_anchor,hist_gradient_boosting,11855,30,88,0.19520030,0.23664189
snap_anchor,hist_gradient_boosting,11855,40,69,0.14685908,0.16302521
snap_anchor,hist_gradient_boosting,11855,50,53,0.28291634,0.25995807
snap_anchor,ridge_dynamic_context,11892,10,136,0.16031621,0.05798865
snap_anchor,ridge_dynamic_context,11892,20,110,0.20927880,0.08990826
snap_anchor,ridge_dynamic_context,11892,30,95,0.11832149,0.09314110
snap_anchor,ridge_dynamic_context,11892,40,79,0.12390457,0.09099318
snap_anchor,ridge_dynamic_context,11892,50,57,0.15757193,0.07330827
snap_anchor,extra_trees,11892,10,136,0.10210249,0.02652068
snap_anchor,extra_trees,11892,20,110,0.19498224,0.05928815
snap_anchor,extra_trees,11892,30,95,0.08835082,0.07220045
snap_anchor,extra_trees,11892,40,79,0.08948793,0.07604674
snap_anchor,extra_trees,11892,50,57,0.18088869,0.11641172
snap_anchor,hist_gradient_boosting,11892,10,136,0.20301050,0.17434760
snap_anchor,hist_gradient_boosting,11892,20,110,0.30494442,0.18553750
snap_anchor,hist_gradient_boosting,11892,30,95,0.19321715,0.20208567
snap_anchor,hist_gradient_boosting,11892,40,79,0.15904761,0.15562317
snap_anchor,hist_gradient_boosting,11892,50,57,0.23107827,0.20397978
snap_anchor,ridge_dynamic_context,11929,10,127,0.12864661,0.07961895
snap_anchor,ridge_dynamic_context,11929,20,104,0.15758218,0.07160994
snap_anchor,ridge_dynamic_context,11929,30,83,0.22549368,0.10085639
snap_anchor,ridge_dynamic_context,11929,40,71,0.03724930,0.04989940
snap_anchor,ridge_dynamic_context,11929,50,56,-0.04527988,-0.06951470
snap_anchor,extra_trees,11929,10,127,0.14309517,0.11550900
snap_anchor,extra_trees,11929,20,104,0.15884223,0.07249547
snap_anchor,extra_trees,11929,30,83,0.27407440,0.13112380
snap_anchor,extra_trees,11929,40,71,0.08036488,0.06844400
snap_anchor,extra_trees,11929,50,56,0.00469233,-0.02535885
snap_anchor,hist_gradient_boosting,11929,10,127,0.15051981,0.14028520
snap_anchor,hist_gradient_boosting,11929,20,104,0.21341987,0.16184786
snap_anchor,hist_gradient_boosting,11929,30,83,0.27534546,0.18248604
snap_anchor,hist_gradient_boosting,11929,40,71,0.16062980,0.19285714
snap_anchor,hist_gradient_boosting,11929,50,56,0.00273378,0.02966507
snap_anchor,ridge_dynamic_context,11966,10,130,-0.07292600,-0.01764055
snap_anchor,ridge_dynamic_context,11966,20,109,-0.04033094,-0.01081457
snap_anchor,ridge_dynamic_context,11966,30,89,0.06377315,0.06109976
snap_anchor,ridge_dynamic_context,11966,40,72,0.04383107,0.07309152
snap_anchor,ridge_dynamic_context,11966,50,56,0.15969776,0.18755981
snap_anchor,extra_trees,11966,10,130,-0.04551541,0.00450914
snap_anchor,extra_trees,11966,20,109,0.03632180,0.02480771
snap_anchor,extra_trees,11966,30,89,0.12488144,0.08833844
snap_anchor,extra_trees,11966,40,72,0.15226480,0.13528201
snap_anchor,extra_trees,11966,50,56,0.25484699,0.22713602
snap_anchor,hist_gradient_boosting,11966,10,130,-0.04563517,0.02711767
snap_anchor,hist_gradient_boosting,11966,20,109,0.10765833,0.09259568
snap_anchor,hist_gradient_boosting,11966,30,89,0.11306176,0.07885598
snap_anchor,hist_gradient_boosting,11966,40,72,0.11997220,0.09592257
snap_anchor,hist_gradient_boosting,11966,50,56,0.23545101,0.22597403
snap_anchor,ridge_dynamic_context,12003,10,121,0.13340466,0.11551280
snap_anchor,ridge_dynamic_context,12003,20,103,0.22121360,0.11690023
snap_anchor,ridge_dynamic_context,12003,30,84,0.37664567,0.21103574
snap_anchor,ridge_dynamic_context,12003,40,69,0.41199430,0.23427110
snap_anchor,ridge_dynamic_context,12003,50,55,0.24025087,0.22128427
snap_anchor,extra_trees,12003,10,121,0.16977685,0.14301585
snap_anchor,extra_trees,12003,20,103,0.27121018,0.15418662
snap_anchor,extra_trees,12003,30,84,0.38050551,0.22972563
snap_anchor,extra_trees,12003,40,69,0.47854467,0.30255754
snap_anchor,extra_trees,12003,50,55,0.31195420,0.30822511
snap_anchor,hist_gradient_boosting,12003,10,121,0.14134353,0.14784582
snap_anchor,hist_gradient_boosting,12003,20,103,0.26820526,0.19385626
snap_anchor,hist_gradient_boosting,12003,30,84,0.42945862,0.26781411
snap_anchor,hist_gradient_boosting,12003,40,69,0.47321117,0.30098648
snap_anchor,hist_gradient_boosting,12003,50,55,0.28312679,0.25880231
snap_anchor,ridge_dynamic_context,12040,10,138,0.07420108,0.01820365
snap_anchor,ridge_dynamic_context,12040,20,118,0.03471193,0.00486088
snap_anchor,ridge_dynamic_context,12040,30,97,0.04131780,0.04385388
snap_anchor,ridge_dynamic_context,12040,40,79,0.04994625,0.04671373
snap_anchor,ridge_dynamic_context,12040,50,65,0.12093182,0.12263986
snap_anchor,extra_trees,12040,10,138,0.08382432,0.03297115
snap_anchor,extra_trees,12040,20,118,0.04408189,0.01748966
snap_anchor,extra_trees,12040,30,97,0.08665629,0.06384126
snap_anchor,extra_trees,12040,40,79,0.09903860,0.08188900
snap_anchor,extra_trees,12040,50,65,0.12041396,0.09829545
snap_anchor,hist_gradient_boosting,12040,10,138,0.03911171,0.06428244
snap_anchor,hist_gradient_boosting,12040,20,118,0.13912232,0.13443552
snap_anchor,hist_gradient_boosting,12040,30,97,0.14853761,0.13740006
snap_anchor,hist_gradient_boosting,12040,40,79,0.20193162,0.18558909
snap_anchor,hist_gradient_boosting,12040,50,65,0.23368827,0.19423077
snap_anchor,ridge_dynamic_context,12077,10,140,0.21105363,0.12944392
snap_anchor,ridge_dynamic_context,12077,20,116,0.20128901,0.08610310
snap_anchor,ridge_dynamic_context,12077,30,91,0.27735241,0.11044752
snap_anchor,ridge_dynamic_context,12077,40,76,0.30491274,0.12363636
snap_anchor,ridge_dynamic_context,12077,50,64,0.18234521,0.13058608
snap_anchor,extra_trees,12077,10,140,0.21938427,0.12217096
snap_anchor,extra_trees,12077,20,116,0.19686740,0.07024949
snap_anchor,extra_trees,12077,30,91,0.29067012,0.08397834
snap_anchor,extra_trees,12077,40,76,0.37482646,0.18580998
snap_anchor,extra_trees,12077,50,64,0.27839734,0.23933150
snap_anchor,hist_gradient_boosting,12077,10,140,0.14776474,0.09820472
snap_anchor,hist_gradient_boosting,12077,20,116,0.18803241,0.09269212
snap_anchor,hist_gradient_boosting,12077,30,91,0.26536713,0.11567129
snap_anchor,hist_gradient_boosting,12077,40,76,0.32350683,0.16680793
snap_anchor,hist_gradient_boosting,12077,50,64,0.21749012,0.17747253
snap_anchor,ridge_dynamic_context,12114,10,135,0.17990681,0.09457614
snap_anchor,ridge_dynamic_context,12114,20,106,0.23583040,0.12768219
snap_anchor,ridge_dynamic_context,12114,30,86,0.20409567,0.17722534
snap_anchor,ridge_dynamic_context,12114,40,72,0.14792320,0.10801338
snap_anchor,ridge_dynamic_context,12114,50,57,0.04998281,0.00337050
snap_anchor,extra_trees,12114,10,135,0.19622973,0.17097844
snap_anchor,extra_trees,12114,20,106,0.26164760,0.19310779
snap_anchor,extra_trees,12114,30,86,0.19506493,0.19941507
snap_anchor,extra_trees,12114,40,72,0.23550923,0.22786031
snap_anchor,extra_trees,12114,50,57,0.10598080,0.12075447
snap_anchor,hist_gradient_boosting,12114,10,135,0.14167024,0.10148766
snap_anchor,hist_gradient_boosting,12114,20,106,0.27829281,0.17536338
snap_anchor,hist_gradient_boosting,12114,30,86,0.17349624,0.13790273
snap_anchor,hist_gradient_boosting,12114,40,72,0.17510316,0.13717924
snap_anchor,hist_gradient_boosting,12114,50,57,0.10973557,0.06941924
snap_anchor,ridge_dynamic_context,12151,10,144,0.11393687,0.00964553
snap_anchor,ridge_dynamic_context,12151,20,119,0.15330656,0.03809999
snap_anchor,ridge_dynamic_context,12151,30,95,0.07823236,0.03590426
snap_anchor,ridge_dynamic_context,12151,40,81,0.03904980,0.00074526
snap_anchor,ridge_dynamic_context,12151,50,61,0.17107135,0.13347435
snap_anchor,extra_trees,12151,10,144,0.12711192,0.04425287
snap_anchor,extra_trees,12151,20,119,0.15314371,0.02144994
snap_anchor,extra_trees,12151,30,95,0.11520143,0.05764278
snap_anchor,extra_trees,12151,40,81,0.09802681,0.05941734
snap_anchor,extra_trees,12151,50,61,0.28637199,0.27747224
snap_anchor,hist_gradient_boosting,12151,10,144,0.12153316,0.02866731
snap_anchor,hist_gradient_boosting,12151,20,119,0.18225398,0.05383136
snap_anchor,hist_gradient_boosting,12151,30,95,0.09099549,0.07728163
snap_anchor,hist_gradient_boosting,12151,40,81,0.10292877,0.08615628
snap_anchor,hist_gradient_boosting,12151,50,61,0.26320906,0.24447382
snap_anchor,ridge_dynamic_context,12188,10,137,-0.03210408,0.05604197
snap_anchor,ridge_dynamic_context,12188,20,112,0.15449505,0.07767281
snap_anchor,ridge_dynamic_context,12188,30,86,0.23796046,0.11439219
snap_anchor,ridge_dynamic_context,12188,40,75,0.18549425,0.03089616
snap_anchor,ridge_dynamic_context,12188,50,57,0.05468688,0.02313975
snap_anchor,extra_trees,12188,10,137,0.06068780,0.11864114
snap_anchor,extra_trees,12188,20,112,0.20116111,0.12361192
snap_anchor,extra_trees,12188,30,86,0.27928560,0.13278928
snap_anchor,extra_trees,12188,40,75,0.24370467,0.04429587
snap_anchor,extra_trees,12188,50,57,0.16242200,0.11472647
snap_anchor,hist_gradient_boosting,12188,10,137,0.01046796,0.12721918
snap_anchor,hist_gradient_boosting,12188,20,112,0.23594687,0.15798510
snap_anchor,hist_gradient_boosting,12188,30,86,0.30084512,0.18564083
snap_anchor,hist_gradient_boosting,12188,40,75,0.29464619,0.15021337
snap_anchor,hist_gradient_boosting,12188,50,57,0.21126910,0.18725694
snap_anchor,ridge_dynamic_context,12225,10,135,0.11634636,0.09692225
snap_anchor,ridge_dynamic_context,12225,20,111,0.15469202,0.09025097
snap_anchor,ridge_dynamic_context,12225,30,86,0.14382443,0.16107364
snap_anchor,ridge_dynamic_context,12225,40,70,0.09172772,0.09194296
snap_anchor,ridge_dynamic_context,12225,50,50,0.00877956,0.01599040
snap_anchor,extra_trees,12225,10,135,0.16481330,0.11981758
snap_anchor,extra_trees,12225,20,111,0.20421520,0.09583187
snap_anchor,extra_trees,12225,30,86,0.14577082,0.13812916
snap_anchor,extra_trees,12225,40,70,0.11797667,0.09502231
snap_anchor,extra_trees,12225,50,50,0.06886804,0.04537815
snap_anchor,hist_gradient_boosting,12225,10,135,0.10699421,0.11090625
snap_anchor,hist_gradient_boosting,12225,20,111,0.22156920,0.14036504
snap_anchor,hist_gradient_boosting,12225,30,86,0.14560036,0.12567574
snap_anchor,hist_gradient_boosting,12225,40,70,0.11482155,0.08301986
snap_anchor,hist_gradient_boosting,12225,50,50,0.09875648,0.07246098
snap_anchor,ridge_dynamic_context,12262,10,127,0.11130381,0.08677822
snap_anchor,ridge_dynamic_context,12262,20,106,0.18700567,0.11832128
snap_anchor,ridge_dynamic_context,12262,30,79,0.26038656,0.13300876
snap_anchor,ridge_dynamic_context,12262,40,64,0.11557316,0.12582418
snap_anchor,ridge_dynamic_context,12262,50,46,0.17051911,0.21134752
snap_anchor,extra_trees,12262,10,127,0.21569560,0.18969699
snap_anchor,extra_trees,12262,20,106,0.27574859,0.18599390
snap_anchor,extra_trees,12262,30,79,0.34503078,0.18870497
snap_anchor,extra_trees,12262,40,64,0.25575920,0.23434066
snap_anchor,extra_trees,12262,50,46,0.28459679,0.25982115
snap_anchor,hist_gradient_boosting,12262,10,127,0.19458436,0.18079185
snap_anchor,hist_gradient_boosting,12262,20,106,0.26201900,0.19660428
snap_anchor,hist_gradient_boosting,12262,30,79,0.32839625,0.22261441
snap_anchor,hist_gradient_boosting,12262,40,64,0.20519605,0.23333333
snap_anchor,hist_gradient_boosting,12262,50,46,0.26082882,0.30397780
snap_anchor,ridge_dynamic_context,12299,10,134,-0.05327820,-0.03499046
snap_anchor,ridge_dynamic_context,12299,20,113,0.09588471,0.03909109
snap_anchor,ridge_dynamic_context,12299,30,95,0.18845971,0.07025476
snap_anchor,ridge_dynamic_context,12299,40,79,0.05487761,0.07658228
snap_anchor,ridge_dynamic_context,12299,50,63,0.10875600,0.10104647
snap_anchor,extra_trees,12299,10,134,0.04679273,0.00793277
snap_anchor,extra_trees,12299,20,113,0.11360201,0.02302216
snap_anchor,extra_trees,12299,30,95,0.23427141,0.05100784
snap_anchor,extra_trees,12299,40,79,0.09759001,0.05172833
snap_anchor,extra_trees,12299,50,63,0.15686847,0.14088902
snap_anchor,hist_gradient_boosting,12299,10,134,-0.02699323,-0.02593299
snap_anchor,hist_gradient_boosting,12299,20,113,0.10416545,0.02213221
snap_anchor,hist_gradient_boosting,12299,30,95,0.17971392,0.06196809
snap_anchor,hist_gradient_boosting,12299,40,79,0.08716544,0.07823759
snap_anchor,hist_gradient_boosting,12299,50,63,0.13190260,0.12466398
snap_anchor,ridge_dynamic_context,12336,10,136,0.05695250,0.04827537
snap_anchor,ridge_dynamic_context,12336,20,116,0.04947524,0.05554915
snap_anchor,ridge_dynamic_context,12336,30,99,0.03168222,0.04273346
snap_anchor,ridge_dynamic_context,12336,40,77,-0.01110660,0.00304958
snap_anchor,ridge_dynamic_context,12336,50,59,0.10001834,0.05534775
snap_anchor,extra_trees,12336,10,136,0.11274488,0.09713754
snap_anchor,extra_trees,12336,20,116,0.08927713,0.09452966
snap_anchor,extra_trees,12336,30,99,0.03958953,0.04832406
snap_anchor,extra_trees,12336,40,77,0.02041679,0.05541827
snap_anchor,extra_trees,12336,50,59,0.19267726,0.14915254
snap_anchor,hist_gradient_boosting,12336,10,136,0.12398944,0.12308096
snap_anchor,hist_gradient_boosting,12336,20,116,0.07537641,0.09807404
snap_anchor,hist_gradient_boosting,12336,30,99,0.03544906,0.08200371
snap_anchor,hist_gradient_boosting,12336,40,77,0.00507579,0.04059099
snap_anchor,hist_gradient_boosting,12336,50,59,0.17991932,0.14184687
snap_anchor,ridge_dynamic_context,12373,10,139,0.11093652,0.06771527
snap_anchor,ridge_dynamic_context,12373,20,112,0.19291244,0.10856084
snap_anchor,ridge_dynamic_context,12373,30,85,0.28747944,0.15856947
snap_anchor,ridge_dynamic_context,12373,40,75,0.08643820,0.06975818
snap_anchor,ridge_dynamic_context,12373,50,63,0.06327973,0.03941052
snap_anchor,extra_trees,12373,10,139,0.16642274,0.15369319
snap_anchor,extra_trees,12373,20,112,0.24713357,0.16917518
snap_anchor,extra_trees,12373,30,85,0.30102850,0.15221810
snap_anchor,extra_trees,12373,40,75,0.11128660,0.10443812
snap_anchor,extra_trees,12373,50,63,0.10395541,0.10863095
snap_anchor,hist_gradient_boosting,12373,10,139,0.14172182,0.15968542
snap_anchor,hist_gradient_boosting,12373,20,112,0.30967374,0.22287901
snap_anchor,hist_gradient_boosting,12373,30,85,0.35530854,0.19609146
snap_anchor,hist_gradient_boosting,12373,40,75,0.17500127,0.15365576
snap_anchor,hist_gradient_boosting,12373,50,63,0.15805903,0.14429724
snap_anchor,ridge_dynamic_context,12410,10,134,-0.02878489,0.03038691
snap_anchor,ridge_dynamic_context,12410,20,109,0.10826979,0.10246502
snap_anchor,ridge_dynamic_context,12410,30,88,0.19074953,0.21652989
snap_anchor,ridge_dynamic_context,12410,40,73,0.12383101,0.17879181
snap_anchor,ridge_dynamic_context,12410,50,59,0.15313660,0.23232028
snap_anchor,extra_trees,12410,10,134,0.07746908,0.07935012
snap_anchor,extra_trees,12410,20,109,0.20744378,0.16811232
snap_anchor,extra_trees,12410,30,88,0.29287960,0.24877602
snap_anchor,extra_trees,12410,40,73,0.20815667,0.22047390
snap_anchor,extra_trees,12410,50,59,0.24609353,0.31309176
snap_anchor,hist_gradient_boosting,12410,10,134,0.03174504,0.08141498
snap_anchor,hist_gradient_boosting,12410,20,109,0.19379878,0.18294875
snap_anchor,hist_gradient_boosting,12410,30,88,0.22229998,0.20638583
snap_anchor,hist_gradient_boosting,12410,40,73,0.15807825,0.19233617
snap_anchor,hist_gradient_boosting,12410,50,59,0.19949014,0.27364115
snap_anchor,ridge_dynamic_context,12447,10,130,0.24611433,0.17283044
snap_anchor,ridge_dynamic_context,12447,20,102,0.20255143,0.14442101
snap_anchor,ridge_dynamic_context,12447,30,78,0.13688790,0.18845711
snap_anchor,ridge_dynamic_context,12447,40,68,0.14605968,0.16120166
snap_anchor,ridge_dynamic_context,12447,50,54,0.27195956,0.22119306
snap_anchor,extra_trees,12447,10,130,0.29414264,0.18148821
snap_anchor,extra_trees,12447,20,102,0.23010639,0.16997925
snap_anchor,extra_trees,12447,30,78,0.19215600,0.21678322
snap_anchor,extra_trees,12447,40,68,0.18154230,0.20758102
snap_anchor,extra_trees,12447,50,54,0.36506895,0.31175910
snap_anchor,hist_gradient_boosting,12447,10,130,0.31803097,0.21832061
snap_anchor,hist_gradient_boosting,12447,20,102,0.29359429,0.16949296
snap_anchor,hist_gradient_boosting,12447,30,78,0.24970883,0.17932700
snap_anchor,hist_gradient_boosting,12447,40,68,0.24981042,0.18074589
snap_anchor,hist_gradient_boosting,12447,50,54,0.31458983,0.24436821
snap_anchor,ridge_dynamic_context,12484,10,137,0.19164509,0.11175257
snap_anchor,ridge_dynamic_context,12484,20,112,0.14369052,0.06581645
snap_anchor,ridge_dynamic_context,12484,30,94,0.24830959,0.13642308
snap_anchor,ridge_dynamic_context,12484,40,82,0.28221742,0.16148061
snap_anchor,ridge_dynamic_context,12484,50,61,0.09093135,0.07826547
snap_anchor,extra_trees,12484,10,137,0.17462877,0.13431310
snap_anchor,extra_trees,12484,20,112,0.18197016,0.10249599
snap_anchor,extra_trees,12484,30,94,0.19967130,0.08979518
snap_anchor,extra_trees,12484,40,82,0.26031874,0.14067109
snap_anchor,extra_trees,12484,50,61,0.13284643,0.12247488
snap_anchor,hist_gradient_boosting,12484,10,137,0.15947090,0.08331155
snap_anchor,hist_gradient_boosting,12484,20,112,0.16568862,0.04762189
snap_anchor,hist_gradient_boosting,12484,30,94,0.22706891,0.11266842
snap_anchor,hist_gradient_boosting,12484,40,82,0.25502652,0.14040988
snap_anchor,hist_gradient_boosting,12484,50,61,0.14884784,0.10206240
snap_anchor,ridge_dynamic_context,12521,10,138,0.21952926,0.10457569
snap_anchor,ridge_dynamic_context,12521,20,112,0.08629322,0.10655346
snap_anchor,ridge_dynamic_context,12521,30,82,0.16695459,0.17804552
snap_anchor,ridge_dynamic_context,12521,40,66,0.11442232,0.14944160
snap_anchor,ridge_dynamic_context,12521,50,53,0.02011298,0.06418320
snap_anchor,extra_trees,12521,10,138,0.30742678,0.21206697
snap_anchor,extra_trees,12521,20,112,0.19166811,0.19208494
snap_anchor,extra_trees,12521,30,82,0.22013487,0.23191955
snap_anchor,extra_trees,12521,40,66,0.15562731,0.17837386
snap_anchor,extra_trees,12521,50,53,0.06281693,0.12207708
snap_anchor,hist_gradient_boosting,12521,10,138,0.28924470,0.21925893
snap_anchor,hist_gradient_boosting,12521,20,112,0.16811783,0.19642430
snap_anchor,hist_gradient_boosting,12521,30,82,0.23009488,0.25205429
snap_anchor,hist_gradient_boosting,12521,40,66,0.18604398,0.22342135
snap_anchor,hist_gradient_boosting,12521,50,53,0.14105731,0.16061925
snap_anchor,ridge_dynamic_context,12558,10,136,0.11721683,0.07174276
snap_anchor,ridge_dynamic_context,12558,20,114,0.21433268,0.13615358
snap_anchor,ridge_dynamic_context,12558,30,90,0.28347826,0.12970326
snap_anchor,ridge_dynamic_context,12558,40,74,0.29865860,0.06875972
snap_anchor,ridge_dynamic_context,12558,50,58,0.09729978,0.02168630
snap_anchor,extra_trees,12558,10,136,0.13226051,0.09141739
snap_anchor,extra_trees,12558,20,114,0.20325229,0.10334744
snap_anchor,extra_trees,12558,30,90,0.24234918,0.08638927
snap_anchor,extra_trees,12558,40,74,0.27193748,0.07338023
snap_anchor,extra_trees,12558,50,58,0.05070688,0.02144022
snap_anchor,hist_gradient_boosting,12558,10,136,0.03571727,0.02673059
snap_anchor,hist_gradient_boosting,12558,20,114,0.16851277,0.08709018
snap_anchor,hist_gradient_boosting,12558,30,90,0.26326041,0.15156604
snap_anchor,hist_gradient_boosting,12558,40,74,0.29826917,0.13439467
snap_anchor,hist_gradient_boosting,12558,50,58,0.07488265,0.06721216
snap_anchor,ridge_dynamic_context,12595,10,138,0.10869561,0.14523424
snap_anchor,ridge_dynamic_context,12595,20,110,0.16800476,0.14717219
snap_anchor,ridge_dynamic_context,12595,30,93,0.23165834,0.17404733
snap_anchor,ridge_dynamic_context,12595,40,79,0.31922852,0.24167478
snap_anchor,ridge_dynamic_context,12595,50,62,0.30687467,0.29299187
snap_anchor,extra_trees,12595,10,138,0.10533091,0.14139853
snap_anchor,extra_trees,12595,20,110,0.18036694,0.15869531
snap_anchor,extra_trees,12595,30,93,0.28087737,0.18061234
snap_anchor,extra_trees,12595,40,79,0.36882496,0.27149464
snap_anchor,extra_trees,12595,50,62,0.39694419,0.37689809
snap_anchor,hist_gradient_boosting,12595,10,138,0.10396971,0.17375551
snap_anchor,hist_gradient_boosting,12595,20,110,0.22745657,0.20743863
snap_anchor,hist_gradient_boosting,12595,30,93,0.34659904,0.26476381
snap_anchor,hist_gradient_boosting,12595,40,79,0.43804387,0.36075949
snap_anchor,hist_gradient_boosting,12595,50,62,0.38886115,0.40988643
snap_anchor,ridge_dynamic_context,12632,10,132,0.14832242,0.06287405
snap_anchor,ridge_dynamic_context,12632,20,112,0.18400195,0.08436123
snap_anchor,ridge_dynamic_context,12632,30,89,0.26885965,0.12398706
snap_anchor,ridge_dynamic_context,12632,40,71,0.07539678,0.09644534
snap_anchor,ridge_dynamic_context,12632,50,56,0.09400672,0.06473001
snap_anchor,extra_trees,12632,10,132,0.29452180,0.22880414
snap_anchor,extra_trees,12632,20,112,0.26729311,0.20151536
snap_anchor,extra_trees,12632,30,89,0.39253068,0.28998979
snap_anchor,extra_trees,12632,40,71,0.24668620,0.28417170
snap_anchor,extra_trees,12632,50,56,0.23948673,0.26507177
snap_anchor,hist_gradient_boosting,12632,10,132,0.22802005,0.19798281
snap_anchor,hist_gradient_boosting,12632,20,112,0.25436718,0.19885024
snap_anchor,hist_gradient_boosting,12632,30,89,0.38400751,0.29473953
snap_anchor,hist_gradient_boosting,12632,40,71,0.22063968,0.26120054
snap_anchor,hist_gradient_boosting,12632,50,56,0.13027227,0.18516746
snap_anchor,ridge_dynamic_context,12669,10,139,0.17186439,0.11086733
snap_anchor,ridge_dynamic_context,12669,20,110,0.18112046,0.09659852
snap_anchor,ridge_dynamic_context,12669,30,91,0.31173663,0.19703774
snap_anchor,ridge_dynamic_context,12669,40,71,0.11084906,0.11458753
snap_anchor,ridge_dynamic_context,12669,50,55,0.11299571,0.15548341
snap_anchor,extra_trees,12669,10,139,0.16855356,0.16235757
snap_anchor,extra_trees,12669,20,110,0.25783868,0.12543336
snap_anchor,extra_trees,12669,30,91,0.37167871,0.20705526
snap_anchor,extra_trees,12669,40,71,0.15379984,0.12847082
snap_anchor,extra_trees,12669,50,55,0.18761713,0.17582973
snap_anchor,hist_gradient_boosting,12669,10,139,0.23826719,0.22999240
snap_anchor,hist_gradient_boosting,12669,20,110,0.31767399,0.24308996
snap_anchor,hist_gradient_boosting,12669,30,91,0.37827857,0.24803313
snap_anchor,hist_gradient_boosting,12669,40,71,0.17588987,0.16706908
snap_anchor,hist_gradient_boosting,12669,50,55,0.22023312,0.21919192
snap_anchor,ridge_dynamic_context,12706,10,140,0.03979230,0.01704752
snap_anchor,ridge_dynamic_context,12706,20,111,0.09876427,0.02064760
snap_anchor,ridge_dynamic_context,12706,30,87,0.27156077,0.16760225
snap_anchor,ridge_dynamic_context,12706,40,69,0.29023876,0.12645232
snap_anchor,ridge_dynamic_context,12706,50,55,0.20890573,0.17128427
snap_anchor,extra_trees,12706,10,140,0.06044222,0.05625943
snap_anchor,extra_trees,12706,20,111,0.13998686,0.07960688
snap_anchor,extra_trees,12706,30,87,0.26841920,0.17968579
snap_anchor,extra_trees,12706,40,69,0.32959738,0.20449397
snap_anchor,extra_trees,12706,50,55,0.19557267,0.17366522
snap_anchor,hist_gradient_boosting,12706,10,140,0.11858658,0.08547375
snap_anchor,hist_gradient_boosting,12706,20,111,0.17609838,0.11524219
snap_anchor,hist_gradient_boosting,12706,30,87,0.34365626,0.24921630
snap_anchor,hist_gradient_boosting,12706,40,69,0.37916556,0.25495068
snap_anchor,hist_gradient_boosting,12706,50,55,0.32738990,0.31406926
snap_anchor,ridge_dynamic_context,12743,10,128,0.19476672,0.11624474
snap_anchor,ridge_dynamic_context,12743,20,106,0.23602051,0.17328765
snap_anchor,ridge_dynamic_context,12743,30,81,0.37310762,0.23963415
snap_anchor,ridge_dynamic_context,12743,40,63,0.35732274,0.19071621
snap_anchor,ridge_dynamic_context,12743,50,51,0.24488282,0.27384615
snap_anchor,extra_trees,12743,10,128,0.19238939,0.10982993
snap_anchor,extra_trees,12743,20,106,0.26610646,0.15912034
snap_anchor,extra_trees,12743,30,81,0.37660177,0.20011292
snap_anchor,extra_trees,12743,40,63,0.44697173,0.23430300
snap_anchor,extra_trees,12743,50,51,0.32898032,0.30488688
snap_anchor,hist_gradient_boosting,12743,10,128,0.21400252,0.16081075
snap_anchor,hist_gradient_boosting,12743,20,106,0.27102187,0.21846991
snap_anchor,hist_gradient_boosting,12743,30,81,0.41801931,0.24948058
snap_anchor,hist_gradient_boosting,12743,40,63,0.48543284,0.30078725
snap_anchor,hist_gradient_boosting,12743,50,51,0.36038679,0.36244344
snap_anchor,ridge_dynamic_context,12780,10,135,0.04651686,0.00154619
snap_anchor,ridge_dynamic_context,12780,20,111,0.09626579,0.00615128
snap_anchor,ridge_dynamic_context,12780,30,89,-0.02889372,-0.00858018
snap_anchor,ridge_dynamic_context,12780,40,75,-0.05129018,-0.06224751
snap_anchor,ridge_dynamic_context,12780,50,56,-0.21323230,-0.22440191
snap_anchor,extra_trees,12780,10,135,0.05080183,-0.01047703
snap_anchor,extra_trees,12780,20,111,0.10688888,0.00025448
snap_anchor,extra_trees,12780,30,89,-0.04413343,-0.06220633
snap_anchor,extra_trees,12780,40,75,-0.09888286,-0.14341394
snap_anchor,extra_trees,12780,50,56,-0.22637074,-0.27621326
snap_anchor,hist_gradient_boosting,12780,10,135,0.01733886,-0.00724320
snap_anchor,hist_gradient_boosting,12780,20,111,0.08117012,0.03267813
snap_anchor,hist_gradient_boosting,12780,30,89,0.00192672,0.03038815
snap_anchor,hist_gradient_boosting,12780,40,75,-0.04915756,-0.03408250
snap_anchor,hist_gradient_boosting,12780,50,56,-0.16889136,-0.18653452
snap_anchor,ridge_dynamic_context,12817,10,127,0.10749051,0.04091676
snap_anchor,ridge_dynamic_context,12817,20,107,0.22128016,0.10154980
snap_anchor,ridge_dynamic_context,12817,30,85,0.24490583,0.11426617
snap_anchor,ridge_dynamic_context,12817,40,69,0.26574200,0.10358056
snap_anchor,ridge_dynamic_context,12817,50,46,0.21432217,0.12944804
snap_anchor,extra_trees,12817,10,127,0.10014253,0.05652418
snap_anchor,extra_trees,12817,20,107,0.15975969,0.06076726
snap_anchor,extra_trees,12817,30,85,0.23457247,0.08067227
snap_anchor,extra_trees,12817,40,69,0.25673897,0.08757764
snap_anchor,extra_trees,12817,50,46,0.27548409,0.19074931
snap_anchor,hist_gradient_boosting,12817,10,127,0.00961011,0.03102737
snap_anchor,hist_gradient_boosting,12817,20,107,0.19918801,0.08462156
snap_anchor,hist_gradient_boosting,12817,30,85,0.24247976,0.10254055
snap_anchor,hist_gradient_boosting,12817,40,69,0.27339294,0.09400804
snap_anchor,hist_gradient_boosting,12817,50,46,0.20635128,0.13462843
snap_anchor,ridge_dynamic_context,12854,10,137,0.08456244,0.03037318
snap_anchor,ridge_dynamic_context,12854,20,109,0.17800088,0.05082013
snap_anchor,ridge_dynamic_context,12854,30,84,0.13171625,0.09399615
snap_anchor,ridge_dynamic_context,12854,40,74,0.17038892,0.15835616
snap_anchor,ridge_dynamic_context,12854,50,58,0.10591360,0.10461718
snap_anchor,extra_trees,12854,10,137,0.17708190,0.09220229
snap_anchor,extra_trees,12854,20,109,0.20757795,0.07305162
snap_anchor,extra_trees,12854,30,84,0.10094880,0.08808343
snap_anchor,extra_trees,12854,40,74,0.12591272,0.12707886
snap_anchor,extra_trees,12854,50,58,0.10045967,0.12430404
snap_anchor,hist_gradient_boosting,12854,10,137,0.17626273,0.18168369
snap_anchor,hist_gradient_boosting,12854,20,109,0.20218599,0.15144102
snap_anchor,hist_gradient_boosting,12854,30,84,0.14011381,0.16450339
snap_anchor,hist_gradient_boosting,12854,40,74,0.17674574,0.23151425
snap_anchor,hist_gradient_boosting,12854,50,58,0.17699857,0.24291735
snap_anchor,ridge_dynamic_context,12891,10,140,0.20368709,0.13218604
snap_anchor,ridge_dynamic_context,12891,20,120,0.20944391,0.12295298
snap_anchor,ridge_dynamic_context,12891,30,88,0.26138760,0.13694481
snap_anchor,ridge_dynamic_context,12891,40,78,0.14231155,0.14880057
snap_anchor,ridge_dynamic_context,12891,50,62,0.18925532,0.17483821
snap_anchor,extra_trees,12891,10,140,0.20393232,0.11062518
snap_anchor,extra_trees,12891,20,120,0.22414130,0.11806375
snap_anchor,extra_trees,12891,30,88,0.32177514,0.15661653
snap_anchor,extra_trees,12891,40,78,0.23865766,0.21169969
snap_anchor,extra_trees,12891,50,62,0.27587768,0.24620382
snap_anchor,hist_gradient_boosting,12891,10,140,0.22292439,0.16463231
snap_anchor,hist_gradient_boosting,12891,20,120,0.25498429,0.22022363
snap_anchor,hist_gradient_boosting,12891,30,88,0.35034076,0.23968863
snap_anchor,hist_gradient_boosting,12891,40,78,0.24462502,0.25621214
snap_anchor,hist_gradient_boosting,12891,50,62,0.34001146,0.32547657
snap_anchor,ridge_dynamic_context,12928,10,140,0.04817872,-0.00858499
snap_anchor,ridge_dynamic_context,12928,20,118,0.09302965,0.04455133
snap_anchor,ridge_dynamic_context,12928,30,94,0.01237191,0.01639273
snap_anchor,ridge_dynamic_context,12928,40,80,0.09135593,0.09641350
snap_anchor,ridge_dynamic_context,12928,50,65,0.05453717,0.05428322
snap_anchor,extra_trees,12928,10,140,0.10380808,0.07943846
snap_anchor,extra_trees,12928,20,118,0.17643364,0.10334929
snap_anchor,extra_trees,12928,30,94,0.07075284,0.07031752
snap_anchor,extra_trees,12928,40,80,0.09739378,0.11879981
snap_anchor,extra_trees,12928,50,65,0.08684078,0.11617133
snap_anchor,hist_gradient_boosting,12928,10,140,0.10192148,0.09357329
snap_anchor,hist_gradient_boosting,12928,20,118,0.19863479,0.16591617
snap_anchor,hist_gradient_boosting,12928,30,94,0.10208302,0.14148033
snap_anchor,hist_gradient_boosting,12928,40,80,0.12799477,0.17543366
snap_anchor,hist_gradient_boosting,12928,50,65,0.16678750,0.22950175
snap_anchor,ridge_dynamic_context,12965,10,137,0.12545449,0.06124573
snap_anchor,ridge_dynamic_context,12965,20,116,0.18469833,0.10969131
snap_anchor,ridge_dynamic_context,12965,30,95,0.31779224,0.23709406
snap_anchor,ridge_dynamic_context,12965,40,77,0.36556553,0.25640149
snap_anchor,ridge_dynamic_context,12965,50,55,0.20667218,0.21587302
snap_anchor,extra_trees,12965,10,137,0.08603352,0.07969926
snap_anchor,extra_trees,12965,20,116,0.17841846,0.13890747
snap_anchor,extra_trees,12965,30,95,0.32232704,0.23674412
snap_anchor,extra_trees,12965,40,77,0.36297467,0.25298386
snap_anchor,extra_trees,12965,50,55,0.13759386,0.20418470
snap_anchor,hist_gradient_boosting,12965,10,137,0.06875543,0.06487203
snap_anchor,hist_gradient_boosting,12965,20,116,0.19304806,0.12652904
snap_anchor,hist_gradient_boosting,12965,30,95,0.28004095,0.18726204
snap_anchor,hist_gradient_boosting,12965,40,77,0.33791983,0.20918555
snap_anchor,hist_gradient_boosting,12965,50,55,0.08872748,0.11890332
snap_anchor,ridge_dynamic_context,13002,10,136,0.01702644,-0.03043748
snap_anchor,ridge_dynamic_context,13002,20,108,0.16221944,0.04182267
snap_anchor,ridge_dynamic_context,13002,30,89,0.20426930,0.05526047
snap_anchor,ridge_dynamic_context,13002,40,75,0.05430038,0.03917496
snap_anchor,ridge_dynamic_context,13002,50,60,0.12842353,0.07607669
snap_anchor,extra_trees,13002,10,136,0.04101857,0.00074424
snap_anchor,extra_trees,13002,20,108,0.19551704,0.07909152
snap_anchor,extra_trees,13002,30,89,0.21484888,0.04548859
snap_anchor,extra_trees,13002,40,75,0.06043385,0.04739687
snap_anchor,extra_trees,13002,50,60,0.15477405,0.13681578
snap_anchor,hist_gradient_boosting,13002,10,136,0.04620226,-0.00906445
snap_anchor,hist_gradient_boosting,13002,20,108,0.16209283,0.04570960
snap_anchor,hist_gradient_boosting,13002,30,89,0.22845427,0.08266939
snap_anchor,hist_gradient_boosting,13002,40,75,0.06968472,0.06739687
snap_anchor,hist_gradient_boosting,13002,50,60,0.10854291,0.11631009
snap_anchor,ridge_dynamic_context,13039,10,138,0.05865922,0.06473450
snap_anchor,ridge_dynamic_context,13039,20,116,0.03373875,0.04109484
snap_anchor,ridge_dynamic_context,13039,30,95,0.06688135,0.08422452
snap_anchor,ridge_dynamic_context,13039,40,78,0.07384535,0.08172840
snap_anchor,ridge_dynamic_context,13039,50,57,-0.01280238,-0.00674099
snap_anchor,extra_trees,13039,10,138,0.09387648,0.06062024
snap_anchor,extra_trees,13039,20,116,0.05523763,0.05265829
snap_anchor,extra_trees,13039,30,95,0.03056457,0.05146976
snap_anchor,extra_trees,13039,40,78,0.02182888,0.04192011
snap_anchor,extra_trees,13039,50,57,-0.04227107,-0.04919627
snap_anchor,hist_gradient_boosting,13039,10,138,0.04724904,0.07776223
snap_anchor,hist_gradient_boosting,13039,20,116,0.09618759,0.12112405
snap_anchor,hist_gradient_boosting,13039,30,95,0.07458546,0.08743001
snap_anchor,hist_gradient_boosting,13039,40,78,0.06820846,0.07070145
snap_anchor,hist_gradient_boosting,13039,50,57,0.04898673,0.03331605
snap_anchor,ridge_dynamic_context,13076,10,140,0.07656709,0.07017122
snap_anchor,ridge_dynamic_context,13076,20,119,0.14184208,0.07290272
snap_anchor,ridge_dynamic_context,13076,30,97,0.21796136,0.13951715
snap_anchor,ridge_dynamic_context,13076,40,77,0.07583422,0.08220727
snap_anchor,ridge_dynamic_context,13076,50,56,0.02898283,0.05980861
snap_anchor,extra_trees,13076,10,140,0.06975780,0.06292887
snap_anchor,extra_trees,13076,20,119,0.13563169,0.08588520
snap_anchor,extra_trees,13076,30,97,0.23283500,0.14916895
snap_anchor,extra_trees,13076,40,77,0.12379884,0.12064252
snap_anchor,extra_trees,13076,50,56,0.09220893,0.12406015
snap_anchor,hist_gradient_boosting,13076,10,140,0.05131834,0.04568017
snap_anchor,hist_gradient_boosting,13076,20,119,0.15327272,0.08659735
snap_anchor,hist_gradient_boosting,13076,30,97,0.24119815,0.12440827
snap_anchor,hist_gradient_boosting,13076,40,77,0.09071438,0.08672906
snap_anchor,hist_gradient_boosting,13076,50,56,0.05133969,0.07436774
snap_anchor,ridge_dynamic_context,13113,10,138,0.08666495,0.03387528
snap_anchor,ridge_dynamic_context,13113,20,117,0.22037186,0.12399407
snap_anchor,ridge_dynamic_context,13113,30,92,0.30620656,0.16269285
snap_anchor,ridge_dynamic_context,13113,40,81,0.17839560,0.17335140
snap_anchor,ridge_dynamic_context,13113,50,69,0.12085617,0.09539642
snap_anchor,extra_trees,13113,10,138,0.09691486,0.06543315
snap_anchor,extra_trees,13113,20,117,0.21154999,0.12621199
snap_anchor,extra_trees,13113,30,92,0.40120561,0.23473021
snap_anchor,extra_trees,13113,40,81,0.30380069,0.29243451
snap_anchor,extra_trees,13113,50,69,0.25038930,0.22678115
snap_anchor,hist_gradient_boosting,13113,10,138,0.10050089,0.09636543
snap_anchor,hist_gradient_boosting,13113,20,117,0.28324009,0.20915944
snap_anchor,hist_gradient_boosting,13113,30,92,0.37053341,0.19433442
snap_anchor,hist_gradient_boosting,13113,40,81,0.24801599,0.21894761
snap_anchor,hist_gradient_boosting,13113,50,69,0.20415645,0.16097917
snap_anchor,ridge_dynamic_context,13150,10,136,0.20363996,0.14831831
snap_anchor,ridge_dynamic_context,13150,20,114,0.29178897,0.20691764
snap_anchor,ridge_dynamic_context,13150,30,93,0.38643838,0.28641342
snap_anchor,ridge_dynamic_context,13150,40,75,0.26578389,0.28657183
snap_anchor,ridge_dynamic_context,13150,50,56,0.41263018,0.37375256
snap_anchor,extra_trees,13150,10,136,0.23450976,0.18189495
snap_anchor,extra_trees,13150,20,114,0.32677305,0.21453190
snap_anchor,extra_trees,13150,30,93,0.36527536,0.22914864
snap_anchor,extra_trees,13150,40,75,0.22062382,0.21314367
snap_anchor,extra_trees,13150,50,56,0.38964989,0.34019139
snap_anchor,hist_gradient_boosting,13150,10,136,0.22844744,0.19984734
snap_anchor,hist_gradient_boosting,13150,20,114,0.27484153,0.19093579
snap_anchor,hist_gradient_boosting,13150,30,93,0.31895665,0.19775596
snap_anchor,hist_gradient_boosting,13150,40,75,0.21908593,0.21450925
snap_anchor,hist_gradient_boosting,13150,50,56,0.37935031,0.34224197
snap_anchor,ridge_dynamic_context,13187,10,139,0.09593881,0.03477814
snap_anchor,ridge_dynamic_context,13187,20,113,0.23200582,0.09996507
snap_anchor,ridge_dynamic_context,13187,30,94,0.26119939,0.10927284
snap_anchor,ridge_dynamic_context,13187,40,79,0.26011424,0.12176241
snap_anchor,ridge_dynamic_context,13187,50,57,0.11149807,0.10117967
snap_anchor,extra_trees,13187,10,139,0.14736606,0.11781134
snap_anchor,extra_trees,13187,20,113,0.26901244,0.17143523
snap_anchor,extra_trees,13187,30,94,0.30004524,0.15562620
snap_anchor,extra_trees,13187,40,79,0.29421098,0.14367089
snap_anchor,extra_trees,13187,50,57,0.14067664,0.10254083
snap_anchor,hist_gradient_boosting,13187,10,139,0.06846436,0.07255463
snap_anchor,hist_gradient_boosting,13187,20,113,0.26952980,0.17961940
snap_anchor,hist_gradient_boosting,13187,30,94,0.28698602,0.16738793
snap_anchor,hist_gradient_boosting,13187,40,79,0.27390220,0.15839825
snap_anchor,hist_gradient_boosting,13187,50,57,0.10612579,0.11952295
snap_anchor,ridge_dynamic_context,13224,10,138,0.08234631,-0.00335853
snap_anchor,ridge_dynamic_context,13224,20,110,0.06952840,-0.03032707
snap_anchor,ridge_dynamic_context,13224,30,86,0.05220511,0.04782301
snap_anchor,ridge_dynamic_context,13224,40,77,0.02840997,0.03796204
snap_anchor,ridge_dynamic_context,13224,50,64,0.01533797,0.02536630
snap_anchor,extra_trees,13224,10,138,0.16891667,0.08091756
snap_anchor,extra_trees,13224,20,110,0.10862262,-0.02240155
snap_anchor,extra_trees,13224,30,86,0.05127858,0.01616114
snap_anchor,extra_trees,13224,40,77,0.07527979,0.02886587
snap_anchor,extra_trees,13224,50,64,0.08638347,0.04354396
snap_anchor,hist_gradient_boosting,13224,10,138,0.18455122,0.12445290
snap_anchor,hist_gradient_boosting,13224,20,110,0.14394454,0.04280594
snap_anchor,hist_gradient_boosting,13224,30,86,0.08383537,0.04942686
snap_anchor,hist_gradient_boosting,13224,40,77,0.12081297,0.09014670
snap_anchor,hist_gradient_boosting,13224,50,64,0.11022044,0.07541209
snap_anchor,ridge_dynamic_context,13261,10,134,0.04310368,-0.01676580
snap_anchor,ridge_dynamic_context,13261,20,115,0.12708407,-0.00477393
snap_anchor,ridge_dynamic_context,13261,30,93,-0.01743776,-0.03316821
snap_anchor,ridge_dynamic_context,13261,40,70,-0.02013751,-0.03913918
snap_anchor,ridge_dynamic_context,13261,50,46,0.02621430,-0.04865865
snap_anchor,extra_trees,13261,10,134,0.13282583,0.04333969
snap_anchor,extra_trees,13261,20,115,0.14581931,0.01019490
snap_anchor,extra_trees,13261,30,93,-0.05189604,-0.06642595
snap_anchor,extra_trees,13261,40,70,-0.00816422,-0.02661184
snap_anchor,extra_trees,13261,50,46,-0.00585795,-0.03632439
snap_anchor,hist_gradient_boosting,13261,10,134,0.09493706,0.00402748
snap_anchor,hist_gradient_boosting,13261,20,115,0.12692148,-0.00012625
snap_anchor,hist_gradient_boosting,13261,30,93,-0.05327983,-0.07584077
snap_anchor,hist_gradient_boosting,13261,40,70,0.04416184,-0.01051527
snap_anchor,hist_gradient_boosting,13261,50,46,-0.01265690,-0.07702744
snap_anchor,ridge_dynamic_context,13298,10,138,0.15720490,0.11172198
snap_anchor,ridge_dynamic_context,13298,20,116,0.23560381,0.15323108
snap_anchor,ridge_dynamic_context,13298,30,99,0.31610159,0.18401979
snap_anchor,ridge_dynamic_context,13298,40,83,0.34614226,0.19764074
snap_anchor,ridge_dynamic_context,13298,50,67,0.30187858,0.22827041
snap_anchor,extra_trees,13298,10,138,0.18405538,0.15638064
snap_anchor,extra_trees,13298,20,116,0.27235929,0.16834660
snap_anchor,extra_trees,13298,30,99,0.31748111,0.16252319
snap_anchor,extra_trees,13298,40,83,0.34735424,0.17253684
snap_anchor,extra_trees,13298,50,67,0.34167032,0.26330912
snap_anchor,hist_gradient_boosting,13298,10,138,0.16049549,0.18874218
snap_anchor,hist_gradient_boosting,13298,20,116,0.35081773,0.27745358
snap_anchor,hist_gradient_boosting,13298,30,99,0.37805499,0.26708720
snap_anchor,hist_gradient_boosting,13298,40,83,0.39578850,0.26619369
snap_anchor,hist_gradient_boosting,13298,50,67,0.40462196,0.36423497
snap_anchor,ridge_dynamic_context,13335,10,130,0.21111145,0.17598219
snap_anchor,ridge_dynamic_context,13335,20,111,0.30585731,0.21638294
snap_anchor,ridge_dynamic_context,13335,30,88,0.23050503,0.11595224
snap_anchor,ridge_dynamic_context,13335,40,71,0.12700119,0.10707579
snap_anchor,ridge_dynamic_context,13335,50,54,0.17720498,0.11789594
snap_anchor,extra_trees,13335,10,130,0.16697831,0.12002622
snap_anchor,extra_trees,13335,20,111,0.18605805,0.11009126
snap_anchor,extra_trees,13335,30,88,0.22703395,0.12593780
snap_anchor,extra_trees,13335,40,71,0.11670574,0.11867874
snap_anchor,extra_trees,13335,50,54,0.19917691,0.15021917
snap_anchor,hist_gradient_boosting,13335,10,130,0.17952234,0.11466769
snap_anchor,hist_gradient_boosting,13335,20,111,0.20580703,0.11212706
snap_anchor,hist_gradient_boosting,13335,30,88,0.28395259,0.16912050
snap_anchor,hist_gradient_boosting,13335,40,71,0.21703462,0.21029510
snap_anchor,hist_gradient_boosting,13335,50,54,0.27253120,0.25626072
snap_anchor,ridge_dynamic_context,13372,10,142,0.09062809,0.04263492
snap_anchor,ridge_dynamic_context,13372,20,120,0.18322495,0.07840822
snap_anchor,ridge_dynamic_context,13372,30,94,0.25630556,0.10285735
snap_anchor,ridge_dynamic_context,13372,40,77,0.16409705,0.11953836
snap_anchor,ridge_dynamic_context,13372,50,60,0.17908484,0.13587108
snap_anchor,extra_trees,13372,10,142,0.10360864,0.11729266
snap_anchor,extra_trees,13372,20,120,0.22298295,0.12064032
snap_anchor,extra_trees,13372,30,94,0.24129393,0.10219268
snap_anchor,extra_trees,13372,40,77,0.17787558,0.16785846
snap_anchor,extra_trees,13372,50,60,0.17485746,0.15543206
snap_anchor,hist_gradient_boosting,13372,10,142,0.11994371,0.11553655
snap_anchor,hist_gradient_boosting,13372,20,120,0.20499475,0.10134732
snap_anchor,hist_gradient_boosting,13372,30,94,0.27782340,0.14857494
snap_anchor,hist_gradient_boosting,13372,40,77,0.20344872,0.19002051
snap_anchor,hist_gradient_boosting,13372,50,60,0.28372475,0.26279522
snap_anchor,ridge_dynamic_context,13409,10,136,0.19877782,0.08683269
snap_anchor,ridge_dynamic_context,13409,20,119,0.25881395,0.12525993
snap_anchor,ridge_dynamic_context,13409,30,101,0.28396908,0.14426325
snap_anchor,ridge_dynamic_context,13409,40,80,0.29052786,0.11802625
snap_anchor,ridge_dynamic_context,13409,50,65,0.23337022,0.17810315
snap_anchor,extra_trees,13409,10,136,0.18124931,0.10847288
snap_anchor,extra_trees,13409,20,119,0.17433980,0.09317049
snap_anchor,extra_trees,13409,30,101,0.23691968,0.11152009
snap_anchor,extra_trees,13409,40,80,0.25637122,0.10330520
snap_anchor,extra_trees,13409,50,65,0.19125490,0.20406469
snap_anchor,hist_gradient_boosting,13409,10,136,0.20672092,0.13304709
snap_anchor,hist_gradient_boosting,13409,20,119,0.25881748,0.15397379
snap_anchor,hist_gradient_boosting,13409,30,101,0.24928360,0.10009319
snap_anchor,hist_gradient_boosting,13409,40,80,0.25362136,0.07730895
snap_anchor,hist_gradient_boosting,13409,50,65,0.12965974,0.12714161
snap_anchor,ridge_dynamic_context,13446,10,132,0.11231989,0.05058622
snap_anchor,ridge_dynamic_context,13446,20,107,0.22522491,0.07743098
snap_anchor,ridge_dynamic_context,13446,30,82,0.23390591,0.06230886
snap_anchor,ridge_dynamic_context,13446,40,69,0.23133094,0.02130069
snap_anchor,ridge_dynamic_context,13446,50,56,0.03492530,0.02030075
snap_anchor,extra_trees,13446,10,132,0.10621017,0.07614282
snap_anchor,extra_trees,13446,20,107,0.22902272,0.13143870
snap_anchor,extra_trees,13446,30,82,0.31738073,0.11681414
snap_anchor,extra_trees,13446,40,69,0.29450036,0.06708075
snap_anchor,extra_trees,13446,50,56,0.08020725,0.05864662
snap_anchor,hist_gradient_boosting,13446,10,132,0.00911486,0.00769620
snap_anchor,hist_gradient_boosting,13446,20,107,0.18608768,0.06248163
snap_anchor,hist_gradient_boosting,13446,30,82,0.25968580,0.06028450
snap_anchor,hist_gradient_boosting,13446,40,69,0.24218870,0.02816953
snap_anchor,hist_gradient_boosting,13446,50,56,0.01220828,-0.02713602
snap_anchor,ridge_dynamic_context,13483,10,138,0.12594753,0.09453434
snap_anchor,ridge_dynamic_context,13483,20,110,0.15708947,0.11897753
snap_anchor,ridge_dynamic_context,13483,30,93,0.20221016,0.15448659
snap_anchor,ridge_dynamic_context,13483,40,79,0.23677275,0.10871470
snap_anchor,ridge_dynamic_context,13483,50,61,0.08150071,0.07715494
snap_anchor,extra_trees,13483,10,138,0.12641115,0.09004564
snap_anchor,extra_trees,13483,20,110,0.16748200,0.10890607
snap_anchor,extra_trees,13483,30,93,0.27033193,0.15520277
snap_anchor,extra_trees,13483,40,79,0.33856370,0.19649464
snap_anchor,extra_trees,13483,50,61,0.16400510,0.12765732
snap_anchor,hist_gradient_boosting,13483,10,138,0.21462579,0.15628475
snap_anchor,hist_gradient_boosting,13483,20,110,0.20500990,0.14202376
snap_anchor,hist_gradient_boosting,13483,30,93,0.28466847,0.16815374
snap_anchor,hist_gradient_boosting,13483,40,79,0.34290443,0.19598345
snap_anchor,hist_gradient_boosting,13483,50,61,0.18049925,0.15880487
snap_anchor,ridge_dynamic_context,13520,10,133,0.15818877,0.10519685
snap_anchor,ridge_dynamic_context,13520,20,110,0.24558360,0.16447490
snap_anchor,ridge_dynamic_context,13520,30,88,0.21114479,0.18724244
snap_anchor,ridge_dynamic_context,13520,40,71,0.21840189,0.17173038
snap_anchor,ridge_dynamic_context,13520,50,56,0.24987137,0.21278195
snap_anchor,extra_trees,13520,10,133,0.13401625,0.08353822
snap_anchor,extra_trees,13520,20,110,0.21759721,0.12515384
snap_anchor,extra_trees,13520,30,88,0.21312431,0.19588954
snap_anchor,extra_trees,13520,40,71,0.26419478,0.24631120
snap_anchor,extra_trees,13520,50,56,0.28078651,0.23834586
snap_anchor,hist_gradient_boosting,13520,10,133,0.07493039,0.04861203
snap_anchor,hist_gradient_boosting,13520,20,110,0.25587983,0.16947907
snap_anchor,hist_gradient_boosting,13520,30,88,0.22437744,0.20015146
snap_anchor,hist_gradient_boosting,13520,40,71,0.23664791,0.18259557
snap_anchor,hist_gradient_boosting,13520,50,56,0.29009460,0.23738893
snap_anchor,ridge_dynamic_context,13557,10,135,0.07806635,0.04561994
snap_anchor,ridge_dynamic_context,13557,20,117,0.13337051,0.12884953
snap_anchor,ridge_dynamic_context,13557,30,86,0.04722227,0.05838955
snap_anchor,ridge_dynamic_context,13557,40,74,0.03255196,0.04302110
snap_anchor,ridge_dynamic_context,13557,50,65,0.04787078,0.07727273
snap_anchor,extra_trees,13557,10,135,0.13580738,0.09675154
snap_anchor,extra_trees,13557,20,117,0.15706904,0.14042620
snap_anchor,extra_trees,13557,30,86,0.06066379,0.03733195
snap_anchor,extra_trees,13557,40,74,0.04406655,0.02231766
snap_anchor,extra_trees,13557,50,65,0.09447216,0.08291084
snap_anchor,hist_gradient_boosting,13557,10,135,0.07809330,0.08369427
snap_anchor,hist_gradient_boosting,13557,20,117,0.14292733,0.11523476
snap_anchor,hist_gradient_boosting,13557,30,86,-0.00235545,-0.04765319
snap_anchor,hist_gradient_boosting,13557,40,74,0.04029370,0.02089596
snap_anchor,hist_gradient_boosting,13557,50,65,0.08177400,0.08465909
snap_anchor,ridge_dynamic_context,13594,10,137,0.18369171,0.05212631
snap_anchor,ridge_dynamic_context,13594,20,112,0.27271163,0.14900741
snap_anchor,ridge_dynamic_context,13594,30,92,0.29317619,0.13838756
snap_anchor,ridge_dynamic_context,13594,40,74,0.05252460,-0.00860422
snap_anchor,ridge_dynamic_context,13594,50,56,0.07453250,-0.03205742
snap_anchor,extra_trees,13594,10,137,0.25742820,0.13065880
snap_anchor,extra_trees,13594,20,112,0.27363918,0.11643660
snap_anchor,extra_trees,13594,30,92,0.32595701,0.17033738
snap_anchor,extra_trees,13594,40,74,0.11133819,0.07468345
snap_anchor,extra_trees,13594,50,56,0.19550561,0.10751880
snap_anchor,hist_gradient_boosting,13594,10,137,0.23571116,0.11467881
snap_anchor,hist_gradient_boosting,13594,20,112,0.24435297,0.12684935
snap_anchor,hist_gradient_boosting,13594,30,92,0.30150115,0.16628393
snap_anchor,hist_gradient_boosting,13594,40,74,0.06067064,0.03446131
snap_anchor,hist_gradient_boosting,13594,50,56,0.11591837,0.08824334
snap_anchor,ridge_dynamic_context,13631,10,133,0.08079144,0.00723824
snap_anchor,ridge_dynamic_context,13631,20,112,0.07524165,-0.00199884
snap_anchor,ridge_dynamic_context,13631,30,81,0.09117495,0.08281391
snap_anchor,ridge_dynamic_context,13631,40,62,0.12101016,0.13641057
snap_anchor,ridge_dynamic_context,13631,50,50,0.11249519,0.14573830
snap_anchor,extra_trees,13631,10,133,0.13862945,0.07689679
snap_anchor,extra_trees,13631,20,112,0.17532116,0.09204052
snap_anchor,extra_trees,13631,30,81,0.19710467,0.14873532
snap_anchor,extra_trees,13631,40,62,0.25610685,0.19543703
snap_anchor,extra_trees,13631,50,50,0.24515502,0.20288115
snap_anchor,hist_gradient_boosting,13631,10,133,0.15127949,0.10750757
snap_anchor,hist_gradient_boosting,13631,20,112,0.19408828,0.12722520
snap_anchor,hist_gradient_boosting,13631,30,81,0.27034009,0.22856820
snap_anchor,hist_gradient_boosting,13631,40,62,0.30247428,0.24151998
snap_anchor,hist_gradient_boosting,13631,50,50,0.29375379,0.22391357
snap_anchor,ridge_dynamic_context,13668,10,138,0.29169251,0.18800244
snap_anchor,ridge_dynamic_context,13668,20,115,0.29756250,0.16664562
snap_anchor,ridge_dynamic_context,13668,30,90,0.37078231,0.20355599
snap_anchor,ridge_dynamic_context,13668,40,67,0.34798201,0.14015484
snap_anchor,ridge_dynamic_context,13668,50,55,0.24864513,0.19307359
snap_anchor,extra_trees,13668,10,138,0.29176944,0.18704351
snap_anchor,extra_trees,13668,20,115,0.32087987,0.18368973
snap_anchor,extra_trees,13668,30,90,0.43032301,0.24226036
snap_anchor,extra_trees,13668,40,67,0.41210075,0.15607790
snap_anchor,extra_trees,13668,50,55,0.29323968,0.20339105
snap_anchor,hist_gradient_boosting,13668,10,138,0.20758165,0.15396505
snap_anchor,hist_gradient_boosting,13668,20,115,0.27980713,0.18026513
snap_anchor,hist_gradient_boosting,13668,30,90,0.37808255,0.19860065
snap_anchor,hist_gradient_boosting,13668,40,67,0.36218588,0.15994892
snap_anchor,hist_gradient_boosting,13668,50,55,0.33787091,0.25620491
snap_anchor,ridge_dynamic_context,13705,10,131,0.21651002,0.17228954
snap_anchor,ridge_dynamic_context,13705,20,110,0.10502292,0.11266596
snap_anchor,ridge_dynamic_context,13705,30,93,0.13642788,0.13720868
snap_anchor,ridge_dynamic_context,13705,40,76,0.10573242,0.12164046
snap_anchor,ridge_dynamic_context,13705,50,61,0.16821827,0.14151243
snap_anchor,extra_trees,13705,10,131,0.31953178,0.29560135
snap_anchor,extra_trees,13705,20,110,0.18792009,0.22767171
snap_anchor,extra_trees,13705,30,93,0.10675946,0.14693683
snap_anchor,extra_trees,13705,40,76,0.11350096,0.18706767
snap_anchor,extra_trees,13705,50,61,0.16881600,0.21882602
snap_anchor,hist_gradient_boosting,13705,10,131,0.32894518,0.25669674
snap_anchor,hist_gradient_boosting,13705,20,110,0.20282628,0.19925163
snap_anchor,hist_gradient_boosting,13705,30,93,0.19219443,0.18425293
snap_anchor,hist_gradient_boosting,13705,40,76,0.20318224,0.17943951
snap_anchor,hist_gradient_boosting,13705,50,61,0.24373455,0.22321523
snap_top3,ridge_dynamic_context,10042,10,142,0.34172459,0.19199230
snap_top3,ridge_dynamic_context,10042,20,115,0.47504659,0.27297404
snap_top3,ridge_dynamic_context,10042,30,95,0.53304479,0.30046193
snap_top3,ridge_dynamic_context,10042,40,76,0.60795366,0.33656869
snap_top3,ridge_dynamic_context,10042,50,52,0.44144508,0.39289678
snap_top3,extra_trees,10042,10,142,0.32758105,0.24558091
snap_top3,extra_trees,10042,20,115,0.41342010,0.27945238
snap_top3,extra_trees,10042,30,95,0.52508860,0.30516517
snap_top3,extra_trees,10042,40,76,0.60490913,0.36812030
snap_top3,extra_trees,10042,50,52,0.46009722,0.45001281
snap_top3,hist_gradient_boosting,10042,10,142,0.34077251,0.26598364
snap_top3,hist_gradient_boosting,10042,20,115,0.42209533,0.28752466
snap_top3,hist_gradient_boosting,10042,30,95,0.51415127,0.30184770
snap_top3,hist_gradient_boosting,10042,40,76,0.61930816,0.36265208
snap_top3,hist_gradient_boosting,10042,50,52,0.44110759,0.46401434
snap_top3,ridge_dynamic_context,10079,10,136,0.07274462,0.07385621
snap_top3,ridge_dynamic_context,10079,20,119,0.20088662,0.16677112
snap_top3,ridge_dynamic_context,10079,30,94,0.24673905,0.20596756
snap_top3,ridge_dynamic_context,10079,40,81,0.24690318,0.16890244
snap_top3,ridge_dynamic_context,10079,50,65,0.26432273,0.18159965
snap_top3,extra_trees,10079,10,136,0.13142266,0.09644578
snap_top3,extra_trees,10079,20,119,0.24350581,0.18715995
snap_top3,extra_trees,10079,30,94,0.28158286,0.20901636
snap_top3,extra_trees,10079,40,81,0.21713677,0.13963415
snap_top3,extra_trees,10079,50,65,0.22776623,0.15568182
snap_top3,hist_gradient_boosting,10079,10,136,0.07083478,0.06464386
snap_top3,hist_gradient_boosting,10079,20,119,0.19278880,0.16353796
snap_top3,hist_gradient_boosting,10079,30,94,0.26598059,0.21535961
snap_top3,hist_gradient_boosting,10079,40,81,0.19908201,0.14541554
snap_top3,hist_gradient_boosting,10079,50,65,0.23987219,0.19326923
snap_top3,ridge_dynamic_context,10116,10,131,0.35866940,0.19244115
snap_top3,ridge_dynamic_context,10116,20,108,0.42920974,0.22700468
snap_top3,ridge_dynamic_context,10116,30,83,0.25727386,0.24841526
snap_top3,ridge_dynamic_context,10116,40,73,0.28459711,0.26644453
snap_top3,ridge_dynamic_context,10116,50,55,0.46465927,0.43629149
snap_top3,extra_trees,10116,10,131,0.36396703,0.23694550
snap_top3,extra_trees,10116,20,108,0.45745856,0.26436880
snap_top3,extra_trees,10116,30,83,0.28919574,0.30779564
snap_top3,extra_trees,10116,40,73,0.30567277,0.31485252
snap_top3,extra_trees,10116,50,55,0.46432932,0.45173160
snap_top3,hist_gradient_boosting,10116,10,131,0.34094931,0.20645385
snap_top3,hist_gradient_boosting,10116,20,108,0.46268226,0.26426401
snap_top3,hist_gradient_boosting,10116,30,83,0.29237890,0.31751396
snap_top3,hist_gradient_boosting,10116,40,73,0.31744331,0.33395039
snap_top3,hist_gradient_boosting,10116,50,55,0.52156360,0.54321789
snap_top3,ridge_dynamic_context,10153,10,134,0.24338853,0.17868303
snap_top3,ridge_dynamic_context,10153,20,111,0.30719718,0.21902422
snap_top3,ridge_dynamic_context,10153,30,89,0.20957865,0.22982635
snap_top3,ridge_dynamic_context,10153,40,76,0.29059659,0.29339713
snap_top3,ridge_dynamic_context,10153,50,56,0.48455164,0.43704716
snap_top3,extra_trees,10153,10,134,0.26374408,0.25405554
snap_top3,extra_trees,10153,20,111,0.33491365,0.28310811
snap_top3,extra_trees,10153,30,89,0.23574473,0.32815798
snap_top3,extra_trees,10153,40,76,0.31937632,0.37859193
snap_top3,extra_trees,10153,50,56,0.41644442,0.44572796
snap_top3,hist_gradient_boosting,10153,10,134,0.20151850,0.17467300
snap_top3,hist_gradient_boosting,10153,20,111,0.31607368,0.24570902
snap_top3,hist_gradient_boosting,10153,30,89,0.15807234,0.24118148
snap_top3,hist_gradient_boosting,10153,40,76,0.25205409,0.31349282
snap_top3,hist_gradient_boosting,10153,50,56,0.39512944,0.42836637
snap_top3,ridge_dynamic_context,10190,10,133,0.24753125,0.03553830
snap_top3,ridge_dynamic_context,10190,20,111,0.34574107,0.05446648
snap_top3,ridge_dynamic_context,10190,30,89,0.14685480,0.08896834
snap_top3,ridge_dynamic_context,10190,40,80,0.09922583,0.05349273
snap_top3,ridge_dynamic_context,10190,50,60,0.05250188,0.02411781
snap_top3,extra_trees,10190,10,133,0.28302192,0.11816856
snap_top3,extra_trees,10190,20,111,0.40012099,0.15502808
snap_top3,extra_trees,10190,30,89,0.18677598,0.13263534
snap_top3,extra_trees,10190,40,80,0.14124783,0.09786685
snap_top3,extra_trees,10190,50,60,0.10220646,0.08141150
snap_top3,hist_gradient_boosting,10190,10,133,0.23820131,0.09302088
snap_top3,hist_gradient_boosting,10190,20,111,0.35681282,0.12458757
snap_top3,hist_gradient_boosting,10190,30,89,0.18661170,0.15188968
snap_top3,hist_gradient_boosting,10190,40,80,0.15759635,0.14092827
snap_top3,hist_gradient_boosting,10190,50,60,0.09238778,0.09780495
snap_top3,ridge_dynamic_context,10227,10,137,0.01575897,0.05945825
snap_top3,ridge_dynamic_context,10227,20,115,0.14348811,0.14981457
snap_top3,ridge_dynamic_context,10227,30,85,0.24323258,0.20695720
snap_top3,ridge_dynamic_context,10227,40,65,0.27936578,0.22993881
snap_top3,ridge_dynamic_context,10227,50,54,0.39348448,0.31282638
snap_top3,extra_trees,10227,10,137,0.03395084,0.10114903
snap_top3,extra_trees,10227,20,115,0.13441301,0.14883611
snap_top3,extra_trees,10227,30,85,0.24718299,0.22134063
snap_top3,extra_trees,10227,40,65,0.28775857,0.24248252
snap_top3,extra_trees,10227,50,54,0.34782576,0.31031065
snap_top3,hist_gradient_boosting,10227,10,137,0.03925044,0.08806728
snap_top3,hist_gradient_boosting,10227,20,115,0.14447824,0.15428865
snap_top3,hist_gradient_boosting,10227,30,85,0.18478282,0.18245065
snap_top3,hist_gradient_boosting,10227,40,65,0.25971018,0.24584790
snap_top3,hist_gradient_boosting,10227,50,54,0.31905884,0.29544502
snap_top3,ridge_dynamic_context,10264,10,134,0.17499481,-0.03646679
snap_top3,ridge_dynamic_context,10264,20,117,0.19452941,-0.06081314
snap_top3,ridge_dynamic_context,10264,30,95,0.35506294,0.01444569
snap_top3,ridge_dynamic_context,10264,40,75,0.49460332,0.09510669
snap_top3,ridge_dynamic_context,10264,50,60,0.05200771,0.01639344
snap_top3,extra_trees,10264,10,134,0.23385825,0.04599808
snap_top3,extra_trees,10264,20,117,0.25270703,-0.00281737
snap_top3,extra_trees,10264,30,95,0.38292174,0.06493561
snap_top3,extra_trees,10264,40,75,0.53239063,0.17923186
snap_top3,extra_trees,10264,50,60,0.11414657,0.08963601
snap_top3,hist_gradient_boosting,10264,10,134,0.21268155,0.07237746
snap_top3,hist_gradient_boosting,10264,20,117,0.24492569,0.03756987
snap_top3,hist_gradient_boosting,10264,30,95,0.39902293,0.10032195
snap_top3,hist_gradient_boosting,10264,40,75,0.54270460,0.21820768
snap_top3,hist_gradient_boosting,10264,50,60,0.14062767,0.12948041
snap_top3,ridge_dynamic_context,10301,10,129,0.31604956,0.11845371
snap_top3,ridge_dynamic_context,10301,20,103,0.46383634,0.17139656
snap_top3,ridge_dynamic_context,10301,30,83,0.52159485,0.23670291
snap_top3,ridge_dynamic_context,10301,40,68,0.26202452,0.21128373
snap_top3,ridge_dynamic_context,10301,50,52,0.28165061,0.24519764
snap_top3,extra_trees,10301,10,129,0.32951563,0.19084302
snap_top3,extra_trees,10301,20,103,0.46441376,0.27118570
snap_top3,extra_trees,10301,30,83,0.54696131,0.29581042
snap_top3,extra_trees,10301,40,68,0.32012674,0.29575906
snap_top3,extra_trees,10301,50,52,0.34080219,0.30846068
snap_top3,hist_gradient_boosting,10301,10,129,0.32038709,0.16273479
snap_top3,hist_gradient_boosting,10301,20,103,0.44996271,0.23666696
snap_top3,hist_gradient_boosting,10301,30,83,0.54986560,0.32624575
snap_top3,hist_gradient_boosting,10301,40,68,0.33734559,0.32370119
snap_top3,hist_gradient_boosting,10301,50,52,0.34495324,0.32476735
snap_top3,ridge_dynamic_context,10338,10,135,0.03714492,0.10843820
snap_top3,ridge_dynamic_context,10338,20,110,0.12342063,0.13244821
snap_top3,ridge_dynamic_context,10338,30,91,0.12623109,0.15508839
snap_top3,ridge_dynamic_context,10338,40,69,0.22843177,0.18670077
snap_top3,ridge_dynamic_context,10338,50,53,0.24760450,0.22988228
snap_top3,extra_trees,10338,10,135,0.11932566,0.20347283
snap_top3,extra_trees,10338,20,110,0.24604151,0.27048216
snap_top3,extra_trees,10338,30,91,0.21854973,0.25777990
snap_top3,extra_trees,10338,40,69,0.21891761,0.19660212
snap_top3,extra_trees,10338,50,53,0.14387768,0.16545718
snap_top3,hist_gradient_boosting,10338,10,135,0.08399811,0.13802556
snap_top3,hist_gradient_boosting,10338,20,110,0.17971040,0.19522124
snap_top3,hist_gradient_boosting,10338,30,91,0.16719092,0.20108297
snap_top3,hist_gradient_boosting,10338,40,69,0.16756456,0.16803069
snap_top3,hist_gradient_boosting,10338,50,53,0.14251368,0.18061603
snap_top3,ridge_dynamic_context,10375,10,139,0.39374632,0.18404754
snap_top3,ridge_dynamic_context,10375,20,119,0.43534094,0.20311209
snap_top3,ridge_dynamic_context,10375,30,89,0.28538062,0.29313926
snap_top3,ridge_dynamic_context,10375,40,73,0.28325090,0.29350241
snap_top3,ridge_dynamic_context,10375,50,60,0.28472655,0.27368714
snap_top3,extra_trees,10375,10,139,0.41387622,0.23533670
snap_top3,extra_trees,10375,20,119,0.47171151,0.25390258
snap_top3,extra_trees,10375,30,89,0.29688521,0.28561457
snap_top3,extra_trees,10375,40,73,0.28556632,0.31938788
snap_top3,extra_trees,10375,50,60,0.32498001,0.32903584
snap_top3,hist_gradient_boosting,10375,10,139,0.36698432,0.19555387
snap_top3,hist_gradient_boosting,10375,20,119,0.43131702,0.24173907
snap_top3,hist_gradient_boosting,10375,30,89,0.27682056,0.26910112
snap_top3,hist_gradient_boosting,10375,40,73,0.28001980,0.28612859
snap_top3,hist_gradient_boosting,10375,50,60,0.29580773,0.27452070
snap_top3,ridge_dynamic_context,10412,10,132,0.28281998,0.08349987
snap_top3,ridge_dynamic_context,10412,20,114,0.40710480,0.10251311
snap_top3,ridge_dynamic_context,10412,30,94,0.46325593,0.12529711
snap_top3,ridge_dynamic_context,10412,40,76,0.19204238,0.11390294
snap_top3,ridge_dynamic_context,10412,50,66,0.23585106,0.16113141
snap_top3,extra_trees,10412,10,132,0.31696222,0.19540524
snap_top3,extra_trees,10412,20,114,0.46336674,0.24216197
snap_top3,extra_trees,10412,30,94,0.50334011,0.21284543
snap_top3,extra_trees,10412,40,76,0.25001634,0.18088859
snap_top3,extra_trees,10412,50,66,0.29281402,0.23966183
snap_top3,hist_gradient_boosting,10412,10,132,0.28609999,0.15733644
snap_top3,hist_gradient_boosting,10412,20,114,0.40509816,0.21620866
snap_top3,hist_gradient_boosting,10412,30,94,0.48056577,0.23319004
snap_top3,hist_gradient_boosting,10412,40,76,0.23179967,0.16918660
snap_top3,hist_gradient_boosting,10412,50,66,0.27931069,0.20989458
snap_top3,ridge_dynamic_context,10449,10,136,0.27398589,0.21319116
snap_top3,ridge_dynamic_context,10449,20,115,0.33532639,0.28804545
snap_top3,ridge_dynamic_context,10449,30,89,0.46686219,0.40972080
snap_top3,ridge_dynamic_context,10449,40,64,0.49494974,0.39409341
snap_top3,ridge_dynamic_context,10449,50,52,0.37567612,0.38333476
snap_top3,extra_trees,10449,10,136,0.30757455,0.26150947
snap_top3,extra_trees,10449,20,115,0.37189034,0.34577448
snap_top3,extra_trees,10449,30,89,0.48566641,0.45580524
snap_top3,extra_trees,10449,40,64,0.51098273,0.49180403
snap_top3,extra_trees,10449,50,52,0.42579080,0.45581832
snap_top3,hist_gradient_boosting,10449,10,136,0.28474370,0.26552168
snap_top3,hist_gradient_boosting,10449,20,115,0.35295639,0.33572161
snap_top3,hist_gradient_boosting,10449,30,89,0.48127241,0.43949608
snap_top3,hist_gradient_boosting,10449,40,64,0.50120349,0.43095238
snap_top3,hist_gradient_boosting,10449,50,52,0.34813597,0.37411423
snap_top3,ridge_dynamic_context,10486,10,137,0.32971832,0.18385853
snap_top3,ridge_dynamic_context,10486,20,113,0.40927680,0.19520594
snap_top3,ridge_dynamic_context,10486,30,92,0.10040511,0.07861844
snap_top3,ridge_dynamic_context,10486,40,75,0.17067749,0.16153627
snap_top3,ridge_dynamic_context,10486,50,55,0.29104489,0.23217893
snap_top3,extra_trees,10486,10,137,0.33818217,0.21610786
snap_top3,extra_trees,10486,20,113,0.45186258,0.23515370
snap_top3,extra_trees,10486,30,92,0.16267288,0.13962055
snap_top3,extra_trees,10486,40,75,0.21645648,0.18847795
snap_top3,extra_trees,10486,50,55,0.27052816,0.20317460
snap_top3,hist_gradient_boosting,10486,10,137,0.31974011,0.19952116
snap_top3,hist_gradient_boosting,10486,20,113,0.41691680,0.20768182
snap_top3,hist_gradient_boosting,10486,30,92,0.14293582,0.12504046
snap_top3,hist_gradient_boosting,10486,40,75,0.20182001,0.19752489
snap_top3,hist_gradient_boosting,10486,50,55,0.28562705,0.23795094
snap_top3,ridge_dynamic_context,10523,10,134,0.18917207,0.08777915
snap_top3,ridge_dynamic_context,10523,20,115,0.27941175,0.14698177
snap_top3,ridge_dynamic_context,10523,30,87,0.42322995,0.25594153
snap_top3,ridge_dynamic_context,10523,40,69,0.32698245,0.30434783
snap_top3,ridge_dynamic_context,10523,50,59,0.27942198,0.29222677
snap_top3,extra_trees,10523,10,134,0.24863281,0.17366052
snap_top3,extra_trees,10523,20,115,0.31541646,0.21151266
snap_top3,extra_trees,10523,30,87,0.46116892,0.26026099
snap_top3,extra_trees,10523,40,69,0.36638768,0.33288272
snap_top3,extra_trees,10523,50,59,0.33448377,0.30350672
snap_top3,hist_gradient_boosting,10523,10,134,0.18312360,0.11236798
snap_top3,hist_gradient_boosting,10523,20,115,0.28377824,0.18612799
snap_top3,hist_gradient_boosting,10523,30,87,0.44514753,0.28659692
snap_top3,hist_gradient_boosting,10523,40,69,0.34242202,0.33544026
snap_top3,hist_gradient_boosting,10523,50,59,0.31368318,0.33249562
snap_top3,ridge_dynamic_context,10560,10,132,0.32196590,0.12572201
snap_top3,ridge_dynamic_context,10560,20,111,0.39352528,0.17553528
snap_top3,ridge_dynamic_context,10560,30,89,0.49228525,0.24424583
snap_top3,ridge_dynamic_context,10560,40,65,0.23035980,0.20743007
snap_top3,ridge_dynamic_context,10560,50,52,0.25455050,0.22530522
snap_top3,extra_trees,10560,10,132,0.33602249,0.19667315
snap_top3,extra_trees,10560,20,111,0.43075884,0.23329238
snap_top3,extra_trees,10560,30,89,0.51967933,0.28684031
snap_top3,extra_trees,10560,40,65,0.22406877,0.21787587
snap_top3,extra_trees,10560,50,52,0.22830407,0.20046103
snap_top3,hist_gradient_boosting,10560,10,132,0.31419690,0.12307660
snap_top3,hist_gradient_boosting,10560,20,111,0.37579092,0.14679712
snap_top3,hist_gradient_boosting,10560,30,89,0.49468589,0.24821246
snap_top3,hist_gradient_boosting,10560,40,65,0.18464544,0.18859266
snap_top3,hist_gradient_boosting,10560,50,52,0.16515196,0.15034577
snap_top3,ridge_dynamic_context,10597,10,145,0.33384219,0.18969847
snap_top3,ridge_dynamic_context,10597,20,108,0.48929174,0.28118361
snap_top3,ridge_dynamic_context,10597,30,83,0.58315366,0.32337014
snap_top3,ridge_dynamic_context,10597,40,69,0.62285628,0.35674096
snap_top3,ridge_dynamic_context,10597,50,53,0.37766552,0.31648121
snap_top3,extra_trees,10597,10,145,0.32580869,0.24276886
snap_top3,extra_trees,10597,20,108,0.51449141,0.37805215
snap_top3,extra_trees,10597,30,83,0.65709953,0.44181604
snap_top3,extra_trees,10597,40,69,0.68308160,0.45820241
snap_top3,extra_trees,10597,50,53,0.40994711,0.36107080
snap_top3,hist_gradient_boosting,10597,10,145,0.30578642,0.22113053
snap_top3,hist_gradient_boosting,10597,20,108,0.47406177,0.33779188
snap_top3,hist_gradient_boosting,10597,30,83,0.59478556,0.39139835
snap_top3,hist_gradient_boosting,10597,40,69,0.62900270,0.43101936
snap_top3,hist_gradient_boosting,10597,50,53,0.39758513,0.37123045
snap_top3,ridge_dynamic_context,10634,10,135,0.36552814,0.15843332
snap_top3,ridge_dynamic_context,10634,20,120,0.41761416,0.18186680
snap_top3,ridge_dynamic_context,10634,30,92,0.51197465,0.23483809
snap_top3,ridge_dynamic_context,10634,40,74,0.32229840,0.28669382
snap_top3,ridge_dynamic_context,10634,50,54,0.41179367,0.33569659
snap_top3,extra_trees,10634,10,135,0.43232544,0.23847430
snap_top3,extra_trees,10634,20,120,0.45364388,0.24255157
snap_top3,extra_trees,10634,30,92,0.54280988,0.28411140
snap_top3,extra_trees,10634,40,74,0.31396006,0.27493521
snap_top3,extra_trees,10634,50,54,0.43197043,0.37503335
snap_top3,hist_gradient_boosting,10634,10,135,0.36289498,0.20192664
snap_top3,hist_gradient_boosting,10634,20,120,0.41036985,0.22621015
snap_top3,hist_gradient_boosting,10634,30,92,0.50916087,0.28272429
snap_top3,hist_gradient_boosting,10634,40,74,0.26558230,0.24564235
snap_top3,hist_gradient_boosting,10634,50,54,0.39011263,0.33333333
snap_top3,ridge_dynamic_context,10671,10,133,0.19492427,0.06990849
snap_top3,ridge_dynamic_context,10671,20,109,0.28343113,0.12223149
snap_top3,ridge_dynamic_context,10671,30,85,0.36572442,0.16904436
snap_top3,ridge_dynamic_context,10671,40,71,0.43013614,0.23658618
snap_top3,ridge_dynamic_context,10671,50,54,0.35087775,0.32807318
snap_top3,extra_trees,10671,10,133,0.27118561,0.13150753
snap_top3,extra_trees,10671,20,109,0.34102894,0.19094616
snap_top3,extra_trees,10671,30,85,0.37886123,0.17420363
snap_top3,extra_trees,10671,40,71,0.45675741,0.25821596
snap_top3,extra_trees,10671,50,54,0.38394810,0.35986278
snap_top3,hist_gradient_boosting,10671,10,133,0.19866176,0.06719989
snap_top3,hist_gradient_boosting,10671,20,109,0.31784893,0.15883607
snap_top3,hist_gradient_boosting,10671,30,85,0.37989295,0.17250342
snap_top3,hist_gradient_boosting,10671,40,71,0.47086767,0.26830986
snap_top3,hist_gradient_boosting,10671,50,54,0.34535727,0.37213646
snap_top3,ridge_dynamic_context,10708,10,136,0.18226274,0.08851200
snap_top3,ridge_dynamic_context,10708,20,112,0.26202864,0.11354939
snap_top3,ridge_dynamic_context,10708,30,98,0.27693217,0.09067957
snap_top3,ridge_dynamic_context,10708,40,79,0.35085997,0.18734177
snap_top3,ridge_dynamic_context,10708,50,63,0.21943795,0.17079493
snap_top3,extra_trees,10708,10,136,0.25518313,0.19042985
snap_top3,extra_trees,10708,20,112,0.30911851,0.20286500
snap_top3,extra_trees,10708,30,98,0.32645682,0.16709702
snap_top3,extra_trees,10708,40,79,0.39775211,0.25309153
snap_top3,extra_trees,10708,50,63,0.30456736,0.25696045
snap_top3,hist_gradient_boosting,10708,10,136,0.21783987,0.15712991
snap_top3,hist_gradient_boosting,10708,20,112,0.27432793,0.17801620
snap_top3,hist_gradient_boosting,10708,30,98,0.29444114,0.12718602
snap_top3,hist_gradient_boosting,10708,40,79,0.37734258,0.20915287
snap_top3,hist_gradient_boosting,10708,50,63,0.27606700,0.21490975
snap_top3,ridge_dynamic_context,10745,10,137,0.31704579,0.16179738
snap_top3,ridge_dynamic_context,10745,20,110,0.41175606,0.20670829
snap_top3,ridge_dynamic_context,10745,30,91,0.41441999,0.16472368
snap_top3,ridge_dynamic_context,10745,40,73,0.49997743,0.21538319
snap_top3,ridge_dynamic_context,10745,50,59,0.30693250,0.23717124
snap_top3,extra_trees,10745,10,137,0.32323386,0.21671458
snap_top3,extra_trees,10745,20,110,0.39717863,0.23545297
snap_top3,extra_trees,10745,30,91,0.41708515,0.21954133
snap_top3,extra_trees,10745,40,73,0.56348233,0.32037517
snap_top3,extra_trees,10745,50,59,0.38878039,0.34623027
snap_top3,hist_gradient_boosting,10745,10,137,0.28529418,0.18751283
snap_top3,hist_gradient_boosting,10745,20,110,0.39290496,0.23352343
snap_top3,hist_gradient_boosting,10745,30,91,0.41263464,0.21067049
snap_top3,hist_gradient_boosting,10745,40,73,0.58436825,0.34558188
snap_top3,hist_gradient_boosting,10745,50,59,0.38162005,0.36376388
snap_top3,ridge_dynamic_context,10782,10,128,0.43997000,0.20551982
snap_top3,ridge_dynamic_context,10782,20,107,0.53180283,0.26171163
snap_top3,ridge_dynamic_context,10782,30,87,0.19750832,0.16967996
snap_top3,ridge_dynamic_context,10782,40,76,0.25098037,0.22211893
snap_top3,ridge_dynamic_context,10782,50,57,0.42000655,0.34748509
snap_top3,extra_trees,10782,10,128,0.49351043,0.28079793
snap_top3,extra_trees,10782,20,107,0.56630416,0.28622230
snap_top3,extra_trees,10782,30,87,0.25218064,0.21730335
snap_top3,extra_trees,10782,40,76,0.30136666,0.26023240
snap_top3,extra_trees,10782,50,57,0.40828507,0.36206897
snap_top3,hist_gradient_boosting,10782,10,128,0.39712667,0.20479880
snap_top3,hist_gradient_boosting,10782,20,107,0.50232257,0.23800427
snap_top3,hist_gradient_boosting,10782,30,87,0.17673417,0.16472261
snap_top3,hist_gradient_boosting,10782,40,76,0.21736348,0.21309638
snap_top3,hist_gradient_boosting,10782,50,57,0.39167789,0.37205082
snap_top3,ridge_dynamic_context,10819,10,136,0.43200352,0.22646820
snap_top3,ridge_dynamic_context,10819,20,113,0.49238722,0.24907678
snap_top3,ridge_dynamic_context,10819,30,94,0.58084165,0.31672145
snap_top3,ridge_dynamic_context,10819,40,76,0.36821083,0.27177033
snap_top3,ridge_dynamic_context,10819,50,61,0.38315755,0.27932311
snap_top3,extra_trees,10819,10,136,0.41075373,0.28944707
snap_top3,extra_trees,10819,20,113,0.49688260,0.30350489
snap_top3,extra_trees,10819,30,94,0.55853243,0.33197992
snap_top3,extra_trees,10819,40,76,0.36223417,0.29719754
snap_top3,extra_trees,10819,50,61,0.39619092,0.35230037
snap_top3,hist_gradient_boosting,10819,10,136,0.42231953,0.31227041
snap_top3,hist_gradient_boosting,10819,20,113,0.49497836,0.31823475
snap_top3,hist_gradient_boosting,10819,30,94,0.56600062,0.39145324
snap_top3,hist_gradient_boosting,10819,40,76,0.31595648,0.31349282
snap_top3,hist_gradient_boosting,10819,50,61,0.31878292,0.33109466
snap_top3,ridge_dynamic_context,10856,10,134,0.33749258,0.21208993
snap_top3,ridge_dynamic_context,10856,20,109,0.43820422,0.20518024
snap_top3,ridge_dynamic_context,10856,30,91,0.50104207,0.23244147
snap_top3,ridge_dynamic_context,10856,40,81,0.22704781,0.21596658
snap_top3,ridge_dynamic_context,10856,50,64,0.23768495,0.22710623
snap_top3,extra_trees,10856,10,134,0.35385137,0.23680844
snap_top3,extra_trees,10856,20,109,0.44107691,0.22602168
snap_top3,extra_trees,10856,30,91,0.53254919,0.26582258
snap_top3,extra_trees,10856,40,81,0.28746175,0.25483288
snap_top3,extra_trees,10856,50,64,0.29368957,0.24656593
snap_top3,hist_gradient_boosting,10856,10,134,0.32492521,0.25185601
snap_top3,hist_gradient_boosting,10856,20,109,0.41473882,0.24535261
snap_top3,hist_gradient_boosting,10856,30,91,0.51399534,0.28638318
snap_top3,hist_gradient_boosting,10856,40,81,0.25363888,0.27990063
snap_top3,hist_gradient_boosting,10856,50,64,0.23015598,0.24967949
snap_top3,ridge_dynamic_context,10893,10,145,0.28324558,0.13316013
snap_top3,ridge_dynamic_context,10893,20,116,0.37810137,0.18203206
snap_top3,ridge_dynamic_context,10893,30,92,0.48016306,0.17739624
snap_top3,ridge_dynamic_context,10893,40,82,0.50268665,0.21185011
snap_top3,ridge_dynamic_context,10893,50,62,0.27919944,0.30507920
snap_top3,extra_trees,10893,10,145,0.28352196,0.17281530
snap_top3,extra_trees,10893,20,116,0.43034888,0.27882982
snap_top3,extra_trees,10893,30,92,0.51618830,0.25450426
snap_top3,extra_trees,10893,40,82,0.53304593,0.26104418
snap_top3,extra_trees,10893,50,62,0.29860766,0.32391529
snap_top3,hist_gradient_boosting,10893,10,145,0.20938315,0.09785467
snap_top3,hist_gradient_boosting,10893,20,116,0.36873644,0.19975397
snap_top3,hist_gradient_boosting,10893,30,92,0.50995677,0.25046622
snap_top3,hist_gradient_boosting,10893,40,82,0.53472480,0.27945930
snap_top3,hist_gradient_boosting,10893,50,62,0.30731733,0.35765909
snap_top3,ridge_dynamic_context,10930,10,138,0.30172797,0.14093276
snap_top3,ridge_dynamic_context,10930,20,114,0.22447565,0.18416395
snap_top3,ridge_dynamic_context,10930,30,95,0.22970072,0.20988242
snap_top3,ridge_dynamic_context,10930,40,80,0.32708152,0.30382091
snap_top3,ridge_dynamic_context,10930,50,58,0.38969509,0.36023870
snap_top3,extra_trees,10930,10,138,0.28214502,0.14084144
snap_top3,extra_trees,10930,20,114,0.24856990,0.23796602
snap_top3,extra_trees,10930,30,95,0.27776478,0.28750000
snap_top3,extra_trees,10930,40,80,0.36621932,0.37231599
snap_top3,extra_trees,10930,50,58,0.34814696,0.38441662
snap_top3,hist_gradient_boosting,10930,10,138,0.25247083,0.09647046
snap_top3,hist_gradient_boosting,10930,20,114,0.17450212,0.15759503
snap_top3,hist_gradient_boosting,10930,30,95,0.25132181,0.25251960
snap_top3,hist_gradient_boosting,10930,40,80,0.36483104,0.34955462
snap_top3,hist_gradient_boosting,10930,50,58,0.34849608,0.35113353
snap_top3,ridge_dynamic_context,10967,10,129,0.26526710,0.13956843
snap_top3,ridge_dynamic_context,10967,20,108,0.39710301,0.16962474
snap_top3,ridge_dynamic_context,10967,30,78,0.11080491,0.10618495
snap_top3,ridge_dynamic_context,10967,40,64,0.15022140,0.16726190
snap_top3,ridge_dynamic_context,10967,50,48,0.15789253,0.18247937
snap_top3,extra_trees,10967,10,129,0.29153277,0.20687612
snap_top3,extra_trees,10967,20,108,0.43928636,0.24895443
snap_top3,extra_trees,10967,30,78,0.15209819,0.17512867
snap_top3,extra_trees,10967,40,64,0.26240812,0.29871795
snap_top3,extra_trees,10967,50,48,0.28991275,0.36322188
snap_top3,hist_gradient_boosting,10967,10,129,0.22116355,0.10346601
snap_top3,hist_gradient_boosting,10967,20,108,0.37687184,0.15978355
snap_top3,hist_gradient_boosting,10967,30,78,0.08321227,0.11539094
snap_top3,hist_gradient_boosting,10967,40,64,0.21705590,0.26208791
snap_top3,hist_gradient_boosting,10967,50,48,0.23425870,0.32186279
snap_top3,ridge_dynamic_context,11004,10,124,0.51074768,0.34841857
snap_top3,ridge_dynamic_context,11004,20,100,0.50752310,0.30283828
snap_top3,ridge_dynamic_context,11004,30,85,0.58201067,0.38575337
snap_top3,ridge_dynamic_context,11004,40,71,0.36010492,0.35335345
snap_top3,ridge_dynamic_context,11004,50,60,0.42083879,0.37832731
snap_top3,extra_trees,11004,10,124,0.52734392,0.37634618
snap_top3,extra_trees,11004,20,100,0.53937742,0.35385539
snap_top3,extra_trees,11004,30,85,0.59919059,0.40353723
snap_top3,extra_trees,11004,40,71,0.36090187,0.37451375
snap_top3,extra_trees,11004,50,60,0.41724488,0.42078355
snap_top3,hist_gradient_boosting,11004,10,124,0.50286785,0.34190401
snap_top3,hist_gradient_boosting,11004,20,100,0.52643776,0.34203420
snap_top3,hist_gradient_boosting,11004,30,85,0.59904726,0.39482118
snap_top3,hist_gradient_boosting,11004,40,71,0.32737149,0.33531187
snap_top3,hist_gradient_boosting,11004,50,60,0.39845414,0.40072242
snap_top3,ridge_dynamic_context,11041,10,131,0.22339266,0.12151284
snap_top3,ridge_dynamic_context,11041,20,109,0.41887634,0.30744139
snap_top3,ridge_dynamic_context,11041,30,90,0.40631286,0.29632465
snap_top3,ridge_dynamic_context,11041,40,76,0.14668767,0.12535885
snap_top3,ridge_dynamic_context,11041,50,61,0.13441402,0.11216288
snap_top3,extra_trees,11041,10,131,0.27575734,0.23789569
snap_top3,extra_trees,11041,20,109,0.44786466,0.41162080
snap_top3,extra_trees,11041,30,90,0.43835748,0.37845825
snap_top3,extra_trees,11041,40,76,0.23970604,0.22980178
snap_top3,extra_trees,11041,50,61,0.21116374,0.16118456
snap_top3,hist_gradient_boosting,11041,10,131,0.27889298,0.22032243
snap_top3,hist_gradient_boosting,11041,20,109,0.46092950,0.38847187
snap_top3,hist_gradient_boosting,11041,30,90,0.45540865,0.39722599
snap_top3,hist_gradient_boosting,11041,40,76,0.23010637,0.25429938
snap_top3,hist_gradient_boosting,11041,50,61,0.21680984,0.20401904
snap_top3,ridge_dynamic_context,11078,10,126,0.31436365,0.13129059
snap_top3,ridge_dynamic_context,11078,20,102,0.37610630,0.12913130
snap_top3,ridge_dynamic_context,11078,30,72,0.45071486,0.15425429
snap_top3,ridge_dynamic_context,11078,40,55,0.52095378,0.19163059
snap_top3,ridge_dynamic_context,11078,50,43,0.12745850,0.17728783
snap_top3,extra_trees,11078,10,126,0.36658230,0.23817923
snap_top3,extra_trees,11078,20,102,0.44003324,0.21480795
snap_top3,extra_trees,11078,30,72,0.50640593,0.21441893
snap_top3,extra_trees,11078,40,55,0.58577995,0.26399711
snap_top3,extra_trees,11078,50,43,0.17234117,0.23874962
snap_top3,hist_gradient_boosting,11078,10,126,0.31959094,0.17009974
snap_top3,hist_gradient_boosting,11078,20,102,0.37666533,0.15394315
snap_top3,hist_gradient_boosting,11078,30,72,0.47849501,0.17525243
snap_top3,hist_gradient_boosting,11078,40,55,0.56808028,0.22106782
snap_top3,hist_gradient_boosting,11078,50,43,0.11916123,0.16762307
snap_top3,ridge_dynamic_context,11115,10,133,0.33560619,0.13353771
snap_top3,ridge_dynamic_context,11115,20,120,0.37728742,0.14474616
snap_top3,ridge_dynamic_context,11115,30,95,0.43450109,0.11312990
snap_top3,ridge_dynamic_context,11115,40,79,0.19511729,0.15411392
snap_top3,ridge_dynamic_context,11115,50,63,0.34344808,0.31283602
snap_top3,extra_trees,11115,10,133,0.34688094,0.23156262
snap_top3,extra_trees,11115,20,120,0.40808185,0.23274533
snap_top3,extra_trees,11115,30,95,0.47802391,0.19225924
snap_top3,extra_trees,11115,40,79,0.28440824,0.25998053
snap_top3,extra_trees,11115,50,63,0.39691789,0.38556068
snap_top3,hist_gradient_boosting,11115,10,133,0.30701914,0.19825854
snap_top3,hist_gradient_boosting,11115,20,120,0.36109373,0.20043753
snap_top3,hist_gradient_boosting,11115,30,95,0.44423197,0.16319989
snap_top3,hist_gradient_boosting,11115,40,79,0.23106586,0.19479065
snap_top3,hist_gradient_boosting,11115,50,63,0.34992404,0.33112519
snap_top3,ridge_dynamic_context,11152,10,130,0.38240613,0.21061874
snap_top3,ridge_dynamic_context,11152,20,107,0.44900420,0.22223202
snap_top3,ridge_dynamic_context,11152,30,87,0.58737620,0.26066195
snap_top3,ridge_dynamic_context,11152,40,74,0.60292510,0.25038134
snap_top3,ridge_dynamic_context,11152,50,59,0.32021822,0.28287551
snap_top3,extra_trees,11152,10,130,0.41043957,0.26407298
snap_top3,extra_trees,11152,20,107,0.51856471,0.31061541
snap_top3,extra_trees,11152,30,87,0.65769221,0.36666181
snap_top3,extra_trees,11152,40,74,0.66066219,0.34619770
snap_top3,extra_trees,11152,50,59,0.36223480,0.34751607
snap_top3,hist_gradient_boosting,11152,10,130,0.33544406,0.19500744
snap_top3,hist_gradient_boosting,11152,20,107,0.42801798,0.20678305
snap_top3,hist_gradient_boosting,11152,30,87,0.60377266,0.29237443
snap_top3,hist_gradient_boosting,11152,40,74,0.61827501,0.28106627
snap_top3,hist_gradient_boosting,11152,50,59,0.28881731,0.28293396
snap_top3,ridge_dynamic_context,11189,10,132,0.14633871,0.08457994
snap_top3,ridge_dynamic_context,11189,20,115,0.24986327,0.13520082
snap_top3,ridge_dynamic_context,11189,30,84,0.10276227,0.06113192
snap_top3,ridge_dynamic_context,11189,40,69,0.10911592,0.07055170
snap_top3,ridge_dynamic_context,11189,50,56,0.13598355,0.08243336
snap_top3,extra_trees,11189,10,132,0.25856305,0.20648255
snap_top3,extra_trees,11189,20,115,0.33632803,0.24197112
snap_top3,extra_trees,11189,30,84,0.14884436,0.14929635
snap_top3,extra_trees,11189,40,69,0.13428531,0.16229448
snap_top3,extra_trees,11189,50,56,0.20194483,0.24196856
snap_top3,hist_gradient_boosting,11189,10,132,0.20357921,0.19434603
snap_top3,hist_gradient_boosting,11189,20,115,0.27283378,0.23162629
snap_top3,hist_gradient_boosting,11189,30,84,0.15401552,0.16993014
snap_top3,hist_gradient_boosting,11189,40,69,0.13663389,0.17661673
snap_top3,hist_gradient_boosting,11189,50,56,0.19693896,0.22365003
snap_top3,ridge_dynamic_context,11226,10,135,0.34658562,0.16421813
snap_top3,ridge_dynamic_context,11226,20,113,0.18278937,0.15614811
snap_top3,ridge_dynamic_context,11226,30,97,0.27732278,0.19382495
snap_top3,ridge_dynamic_context,11226,40,81,0.24195332,0.15239386
snap_top3,ridge_dynamic_context,11226,50,54,0.42931707,0.32098342
snap_top3,extra_trees,11226,10,135,0.36747630,0.27414399
snap_top3,extra_trees,11226,20,113,0.23657420,0.25587198
snap_top3,extra_trees,11226,30,97,0.31541242,0.26859352
snap_top3,extra_trees,11226,40,81,0.24798084,0.20539747
snap_top3,extra_trees,11226,50,54,0.43296601,0.35284925
snap_top3,hist_gradient_boosting,11226,10,135,0.36942866,0.23260170
snap_top3,hist_gradient_boosting,11226,20,113,0.22326120,0.23339876
snap_top3,hist_gradient_boosting,11226,30,97,0.29765251,0.25548338
snap_top3,hist_gradient_boosting,11226,40,81,0.22516423,0.18529810
snap_top3,hist_gradient_boosting,11226,50,54,0.40872836,0.36969697
snap_top3,ridge_dynamic_context,11263,10,133,0.12626253,0.18662838
snap_top3,ridge_dynamic_context,11263,20,107,0.16175811,0.22068418
snap_top3,ridge_dynamic_context,11263,30,91,0.17120518,0.24497531
snap_top3,ridge_dynamic_context,11263,40,75,0.30352329,0.31615932
snap_top3,ridge_dynamic_context,11263,50,58,0.39630401,0.40453413
snap_top3,extra_trees,11263,10,133,0.19227289,0.27530835
snap_top3,extra_trees,11263,20,107,0.28636338,0.36346715
snap_top3,extra_trees,11263,30,91,0.28537121,0.38232203
snap_top3,extra_trees,11263,40,75,0.36304134,0.37920341
snap_top3,extra_trees,11263,50,58,0.41218390,0.44040112
snap_top3,hist_gradient_boosting,11263,10,133,0.17990271,0.25694494
snap_top3,hist_gradient_boosting,11263,20,107,0.23077619,0.28963146
snap_top3,hist_gradient_boosting,11263,30,91,0.24751098,0.33492594
snap_top3,hist_gradient_boosting,11263,40,75,0.29726227,0.31732575
snap_top3,hist_gradient_boosting,11263,50,58,0.38100486,0.39019964
snap_top3,ridge_dynamic_context,11300,10,132,0.47973561,0.24295993
snap_top3,ridge_dynamic_context,11300,20,111,0.51465939,0.23201123
snap_top3,ridge_dynamic_context,11300,30,94,0.51766378,0.17844164
snap_top3,ridge_dynamic_context,11300,40,76,0.27577078,0.20385509
snap_top3,ridge_dynamic_context,11300,50,54,0.27126680,0.17446160
snap_top3,extra_trees,11300,10,132,0.44730864,0.26639813
snap_top3,extra_trees,11300,20,111,0.49173285,0.24846437
snap_top3,extra_trees,11300,30,94,0.51396287,0.19619983
snap_top3,extra_trees,11300,40,76,0.32737673,0.27516063
snap_top3,extra_trees,11300,50,54,0.28545368,0.22157423
snap_top3,hist_gradient_boosting,11300,10,132,0.43056543,0.24848033
snap_top3,hist_gradient_boosting,11300,20,111,0.47483815,0.23217796
snap_top3,hist_gradient_boosting,11300,30,94,0.48134859,0.18193837
snap_top3,hist_gradient_boosting,11300,40,76,0.25707667,0.21118250
snap_top3,hist_gradient_boosting,11300,50,54,0.23721337,0.18665904
snap_top3,ridge_dynamic_context,11337,10,137,0.10705653,-0.03754644
snap_top3,ridge_dynamic_context,11337,20,113,0.30014822,0.04973717
snap_top3,ridge_dynamic_context,11337,30,99,0.47167510,0.17920841
snap_top3,ridge_dynamic_context,11337,40,85,0.50872327,0.14684385
snap_top3,ridge_dynamic_context,11337,50,64,0.22918020,0.17797619
snap_top3,extra_trees,11337,10,137,0.18714024,0.02748427
snap_top3,extra_trees,11337,20,113,0.35713196,0.13229423
snap_top3,extra_trees,11337,30,99,0.49525523,0.21802103
snap_top3,extra_trees,11337,40,85,0.53566627,0.20617549
snap_top3,extra_trees,11337,50,64,0.28361805,0.28337912
snap_top3,hist_gradient_boosting,11337,10,137,0.12586050,-0.00329961
snap_top3,hist_gradient_boosting,11337,20,113,0.30774550,0.07626921
snap_top3,hist_gradient_boosting,11337,30,99,0.46471419,0.18477427
snap_top3,hist_gradient_boosting,11337,40,85,0.51253942,0.16877076
snap_top3,hist_gradient_boosting,11337,50,64,0.26635198,0.26043956
snap_top3,ridge_dynamic_context,11374,10,134,0.10502034,0.13416377
snap_top3,ridge_dynamic_context,11374,20,103,0.20300446,0.20808988
snap_top3,ridge_dynamic_context,11374,30,78,0.29243296,0.23785076
snap_top3,ridge_dynamic_context,11374,40,66,0.36946452,0.32053022
snap_top3,ridge_dynamic_context,11374,50,53,0.31325300,0.29333978
snap_top3,extra_trees,11374,10,134,0.14673832,0.13353533
snap_top3,extra_trees,11374,20,103,0.17288315,0.20410315
snap_top3,extra_trees,11374,30,78,0.21140633,0.18049040
snap_top3,extra_trees,11374,40,66,0.34908024,0.31180461
snap_top3,extra_trees,11374,50,53,0.31865955,0.32027092
snap_top3,hist_gradient_boosting,11374,10,134,0.10923062,0.11720096
snap_top3,hist_gradient_boosting,11374,20,103,0.19389648,0.23201028
snap_top3,hist_gradient_boosting,11374,30,78,0.21394690,0.20183614
snap_top3,hist_gradient_boosting,11374,40,66,0.27001606,0.24396201
snap_top3,hist_gradient_boosting,11374,50,53,0.26582233,0.25882922
snap_top3,ridge_dynamic_context,11411,10,133,0.34147761,0.19320350
snap_top3,ridge_dynamic_context,11411,20,113,0.38285332,0.18772041
snap_top3,ridge_dynamic_context,11411,30,81,0.49487759,0.19537037
snap_top3,ridge_dynamic_context,11411,40,71,0.14795679,0.12847082
snap_top3,ridge_dynamic_context,11411,50,55,0.31763477,0.26580087
snap_top3,extra_trees,11411,10,133,0.37143431,0.23306230
snap_top3,extra_trees,11411,20,113,0.45672957,0.26566971
snap_top3,extra_trees,11411,30,81,0.50699073,0.23380759
snap_top3,extra_trees,11411,40,71,0.16592309,0.18397049
snap_top3,extra_trees,11411,50,55,0.36455184,0.39184704
snap_top3,hist_gradient_boosting,11411,10,133,0.33509431,0.18791381
snap_top3,hist_gradient_boosting,11411,20,113,0.40817827,0.19634540
snap_top3,hist_gradient_boosting,11411,30,81,0.52489588,0.21626016
snap_top3,hist_gradient_boosting,11411,40,71,0.16947544,0.16210597
snap_top3,hist_gradient_boosting,11411,50,55,0.33774760,0.34054834
snap_top3,ridge_dynamic_context,11448,10,131,0.37385753,0.25623766
snap_top3,ridge_dynamic_context,11448,20,108,0.41318922,0.29260625
snap_top3,ridge_dynamic_context,11448,30,92,0.31393305,0.33155064
snap_top3,ridge_dynamic_context,11448,40,71,0.41511543,0.44610999
snap_top3,ridge_dynamic_context,11448,50,51,0.67367010,0.61294118
snap_top3,extra_trees,11448,10,131,0.40387832,0.31571024
snap_top3,extra_trees,11448,20,108,0.50417233,0.41554965
snap_top3,extra_trees,11448,30,92,0.41010302,0.46200083
snap_top3,extra_trees,11448,40,71,0.46433494,0.54963112
snap_top3,extra_trees,11448,50,51,0.69927823,0.66823529
snap_top3,hist_gradient_boosting,11448,10,131,0.35648341,0.24058079
snap_top3,hist_gradient_boosting,11448,20,108,0.45016955,0.31405108
snap_top3,hist_gradient_boosting,11448,30,92,0.33415905,0.38595626
snap_top3,hist_gradient_boosting,11448,40,71,0.38268425,0.47109323
snap_top3,hist_gradient_boosting,11448,50,51,0.70835383,0.64579186
snap_top3,ridge_dynamic_context,11485,10,140,0.33626321,0.12503553
snap_top3,ridge_dynamic_context,11485,20,117,0.23229976,0.17950966
snap_top3,ridge_dynamic_context,11485,30,92,0.18885949,0.15458595
snap_top3,ridge_dynamic_context,11485,40,73,0.26369791,0.23432679
snap_top3,ridge_dynamic_context,11485,50,65,0.34277829,0.30808566
snap_top3,extra_trees,11485,10,140,0.34009091,0.13401413
snap_top3,extra_trees,11485,20,117,0.22524640,0.21453941
snap_top3,extra_trees,11485,30,92,0.17068050,0.17593206
snap_top3,extra_trees,11485,40,73,0.21418707,0.22414538
snap_top3,extra_trees,11485,50,65,0.27220432,0.28208042
snap_top3,hist_gradient_boosting,11485,10,140,0.34138251,0.17659356
snap_top3,hist_gradient_boosting,11485,20,117,0.24190016,0.25785640
snap_top3,hist_gradient_boosting,11485,30,92,0.21057100,0.24582710
snap_top3,hist_gradient_boosting,11485,40,73,0.19292937,0.24148464
snap_top3,hist_gradient_boosting,11485,50,65,0.25310630,0.30965909
snap_top3,ridge_dynamic_context,11522,10,127,0.08430854,0.13375867
snap_top3,ridge_dynamic_context,11522,20,107,0.02588332,0.07794040
snap_top3,ridge_dynamic_context,11522,30,81,0.19799976,0.17694219
snap_top3,ridge_dynamic_context,11522,40,59,0.24569619,0.20391584
snap_top3,ridge_dynamic_context,11522,50,43,0.35381667,0.27922078
snap_top3,extra_trees,11522,10,127,0.12631799,0.19354612
snap_top3,extra_trees,11522,20,107,0.13926578,0.20373636
snap_top3,extra_trees,11522,30,81,0.24736290,0.24180217
snap_top3,extra_trees,11522,40,59,0.33476756,0.32419638
snap_top3,extra_trees,11522,50,43,0.44819444,0.40199336
snap_top3,hist_gradient_boosting,11522,10,127,0.05936821,0.12995055
snap_top3,hist_gradient_boosting,11522,20,107,0.08380030,0.14210702
snap_top3,hist_gradient_boosting,11522,30,81,0.19926747,0.18690154
snap_top3,hist_gradient_boosting,11522,40,59,0.30934178,0.28679135
snap_top3,hist_gradient_boosting,11522,50,43,0.35650092,0.28239203
snap_top3,ridge_dynamic_context,11559,10,140,0.26518475,0.10803612
snap_top3,ridge_dynamic_context,11559,20,117,0.41730784,0.19445069
snap_top3,ridge_dynamic_context,11559,30,93,0.53007978,0.28681627
snap_top3,ridge_dynamic_context,11559,40,78,0.56868765,0.27381479
snap_top3,ridge_dynamic_context,11559,50,60,0.22009301,0.23395388
snap_top3,extra_trees,11559,10,140,0.29646916,0.15981719
snap_top3,extra_trees,11559,20,117,0.42554616,0.21630775
snap_top3,extra_trees,11559,30,93,0.56687435,0.32493808
snap_top3,extra_trees,11559,40,78,0.61623195,0.34794320
snap_top3,extra_trees,11559,50,60,0.31588086,0.31836621
snap_top3,hist_gradient_boosting,11559,10,140,0.24462491,0.12220157
snap_top3,hist_gradient_boosting,11559,20,117,0.38210576,0.20084971
snap_top3,hist_gradient_boosting,11559,30,93,0.50528825,0.26983677
snap_top3,hist_gradient_boosting,11559,40,78,0.57147307,0.30029464
snap_top3,hist_gradient_boosting,11559,50,60,0.21278070,0.26407335
snap_top3,ridge_dynamic_context,11596,10,139,0.10522315,0.14854551
snap_top3,ridge_dynamic_context,11596,20,122,0.14661795,0.15339649
snap_top3,ridge_dynamic_context,11596,30,91,0.26728277,0.24988055
snap_top3,ridge_dynamic_context,11596,40,78,0.33659878,0.34475651
snap_top3,ridge_dynamic_context,11596,50,62,0.40575787,0.37322153
snap_top3,extra_trees,11596,10,139,0.14630941,0.18716207
snap_top3,extra_trees,11596,20,122,0.22387319,0.21327337
snap_top3,extra_trees,11596,30,91,0.35347017,0.30425227
snap_top3,extra_trees,11596,40,78,0.42628491,0.39225332
snap_top3,extra_trees,11596,50,62,0.40064213,0.37971847
snap_top3,hist_gradient_boosting,11596,10,139,0.12193834,0.16141025
snap_top3,hist_gradient_boosting,11596,20,122,0.17448128,0.18003047
snap_top3,hist_gradient_boosting,11596,30,91,0.29032441,0.28944099
snap_top3,hist_gradient_boosting,11596,40,78,0.37527629,0.36638045
snap_top3,hist_gradient_boosting,11596,50,62,0.37584603,0.35347888
snap_top3,ridge_dynamic_context,11633,10,136,0.23136898,0.05192500
snap_top3,ridge_dynamic_context,11633,20,115,0.34269698,0.07934980
snap_top3,ridge_dynamic_context,11633,30,91,0.47643956,0.14725275
snap_top3,ridge_dynamic_context,11633,40,76,0.18506119,0.10879016
snap_top3,ridge_dynamic_context,11633,50,61,0.19690313,0.07234268
snap_top3,extra_trees,11633,10,136,0.26716555,0.13152998
snap_top3,extra_trees,11633,20,115,0.38270042,0.16329993
snap_top3,extra_trees,11633,30,91,0.54555544,0.27856347
snap_top3,extra_trees,11633,40,76,0.30307586,0.27321941
snap_top3,extra_trees,11633,50,61,0.29712741,0.21115812
snap_top3,hist_gradient_boosting,11633,10,136,0.22982539,0.11725109
snap_top3,hist_gradient_boosting,11633,20,115,0.32928392,0.16079855
snap_top3,hist_gradient_boosting,11633,30,91,0.51252721,0.27993311
snap_top3,hist_gradient_boosting,11633,40,76,0.26743625,0.27715653
snap_top3,hist_gradient_boosting,11633,50,61,0.26404818,0.23923850
snap_top3,ridge_dynamic_context,11670,10,133,0.11616540,0.07314759
snap_top3,ridge_dynamic_context,11670,20,106,0.18372333,0.11714235
snap_top3,ridge_dynamic_context,11670,30,82,0.19473513,0.15401443
snap_top3,ridge_dynamic_context,11670,40,69,0.16905992,0.12126416
snap_top3,ridge_dynamic_context,11670,50,52,0.13430953,0.05890890
snap_top3,extra_trees,11670,10,133,0.10794178,0.10228931
snap_top3,extra_trees,11670,20,106,0.17394493,0.14889286
snap_top3,extra_trees,11670,30,82,0.23553361,0.20279492
snap_top3,extra_trees,11670,40,69,0.16733003,0.13350384
snap_top3,extra_trees,11670,50,52,0.10875177,0.09946214
snap_top3,hist_gradient_boosting,11670,10,133,0.07532063,0.02821844
snap_top3,hist_gradient_boosting,11670,20,106,0.14059120,0.07488223
snap_top3,hist_gradient_boosting,11670,30,82,0.18418228,0.15111938
snap_top3,hist_gradient_boosting,11670,40,69,0.10753678,0.08947753
snap_top3,hist_gradient_boosting,11670,50,52,0.02306242,0.01716042
snap_top3,ridge_dynamic_context,11707,10,136,0.22339740,0.05160536
snap_top3,ridge_dynamic_context,11707,20,108,0.38987686,0.13737651
snap_top3,ridge_dynamic_context,11707,30,87,0.44313446,0.14724430
snap_top3,ridge_dynamic_context,11707,40,71,0.50622941,0.09403085
snap_top3,ridge_dynamic_context,11707,50,52,0.20444205,0.16152992
snap_top3,extra_trees,11707,10,136,0.21181083,0.09556319
snap_top3,extra_trees,11707,20,108,0.37298077,0.19079330
snap_top3,extra_trees,11707,30,87,0.43252593,0.17288766
snap_top3,extra_trees,11707,40,71,0.53743387,0.16670020
snap_top3,extra_trees,11707,50,52,0.26453270,0.23862375
snap_top3,hist_gradient_boosting,11707,10,136,0.13513403,0.00509518
snap_top3,hist_gradient_boosting,11707,20,108,0.29499112,0.10026961
snap_top3,hist_gradient_boosting,11707,30,87,0.39284058,0.11675293
snap_top3,hist_gradient_boosting,11707,40,71,0.52792333,0.15285044
snap_top3,hist_gradient_boosting,11707,50,52,0.24876028,0.22692735
snap_top3,ridge_dynamic_context,11744,10,138,0.24664969,0.17785150
snap_top3,ridge_dynamic_context,11744,20,115,0.29876352,0.18870828
snap_top3,ridge_dynamic_context,11744,30,88,0.32329084,0.23639534
snap_top3,ridge_dynamic_context,11744,40,72,0.46951745,0.39594186
snap_top3,ridge_dynamic_context,11744,50,57,0.41248825,0.38741250
snap_top3,extra_trees,11744,10,138,0.23855067,0.25988552
snap_top3,extra_trees,11744,20,115,0.34941179,0.28331098
snap_top3,extra_trees,11744,30,88,0.37295666,0.28824275
snap_top3,extra_trees,11744,40,72,0.52539155,0.44781015
snap_top3,extra_trees,11744,50,57,0.46879774,0.49228675
snap_top3,hist_gradient_boosting,11744,10,138,0.21095480,0.20429509
snap_top3,hist_gradient_boosting,11744,20,115,0.31452682,0.21947447
snap_top3,hist_gradient_boosting,11744,30,88,0.34314630,0.24023458
snap_top3,hist_gradient_boosting,11744,40,72,0.52064799,0.42899865
snap_top3,hist_gradient_boosting,11744,50,57,0.47295745,0.47348976
snap_top3,ridge_dynamic_context,11781,10,135,0.41624446,0.16522291
snap_top3,ridge_dynamic_context,11781,20,116,0.47107747,0.15878984
snap_top3,ridge_dynamic_context,11781,30,89,0.55219771,0.18314607
snap_top3,ridge_dynamic_context,11781,40,78,0.23073137,0.17103150
snap_top3,ridge_dynamic_context,11781,50,68,0.25707417,0.19857236
snap_top3,extra_trees,11781,10,135,0.44136343,0.26715930
snap_top3,extra_trees,11781,20,116,0.48404996,0.27576981
snap_top3,extra_trees,11781,30,89,0.63465107,0.32717058
snap_top3,extra_trees,11781,40,78,0.35420895,0.33112457
snap_top3,extra_trees,11781,50,68,0.36893257,0.34465779
snap_top3,hist_gradient_boosting,11781,10,135,0.39745781,0.24252756
snap_top3,hist_gradient_boosting,11781,20,116,0.49134260,0.25531849
snap_top3,hist_gradient_boosting,11781,30,89,0.61501603,0.33059244
snap_top3,hist_gradient_boosting,11781,40,78,0.35307068,0.35618812
snap_top3,hist_gradient_boosting,11781,50,68,0.36917661,0.37092033
snap_top3,ridge_dynamic_context,11818,10,134,0.26832941,0.05896083
snap_top3,ridge_dynamic_context,11818,20,107,0.44227701,0.10499814
snap_top3,ridge_dynamic_context,11818,30,86,0.13327675,0.07288080
snap_top3,ridge_dynamic_context,11818,40,73,0.15077895,0.08188325
snap_top3,ridge_dynamic_context,11818,50,51,0.09393693,0.01085973
snap_top3,extra_trees,11818,10,134,0.28589044,0.13514632
snap_top3,extra_trees,11818,20,107,0.44788213,0.18172378
snap_top3,extra_trees,11818,30,86,0.15591259,0.16950800
snap_top3,extra_trees,11818,40,73,0.14587753,0.14738369
snap_top3,extra_trees,11818,50,51,0.17791937,0.14796380
snap_top3,hist_gradient_boosting,11818,10,134,0.28231675,0.10061223
snap_top3,hist_gradient_boosting,11818,20,107,0.46166645,0.16968397
snap_top3,hist_gradient_boosting,11818,30,86,0.16444136,0.16726261
snap_top3,hist_gradient_boosting,11818,40,73,0.17181967,0.16169937
snap_top3,hist_gradient_boosting,11818,50,51,0.16001333,0.14018100
snap_top3,ridge_dynamic_context,11855,10,136,0.27672164,0.09912218
snap_top3,ridge_dynamic_context,11855,20,113,0.40529011,0.16357542
snap_top3,ridge_dynamic_context,11855,30,88,0.23667191,0.20844634
snap_top3,ridge_dynamic_context,11855,40,69,0.32008309,0.29393497
snap_top3,ridge_dynamic_context,11855,50,53,0.36153879,0.26108692
snap_top3,extra_trees,11855,10,136,0.31863557,0.19561567
snap_top3,extra_trees,11855,20,113,0.44193869,0.23668408
snap_top3,extra_trees,11855,30,88,0.21148194,0.23884330
snap_top3,extra_trees,11855,40,69,0.32884316,0.33533065
snap_top3,extra_trees,11855,50,53,0.33659435,0.29293662
snap_top3,hist_gradient_boosting,11855,10,136,0.27200846,0.13274176
snap_top3,hist_gradient_boosting,11855,20,113,0.40375550,0.20233382
snap_top3,hist_gradient_boosting,11855,30,88,0.17053812,0.20983762
snap_top3,hist_gradient_boosting,11855,40,69,0.31939028,0.32773109
snap_top3,hist_gradient_boosting,11855,50,53,0.33839196,0.30309627
snap_top3,ridge_dynamic_context,11892,10,136,0.44454868,0.22390153
snap_top3,ridge_dynamic_context,11892,20,110,0.48398958,0.16499786
snap_top3,ridge_dynamic_context,11892,30,95,0.20575020,0.16962486
snap_top3,ridge_dynamic_context,11892,40,79,0.25425095,0.24096884
snap_top3,ridge_dynamic_context,11892,50,57,0.28287474,0.19983148
snap_top3,extra_trees,11892,10,136,0.44931323,0.28647965
snap_top3,extra_trees,11892,20,110,0.52993096,0.28902915
snap_top3,extra_trees,11892,30,95,0.26385490,0.28390258
snap_top3,extra_trees,11892,40,79,0.30496870,0.31718598
snap_top3,extra_trees,11892,50,57,0.29768031,0.27540835
snap_top3,hist_gradient_boosting,11892,10,136,0.41869570,0.28837842
snap_top3,hist_gradient_boosting,11892,20,110,0.47077293,0.26913870
snap_top3,hist_gradient_boosting,11892,30,95,0.19109784,0.23016517
snap_top3,hist_gradient_boosting,11892,40,79,0.22047137,0.25893379
snap_top3,hist_gradient_boosting,11892,50,57,0.27038091,0.28448276
snap_top3,ridge_dynamic_context,11929,10,127,0.11032823,-0.05461427
snap_top3,ridge_dynamic_context,11929,20,104,0.20612063,-0.02526406
snap_top3,ridge_dynamic_context,11929,30,83,0.38094661,0.08584862
snap_top3,ridge_dynamic_context,11929,40,71,0.16849366,0.07934272
snap_top3,ridge_dynamic_context,11929,50,56,0.21179978,0.10492139
snap_top3,extra_trees,11929,10,127,0.11073541,-0.02594207
snap_top3,extra_trees,11929,20,104,0.22424541,0.01861731
snap_top3,extra_trees,11929,30,83,0.38461521,0.11561227
snap_top3,extra_trees,11929,40,71,0.15539072,0.08913481
snap_top3,extra_trees,11929,50,56,0.21719316,0.12365003
snap_top3,hist_gradient_boosting,11929,10,127,0.08603795,-0.08271818
snap_top3,hist_gradient_boosting,11929,20,104,0.22555484,0.00859917
snap_top3,hist_gradient_boosting,11929,30,83,0.38566556,0.09733009
snap_top3,hist_gradient_boosting,11929,40,71,0.12636555,0.08621730
snap_top3,hist_gradient_boosting,11929,50,56,0.13143899,0.08017772
snap_top3,ridge_dynamic_context,11966,10,130,0.11541120,0.08985238
snap_top3,ridge_dynamic_context,11966,20,109,0.22273635,0.15637105
snap_top3,ridge_dynamic_context,11966,30,89,0.16626563,0.15131086
snap_top3,ridge_dynamic_context,11966,40,72,0.21111431,0.14830536
snap_top3,ridge_dynamic_context,11966,50,56,0.25686695,0.20997949
snap_top3,extra_trees,11966,10,130,0.14410948,0.13934643
snap_top3,extra_trees,11966,20,109,0.22325370,0.20758039
snap_top3,extra_trees,11966,30,89,0.14262572,0.16310861
snap_top3,extra_trees,11966,40,72,0.22661214,0.19583253
snap_top3,extra_trees,11966,50,56,0.22681077,0.20300752
snap_top3,hist_gradient_boosting,11966,10,130,0.11765446,0.11923965
snap_top3,hist_gradient_boosting,11966,20,109,0.21506677,0.19155778
snap_top3,hist_gradient_boosting,11966,30,89,0.09762789,0.13411645
snap_top3,hist_gradient_boosting,11966,40,72,0.21639074,0.18493151
snap_top3,hist_gradient_boosting,11966,50,56,0.27846428,0.25495557
snap_top3,ridge_dynamic_context,12003,10,121,0.27795304,0.12954884
snap_top3,ridge_dynamic_context,12003,20,103,0.43822314,0.24700171
snap_top3,ridge_dynamic_context,12003,30,84,0.48878290,0.17059836
snap_top3,ridge_dynamic_context,12003,40,69,0.59656381,0.26021191
snap_top3,ridge_dynamic_context,12003,50,55,0.42287102,0.32979798
snap_top3,extra_trees,12003,10,121,0.29990080,0.20789866
snap_top3,extra_trees,12003,20,103,0.47829433,0.30547380
snap_top3,extra_trees,12003,30,84,0.53010925,0.28441835
snap_top3,extra_trees,12003,40,69,0.63650167,0.38469127
snap_top3,extra_trees,12003,50,55,0.46640707,0.41580087
snap_top3,hist_gradient_boosting,12003,10,121,0.30362326,0.16659667
snap_top3,hist_gradient_boosting,12003,20,103,0.46652562,0.27433774
snap_top3,hist_gradient_boosting,12003,30,84,0.53660890,0.27733117
snap_top3,hist_gradient_boosting,12003,40,69,0.61971097,0.33043478
snap_top3,hist_gradient_boosting,12003,50,55,0.41466210,0.36572872
snap_top3,ridge_dynamic_context,12040,10,138,0.34439732,0.18689739
snap_top3,ridge_dynamic_context,12040,20,118,0.21127193,0.20462787
snap_top3,ridge_dynamic_context,12040,30,97,0.17334900,0.16799916
snap_top3,ridge_dynamic_context,12040,40,79,0.26849669,0.24975657
snap_top3,ridge_dynamic_context,12040,50,65,0.31075627,0.32250874
snap_top3,extra_trees,12040,10,138,0.29445169,0.19928583
snap_top3,extra_trees,12040,20,118,0.19829464,0.25095775
snap_top3,extra_trees,12040,30,97,0.18164884,0.24644961
snap_top3,extra_trees,12040,40,79,0.27458141,0.31329114
snap_top3,extra_trees,12040,50,65,0.29476606,0.35476399
snap_top3,hist_gradient_boosting,12040,10,138,0.31239122,0.15644457
snap_top3,hist_gradient_boosting,12040,20,118,0.19726719,0.22276394
snap_top3,hist_gradient_boosting,12040,30,97,0.18894556,0.24822481
snap_top3,hist_gradient_boosting,12040,40,79,0.29959366,0.31903603
snap_top3,hist_gradient_boosting,12040,50,65,0.29955260,0.33719406
snap_top3,ridge_dynamic_context,12077,10,140,0.59374037,0.31278126
snap_top3,ridge_dynamic_context,12077,20,116,0.49543377,0.29444509
snap_top3,ridge_dynamic_context,12077,30,91,0.60234783,0.33228221
snap_top3,ridge_dynamic_context,12077,40,76,0.65780692,0.38225564
snap_top3,ridge_dynamic_context,12077,50,64,0.44749250,0.40668498
snap_top3,extra_trees,12077,10,140,0.57143977,0.30664101
snap_top3,extra_trees,12077,20,116,0.48503101,0.32707492
snap_top3,extra_trees,12077,30,91,0.61523734,0.39300844
snap_top3,extra_trees,12077,40,76,0.64512703,0.41096377
snap_top3,extra_trees,12077,50,64,0.42587102,0.39885531
snap_top3,hist_gradient_boosting,12077,10,140,0.48792376,0.23976734
snap_top3,hist_gradient_boosting,12077,20,116,0.42255893,0.24872179
snap_top3,hist_gradient_boosting,12077,30,91,0.57526747,0.33116738
snap_top3,hist_gradient_boosting,12077,40,76,0.60518559,0.34138072
snap_top3,hist_gradient_boosting,12077,50,64,0.36420105,0.36904762
snap_top3,ridge_dynamic_context,12114,10,135,0.28232306,0.11345235
snap_top3,ridge_dynamic_context,12114,20,106,0.39371596,0.16811850
snap_top3,ridge_dynamic_context,12114,30,86,0.21917800,0.17858390
snap_top3,ridge_dynamic_context,12114,40,72,0.25663155,0.22921088
snap_top3,ridge_dynamic_context,12114,50,57,0.25317967,0.18589577
snap_top3,extra_trees,12114,10,135,0.32273661,0.20174617
snap_top3,extra_trees,12114,20,106,0.39897079,0.22844547
snap_top3,extra_trees,12114,30,86,0.23443581,0.27690929
snap_top3,extra_trees,12114,40,72,0.30705144,0.34146890
snap_top3,extra_trees,12114,50,57,0.27694955,0.30613171
snap_top3,hist_gradient_boosting,12114,10,135,0.28080878,0.16111111
snap_top3,hist_gradient_boosting,12114,20,106,0.39520917,0.22992669
snap_top3,hist_gradient_boosting,12114,30,86,0.21283550,0.26049342
snap_top3,hist_gradient_boosting,12114,40,72,0.27256354,0.29220529
snap_top3,hist_gradient_boosting,12114,50,57,0.25870889,0.25162043
snap_top3,ridge_dynamic_context,12151,10,144,0.37519394,0.23847761
snap_top3,ridge_dynamic_context,12151,20,119,0.47455039,0.22929782
snap_top3,ridge_dynamic_context,12151,30,95,0.25841998,0.24437290
snap_top3,ridge_dynamic_context,12151,40,81,0.21868023,0.20155827
snap_top3,ridge_dynamic_context,12151,50,61,0.26083675,0.25277631
snap_top3,extra_trees,12151,10,144,0.38685029,0.24250462
snap_top3,extra_trees,12151,20,119,0.49797155,0.23381285
snap_top3,extra_trees,12151,30,95,0.29429586,0.28153695
snap_top3,extra_trees,12151,40,81,0.26921266,0.27104788
snap_top3,extra_trees,12151,50,61,0.29937251,0.29571655
snap_top3,hist_gradient_boosting,12151,10,144,0.34621195,0.23937384
snap_top3,hist_gradient_boosting,12151,20,119,0.47083529,0.25246404
snap_top3,hist_gradient_boosting,12151,30,95,0.24283054,0.27192049
snap_top3,hist_gradient_boosting,12151,40,81,0.19563891,0.23753388
snap_top3,hist_gradient_boosting,12151,50,61,0.27114878,0.30713908
snap_top3,ridge_dynamic_context,12188,10,137,0.17976755,0.19795770
snap_top3,ridge_dynamic_context,12188,20,112,0.39904198,0.28386920
snap_top3,ridge_dynamic_context,12188,30,86,0.56997060,0.37744233
snap_top3,ridge_dynamic_context,12188,40,75,0.58243113,0.34856330
snap_top3,ridge_dynamic_context,12188,50,57,0.29943378,0.26918590
snap_top3,extra_trees,12188,10,137,0.24696379,0.21859540
snap_top3,extra_trees,12188,20,112,0.44472446,0.27340520
snap_top3,extra_trees,12188,30,86,0.58887429,0.34232747
snap_top3,extra_trees,12188,40,75,0.62235615,0.33957326
snap_top3,extra_trees,12188,50,57,0.32195031,0.26302826
snap_top3,hist_gradient_boosting,12188,10,137,0.20202770,0.21671458
snap_top3,hist_gradient_boosting,12188,20,112,0.41080369,0.29367547
snap_top3,hist_gradient_boosting,12188,30,86,0.56891522,0.35681872
snap_top3,hist_gradient_boosting,12188,40,75,0.62584334,0.38401138
snap_top3,hist_gradient_boosting,12188,50,57,0.37471785,0.40193155
snap_top3,ridge_dynamic_context,12225,10,135,0.29601834,0.12012487
snap_top3,ridge_dynamic_context,12225,20,111,0.33506066,0.11920849
snap_top3,ridge_dynamic_context,12225,30,86,0.15709929,0.14924289
snap_top3,ridge_dynamic_context,12225,40,70,0.15051377,0.15321494
snap_top3,ridge_dynamic_context,12225,50,50,0.19693257,0.17483794
snap_top3,extra_trees,12225,10,135,0.34186662,0.18163594
snap_top3,extra_trees,12225,20,111,0.42141507,0.18611794
snap_top3,extra_trees,12225,30,86,0.20362067,0.18045191
snap_top3,extra_trees,12225,40,70,0.21639370,0.18397341
snap_top3,extra_trees,12225,50,50,0.23586457,0.14833133
snap_top3,hist_gradient_boosting,12225,10,135,0.30751962,0.14694664
snap_top3,hist_gradient_boosting,12225,20,111,0.39515974,0.17607055
snap_top3,hist_gradient_boosting,12225,30,86,0.20330905,0.21813293
snap_top3,hist_gradient_boosting,12225,40,70,0.21593638,0.23324294
snap_top3,hist_gradient_boosting,12225,50,50,0.30046327,0.31092437
snap_top3,ridge_dynamic_context,12262,10,127,0.36957367,0.13896700
snap_top3,ridge_dynamic_context,12262,20,106,0.43662248,0.19617100
snap_top3,ridge_dynamic_context,12262,30,79,0.58245486,0.30009737
snap_top3,ridge_dynamic_context,12262,40,64,0.37446708,0.35297619
snap_top3,ridge_dynamic_context,12262,50,46,0.41552987,0.36700586
snap_top3,extra_trees,12262,10,127,0.43279958,0.29988634
snap_top3,extra_trees,12262,20,106,0.49509226,0.31276419
snap_top3,extra_trees,12262,30,79,0.64125392,0.44695716
snap_top3,extra_trees,12262,40,64,0.47644316,0.48855311
snap_top3,extra_trees,12262,50,46,0.48308605,0.46222633
snap_top3,hist_gradient_boosting,12262,10,127,0.36345636,0.23711099
snap_top3,hist_gradient_boosting,12262,20,106,0.42648876,0.25515782
snap_top3,hist_gradient_boosting,12262,30,79,0.58397922,0.36633398
snap_top3,hist_gradient_boosting,12262,40,64,0.39839018,0.41121795
snap_top3,hist_gradient_boosting,12262,50,46,0.42651035,0.41288930
snap_top3,ridge_dynamic_context,12299,10,134,0.17624089,0.03825733
snap_top3,ridge_dynamic_context,12299,20,113,0.30908801,0.08215783
snap_top3,ridge_dynamic_context,12299,30,95,0.46343299,0.16154815
snap_top3,ridge_dynamic_context,12299,40,79,0.22604306,0.18549172
snap_top3,ridge_dynamic_context,12299,50,63,0.30201126,0.28667435
snap_top3,extra_trees,12299,10,134,0.24409261,0.15243831
snap_top3,extra_trees,12299,20,113,0.36106432,0.16602069
snap_top3,extra_trees,12299,30,95,0.50571237,0.24244121
snap_top3,extra_trees,12299,40,79,0.29168081,0.26475170
snap_top3,extra_trees,12299,50,63,0.33584064,0.31005184
snap_top3,hist_gradient_boosting,12299,10,134,0.20114317,0.12427836
snap_top3,hist_gradient_boosting,12299,20,113,0.30547237,0.13769213
snap_top3,hist_gradient_boosting,12299,30,95,0.46333056,0.21342385
snap_top3,hist_gradient_boosting,12299,40,79,0.25296970,0.24591042
snap_top3,hist_gradient_boosting,12299,50,63,0.29308783,0.29637097
snap_top3,ridge_dynamic_context,12336,10,136,0.28047544,0.19966605
snap_top3,ridge_dynamic_context,12336,20,116,0.33286620,0.19910045
snap_top3,ridge_dynamic_context,12336,30,99,0.26362380,0.19882498
snap_top3,ridge_dynamic_context,12336,40,77,0.26597539,0.18221252
snap_top3,ridge_dynamic_context,12336,50,59,0.33963389,0.23635301
snap_top3,extra_trees,12336,10,136,0.30760538,0.23004151
snap_top3,extra_trees,12336,20,116,0.38109484,0.26106178
snap_top3,extra_trees,12336,30,99,0.27605885,0.21856524
snap_top3,extra_trees,12336,40,77,0.25298128,0.19901151
snap_top3,extra_trees,12336,50,59,0.32899205,0.27416715
snap_top3,hist_gradient_boosting,12336,10,136,0.26315135,0.21849148
snap_top3,hist_gradient_boosting,12336,20,116,0.33474441,0.23340637
snap_top3,hist_gradient_boosting,12336,30,99,0.25248808,0.23927025
snap_top3,hist_gradient_boosting,12336,40,77,0.23752563,0.20495294
snap_top3,hist_gradient_boosting,12336,50,59,0.25589864,0.21168907
snap_top3,ridge_dynamic_context,12373,10,139,0.24923296,0.05596765
snap_top3,ridge_dynamic_context,12373,20,112,0.38741429,0.14319882
snap_top3,ridge_dynamic_context,12373,30,85,0.41038230,0.09439124
snap_top3,ridge_dynamic_context,12373,40,75,0.12515287,0.10176387
snap_top3,ridge_dynamic_context,12373,50,63,0.15194053,0.12658410
snap_top3,extra_trees,12373,10,139,0.28305122,0.14896108
snap_top3,extra_trees,12373,20,112,0.39920881,0.17141320
snap_top3,extra_trees,12373,30,85,0.44125584,0.15853039
snap_top3,extra_trees,12373,40,75,0.12456439,0.11712660
snap_top3,extra_trees,12373,50,63,0.15410494,0.14367320
snap_top3,hist_gradient_boosting,12373,10,139,0.29803715,0.12786541
snap_top3,hist_gradient_boosting,12373,20,112,0.42032166,0.20291625
snap_top3,hist_gradient_boosting,12373,30,85,0.45334930,0.19910104
snap_top3,hist_gradient_boosting,12373,40,75,0.15937004,0.17485064
snap_top3,hist_gradient_boosting,12373,50,63,0.17987665,0.19546851
snap_top3,ridge_dynamic_context,12410,10,134,0.18243113,0.09474682
snap_top3,ridge_dynamic_context,12410,20,109,0.29471787,0.15852099
snap_top3,ridge_dynamic_context,12410,30,88,0.42266881,0.20855201
snap_top3,ridge_dynamic_context,12410,40,73,0.22589042,0.21316179
snap_top3,ridge_dynamic_context,12410,50,59,0.27739550,0.24880187
snap_top3,extra_trees,12410,10,134,0.25559104,0.23095799
snap_top3,extra_trees,12410,20,109,0.35642430,0.30140858
snap_top3,extra_trees,12410,30,88,0.51613158,0.36074812
snap_top3,extra_trees,12410,40,73,0.33778736,0.34548932
snap_top3,extra_trees,12410,50,59,0.34330262,0.32811222
snap_top3,hist_gradient_boosting,12410,10,134,0.23284387,0.22679335
snap_top3,hist_gradient_boosting,12410,20,109,0.32824928,0.25355389
snap_top3,hist_gradient_boosting,12410,30,88,0.48386444,0.30990455
snap_top3,hist_gradient_boosting,12410,40,73,0.30936085,0.30843515
snap_top3,hist_gradient_boosting,12410,50,59,0.37987628,0.35464641
snap_top3,ridge_dynamic_context,12447,10,130,0.46728643,0.35780633
snap_top3,ridge_dynamic_context,12447,20,102,0.59513326,0.36851926
snap_top3,ridge_dynamic_context,12447,30,78,0.40689145,0.43342733
snap_top3,ridge_dynamic_context,12447,40,68,0.45859549,0.45593007
snap_top3,ridge_dynamic_context,12447,50,54,0.48385220,0.48381933
snap_top3,extra_trees,12447,10,130,0.46049163,0.39056385
snap_top3,extra_trees,12447,20,102,0.60472376,0.45731718
snap_top3,extra_trees,12447,30,78,0.45592918,0.50664525
snap_top3,extra_trees,12447,40,68,0.52800540,0.52540367
snap_top3,extra_trees,12447,50,54,0.53671314,0.55845245
snap_top3,hist_gradient_boosting,12447,10,130,0.43315715,0.34755356
snap_top3,hist_gradient_boosting,12447,20,102,0.54677179,0.38771056
snap_top3,hist_gradient_boosting,12447,30,78,0.31941392,0.41294149
snap_top3,hist_gradient_boosting,12447,40,68,0.42150553,0.47203878
snap_top3,hist_gradient_boosting,12447,50,54,0.41225844,0.47162188
snap_top3,ridge_dynamic_context,12484,10,137,0.30413242,0.07081785
snap_top3,ridge_dynamic_context,12484,20,112,0.33414729,0.06387740
snap_top3,ridge_dynamic_context,12484,30,94,0.36709741,0.10456237
snap_top3,ridge_dynamic_context,12484,40,82,0.42532238,0.13100641
snap_top3,ridge_dynamic_context,12484,50,61,0.18059674,0.14362771
snap_top3,extra_trees,12484,10,137,0.32924534,0.18782553
snap_top3,extra_trees,12484,20,112,0.36919622,0.20403526
snap_top3,extra_trees,12484,30,94,0.38789054,0.18569519
snap_top3,extra_trees,12484,40,82,0.44448776,0.17040520
snap_top3,extra_trees,12484,50,61,0.23773611,0.21972501
snap_top3,hist_gradient_boosting,12484,10,137,0.27708846,0.12112868
snap_top3,hist_gradient_boosting,12484,20,112,0.33355618,0.15151878
snap_top3,hist_gradient_boosting,12484,30,94,0.37810967,0.15402232
snap_top3,hist_gradient_boosting,12484,40,82,0.45700780,0.17521577
snap_top3,hist_gradient_boosting,12484,50,61,0.24035135,0.27086198
snap_top3,ridge_dynamic_context,12521,10,138,0.35486359,0.22573855
snap_top3,ridge_dynamic_context,12521,20,112,0.21267404,0.22120477
snap_top3,ridge_dynamic_context,12521,30,82,0.26702323,0.24613359
snap_top3,ridge_dynamic_context,12521,40,66,0.33909692,0.31038514
snap_top3,ridge_dynamic_context,12521,50,53,0.30787556,0.25632962
snap_top3,extra_trees,12521,10,138,0.43488187,0.33212935
snap_top3,extra_trees,12521,20,112,0.31446024,0.32083917
snap_top3,extra_trees,12521,30,82,0.29644153,0.27451813
snap_top3,extra_trees,12521,40,66,0.34482967,0.34044463
snap_top3,extra_trees,12521,50,53,0.29677397,0.30245122
snap_top3,hist_gradient_boosting,12521,10,138,0.35241538,0.26652952
snap_top3,hist_gradient_boosting,12521,20,112,0.25085234,0.27750538
snap_top3,hist_gradient_boosting,12521,30,82,0.25250783,0.27110066
snap_top3,hist_gradient_boosting,12521,40,66,0.30547831,0.34386807
snap_top3,hist_gradient_boosting,12521,50,53,0.24728350,0.29204967
snap_top3,ridge_dynamic_context,12558,10,136,0.28610744,0.19493822
snap_top3,ridge_dynamic_context,12558,20,114,0.34880125,0.23110508
snap_top3,ridge_dynamic_context,12558,30,90,0.46431786,0.36145203
snap_top3,ridge_dynamic_context,12558,40,74,0.45540410,0.28207331
snap_top3,ridge_dynamic_context,12558,50,58,0.19950290,0.18810176
snap_top3,extra_trees,12558,10,136,0.32622493,0.24794142
snap_top3,extra_trees,12558,20,114,0.40545750,0.28852798
snap_top3,extra_trees,12558,30,90,0.47226952,0.32039346
snap_top3,extra_trees,12558,40,74,0.46942814,0.27203258
snap_top3,extra_trees,12558,50,58,0.20524929,0.20988034
snap_top3,hist_gradient_boosting,12558,10,136,0.26480158,0.18386050
snap_top3,hist_gradient_boosting,12558,20,114,0.36713235,0.23463680
snap_top3,hist_gradient_boosting,12558,30,90,0.47804992,0.32841091
snap_top3,hist_gradient_boosting,12558,40,74,0.49107420,0.31275824
snap_top3,hist_gradient_boosting,12558,50,58,0.24565277,0.28069150
snap_top3,ridge_dynamic_context,12595,10,138,0.22785290,0.18480144
snap_top3,ridge_dynamic_context,12595,20,110,0.29044441,0.19173185
snap_top3,ridge_dynamic_context,12595,30,93,0.44056606,0.26710632
snap_top3,ridge_dynamic_context,12595,40,79,0.45993279,0.24934275
snap_top3,ridge_dynamic_context,12595,50,62,0.34713574,0.30497847
snap_top3,extra_trees,12595,10,138,0.21457429,0.18814399
snap_top3,extra_trees,12595,20,110,0.31789732,0.22508397
snap_top3,extra_trees,12595,30,93,0.43447786,0.27741637
snap_top3,extra_trees,12595,40,79,0.48200228,0.31811100
snap_top3,extra_trees,12595,50,62,0.32847671,0.35821309
snap_top3,hist_gradient_boosting,12595,10,138,0.23536937,0.18414846
snap_top3,hist_gradient_boosting,12595,20,110,0.33676985,0.21151410
snap_top3,hist_gradient_boosting,12595,30,93,0.45802812,0.26747934
snap_top3,hist_gradient_boosting,12595,40,79,0.48394579,0.26781889
snap_top3,hist_gradient_boosting,12595,50,62,0.29337501,0.28518546
snap_top3,ridge_dynamic_context,12632,10,132,0.27125169,0.14072830
snap_top3,ridge_dynamic_context,12632,20,112,0.36557569,0.19009465
snap_top3,ridge_dynamic_context,12632,30,89,0.43710113,0.26670072
snap_top3,ridge_dynamic_context,12632,40,71,0.28926349,0.22075788
snap_top3,ridge_dynamic_context,12632,50,56,0.27700937,0.18468900
snap_top3,extra_trees,12632,10,132,0.37005371,0.28958065
snap_top3,extra_trees,12632,20,112,0.43787198,0.29619537
snap_top3,extra_trees,12632,30,89,0.50109802,0.35161730
snap_top3,extra_trees,12632,40,71,0.35380303,0.33031522
snap_top3,extra_trees,12632,50,56,0.37426221,0.34299385
snap_top3,hist_gradient_boosting,12632,10,132,0.30314174,0.23377145
snap_top3,hist_gradient_boosting,12632,20,112,0.38454690,0.25538149
snap_top3,hist_gradient_boosting,12632,30,89,0.45276243,0.30107252
snap_top3,hist_gradient_boosting,12632,40,71,0.30733896,0.29674715
snap_top3,hist_gradient_boosting,12632,50,56,0.27952304,0.23978127
snap_top3,ridge_dynamic_context,12669,10,139,0.32435738,0.15241074
snap_top3,ridge_dynamic_context,12669,20,110,0.38889734,0.13976963
snap_top3,ridge_dynamic_context,12669,30,91,0.46348283,0.17931199
snap_top3,ridge_dynamic_context,12669,40,71,0.20800948,0.14922871
snap_top3,ridge_dynamic_context,12669,50,55,0.18254892,0.12821068
snap_top3,extra_trees,12669,10,139,0.30717050,0.20840967
snap_top3,extra_trees,12669,20,110,0.41849099,0.19857539
snap_top3,extra_trees,12669,30,91,0.50533711,0.24398790
snap_top3,extra_trees,12669,40,71,0.25680827,0.24812207
snap_top3,extra_trees,12669,50,55,0.24302983,0.22337662
snap_top3,hist_gradient_boosting,12669,10,139,0.25304066,0.14368828
snap_top3,hist_gradient_boosting,12669,20,110,0.38281496,0.18750310
snap_top3,hist_gradient_boosting,12669,30,91,0.46347366,0.24042045
snap_top3,hist_gradient_boosting,12669,40,71,0.18710182,0.21938296
snap_top3,hist_gradient_boosting,12669,50,55,0.16297997,0.22106782
snap_top3,ridge_dynamic_context,12706,10,140,0.31635102,0.22042816
snap_top3,ridge_dynamic_context,12706,20,111,0.50352495,0.30427343
snap_top3,ridge_dynamic_context,12706,30,87,0.55722106,0.29725888
snap_top3,ridge_dynamic_context,12706,40,69,0.62432743,0.26141761
snap_top3,ridge_dynamic_context,12706,50,55,0.35226344,0.30223665
snap_top3,extra_trees,12706,10,140,0.29169777,0.20413286
snap_top3,extra_trees,12706,20,111,0.50975273,0.35443138
snap_top3,extra_trees,12706,30,87,0.54490111,0.32970037
snap_top3,extra_trees,12706,40,69,0.65088944,0.31742784
snap_top3,extra_trees,12706,50,55,0.31140555,0.27077922
snap_top3,hist_gradient_boosting,12706,10,140,0.26217993,0.14634274
snap_top3,hist_gradient_boosting,12706,20,111,0.47982993,0.32218322
snap_top3,hist_gradient_boosting,12706,30,87,0.50254867,0.28007217
snap_top3,hist_gradient_boosting,12706,40,69,0.57634847,0.23145780
snap_top3,hist_gradient_boosting,12706,50,55,0.20742847,0.22799423
snap_top3,ridge_dynamic_context,12743,10,128,0.35375938,0.22581144
snap_top3,ridge_dynamic_context,12743,20,106,0.51347047,0.31947502
snap_top3,ridge_dynamic_context,12743,30,81,0.55351705,0.30422313
snap_top3,ridge_dynamic_context,12743,40,63,0.62840153,0.36952765
snap_top3,ridge_dynamic_context,12743,50,51,0.44915933,0.41873303
snap_top3,extra_trees,12743,10,128,0.37243981,0.26818005
snap_top3,extra_trees,12743,20,106,0.52759342,0.34887775
snap_top3,extra_trees,12743,30,81,0.56435949,0.34584463
snap_top3,extra_trees,12743,40,63,0.69295628,0.48473502
snap_top3,extra_trees,12743,50,51,0.51310282,0.48570136
snap_top3,hist_gradient_boosting,12743,10,128,0.29342652,0.17396081
snap_top3,hist_gradient_boosting,12743,20,106,0.47283952,0.27341613
snap_top3,hist_gradient_boosting,12743,30,81,0.50254819,0.21366305
snap_top3,hist_gradient_boosting,12743,40,63,0.61322045,0.34639017
snap_top3,hist_gradient_boosting,12743,50,51,0.45333979,0.43601810
snap_top3,ridge_dynamic_context,12780,10,135,0.15978053,0.11737391
snap_top3,ridge_dynamic_context,12780,20,111,0.19158854,0.14158477
snap_top3,ridge_dynamic_context,12780,30,89,0.15761130,0.13651685
snap_top3,ridge_dynamic_context,12780,40,75,0.06616654,0.06025605
snap_top3,ridge_dynamic_context,12780,50,56,-0.04611100,-0.08339029
snap_top3,extra_trees,12780,10,135,0.26560844,0.20777485
snap_top3,extra_trees,12780,20,111,0.27615059,0.20440505
snap_top3,extra_trees,12780,30,89,0.17033136,0.14136874
snap_top3,extra_trees,12780,40,75,0.07792119,0.04810811
snap_top3,extra_trees,12780,50,56,-0.01884052,-0.05885167
snap_top3,hist_gradient_boosting,12780,10,135,0.18501693,0.15731148
snap_top3,hist_gradient_boosting,12780,20,111,0.19378045,0.15499298
snap_top3,hist_gradient_boosting,12780,30,89,0.13289182,0.14649302
snap_top3,hist_gradient_boosting,12780,40,75,0.04702947,0.07957326
snap_top3,hist_gradient_boosting,12780,50,56,-0.08097229,-0.04497608
snap_top3,ridge_dynamic_context,12817,10,127,0.30437438,0.16933821
snap_top3,ridge_dynamic_context,12817,20,107,0.37187339,0.18890456
snap_top3,ridge_dynamic_context,12817,30,85,0.47126975,0.23119015
snap_top3,ridge_dynamic_context,12817,40,69,0.51305284,0.22283522
snap_top3,ridge_dynamic_context,12817,50,46,0.22702256,0.25895776
snap_top3,extra_trees,12817,10,127,0.30488947,0.18841981
snap_top3,extra_trees,12817,20,107,0.36117195,0.19605596
snap_top3,extra_trees,12817,30,85,0.48931052,0.28233340
snap_top3,extra_trees,12817,40,69,0.53333065,0.28925831
snap_top3,extra_trees,12817,50,46,0.23411938,0.31162504
snap_top3,hist_gradient_boosting,12817,10,127,0.24282554,0.13903731
snap_top3,hist_gradient_boosting,12817,20,107,0.33225464,0.18771920
snap_top3,hist_gradient_boosting,12817,30,85,0.44644308,0.23779558
snap_top3,hist_gradient_boosting,12817,40,69,0.50395441,0.23671904
snap_top3,hist_gradient_boosting,12817,50,46,0.19732655,0.24835029
snap_top3,ridge_dynamic_context,12854,10,137,0.33749019,0.18866560
snap_top3,ridge_dynamic_context,12854,20,109,0.41800945,0.12125846
snap_top3,ridge_dynamic_context,12854,30,84,0.19013454,0.18086464
snap_top3,ridge_dynamic_context,12854,40,74,0.21173076,0.18699741
snap_top3,ridge_dynamic_context,12854,50,58,0.26866432,0.23842628
snap_top3,extra_trees,12854,10,137,0.35130573,0.26157429
snap_top3,extra_trees,12854,20,109,0.49045573,0.24474099
snap_top3,extra_trees,12854,30,84,0.26160033,0.24197631
snap_top3,extra_trees,12854,40,74,0.26462794,0.25805257
snap_top3,extra_trees,12854,50,58,0.29130464,0.24993079
snap_top3,hist_gradient_boosting,12854,10,137,0.34515267,0.23006702
snap_top3,hist_gradient_boosting,12854,20,109,0.48843005,0.21500324
snap_top3,hist_gradient_boosting,12854,30,84,0.24039910,0.24151058
snap_top3,hist_gradient_boosting,12854,40,74,0.23448135,0.25212884
snap_top3,hist_gradient_boosting,12854,50,58,0.25317724,0.28647451
snap_top3,ridge_dynamic_context,12891,10,140,0.31538023,0.19976384
snap_top3,ridge_dynamic_context,12891,20,120,0.38180140,0.23830127
snap_top3,ridge_dynamic_context,12891,30,88,0.46857363,0.29308584
snap_top3,ridge_dynamic_context,12891,40,78,0.32880480,0.30982941
snap_top3,ridge_dynamic_context,12891,50,62,0.43598838,0.38047392
snap_top3,extra_trees,12891,10,140,0.29346304,0.21287092
snap_top3,extra_trees,12891,20,120,0.36063425,0.25479547
snap_top3,extra_trees,12891,30,88,0.49672236,0.30588919
snap_top3,extra_trees,12891,40,78,0.35553318,0.34463005
snap_top3,extra_trees,12891,50,62,0.40292958,0.35045705
snap_top3,hist_gradient_boosting,12891,10,140,0.23730536,0.16744440
snap_top3,hist_gradient_boosting,12891,20,120,0.32693577,0.22438364
snap_top3,hist_gradient_boosting,12891,30,88,0.43597561,0.26253038
snap_top3,hist_gradient_boosting,12891,40,78,0.25562957,0.27856953
snap_top3,hist_gradient_boosting,12891,50,62,0.38313724,0.36329984
snap_top3,ridge_dynamic_context,12928,10,140,0.28950913,0.03753253
snap_top3,ridge_dynamic_context,12928,20,118,0.40984021,0.10172778
snap_top3,ridge_dynamic_context,12928,30,94,0.13163769,0.04935159
snap_top3,ridge_dynamic_context,12928,40,80,0.14944271,0.05897797
snap_top3,ridge_dynamic_context,12928,50,65,0.23416742,0.11652098
snap_top3,extra_trees,12928,10,140,0.29028509,0.14051737
snap_top3,extra_trees,12928,20,118,0.44731251,0.26490127
snap_top3,extra_trees,12928,30,94,0.18712353,0.19838168
snap_top3,extra_trees,12928,40,80,0.20175553,0.20956399
snap_top3,extra_trees,12928,50,65,0.27162977,0.24619755
snap_top3,hist_gradient_boosting,12928,10,140,0.29555005,0.13003870
snap_top3,hist_gradient_boosting,12928,20,118,0.42216744,0.21713979
snap_top3,hist_gradient_boosting,12928,30,94,0.20494325,0.21572084
snap_top3,hist_gradient_boosting,12928,40,80,0.18538591,0.18715424
snap_top3,hist_gradient_boosting,12928,50,65,0.29109566,0.26909965
snap_top3,ridge_dynamic_context,12965,10,137,0.28083753,0.10064499
snap_top3,ridge_dynamic_context,12965,20,116,0.37462556,0.08924768
snap_top3,ridge_dynamic_context,12965,30,95,0.43946211,0.11154815
snap_top3,ridge_dynamic_context,12965,40,77,0.49647803,0.09240759
snap_top3,ridge_dynamic_context,12965,50,55,0.19936716,0.12460317
snap_top3,extra_trees,12965,10,137,0.33059853,0.19340265
snap_top3,extra_trees,12965,20,116,0.44458563,0.21174797
snap_top3,extra_trees,12965,30,95,0.50037884,0.21056831
snap_top3,extra_trees,12965,40,77,0.54201620,0.17813765
snap_top3,extra_trees,12965,50,55,0.22261198,0.19264069
snap_top3,hist_gradient_boosting,12965,10,137,0.32412055,0.19630556
snap_top3,hist_gradient_boosting,12965,20,116,0.39791807,0.18345443
snap_top3,hist_gradient_boosting,12965,30,95,0.46782046,0.18524636
snap_top3,hist_gradient_boosting,12965,40,77,0.52572052,0.15986645
snap_top3,hist_gradient_boosting,12965,50,55,0.22327590,0.22871573
snap_top3,ridge_dynamic_context,13002,10,136,0.24606775,0.05112352
snap_top3,ridge_dynamic_context,13002,20,108,0.46360149,0.15040918
snap_top3,ridge_dynamic_context,13002,30,89,0.51710961,0.16482806
snap_top3,ridge_dynamic_context,13002,40,75,0.23804063,0.16475107
snap_top3,ridge_dynamic_context,13002,50,60,0.25545882,0.16726869
snap_top3,extra_trees,13002,10,136,0.24970370,0.08698058
snap_top3,extra_trees,13002,20,108,0.50697546,0.22535654
snap_top3,extra_trees,13002,30,89,0.54069630,0.19005788
snap_top3,extra_trees,13002,40,75,0.29264021,0.21789474
snap_top3,extra_trees,13002,50,60,0.28787841,0.23995554
snap_top3,hist_gradient_boosting,13002,10,136,0.23331260,0.06107533
snap_top3,hist_gradient_boosting,13002,20,108,0.45383030,0.17314013
snap_top3,hist_gradient_boosting,13002,30,89,0.52145744,0.20423902
snap_top3,hist_gradient_boosting,13002,40,75,0.28079270,0.23869132
snap_top3,hist_gradient_boosting,13002,50,60,0.27306244,0.23801056
snap_top3,ridge_dynamic_context,13039,10,138,0.25396619,0.11176308
snap_top3,ridge_dynamic_context,13039,20,116,0.17906560,0.13745435
snap_top3,ridge_dynamic_context,13039,30,95,0.15385605,0.12026876
snap_top3,ridge_dynamic_context,13039,40,78,0.16777890,0.11528977
snap_top3,ridge_dynamic_context,13039,50,57,0.31419793,0.23755509
snap_top3,extra_trees,13039,10,138,0.27809379,0.21350993
snap_top3,extra_trees,13039,20,116,0.24661356,0.26063891
snap_top3,extra_trees,13039,30,95,0.20909311,0.21884099
snap_top3,extra_trees,13039,40,78,0.22109546,0.22861948
snap_top3,extra_trees,13039,50,57,0.31626191,0.28662173
snap_top3,hist_gradient_boosting,13039,10,138,0.22818401,0.14906539
snap_top3,hist_gradient_boosting,13039,20,116,0.22381921,0.22769385
snap_top3,hist_gradient_boosting,13039,30,95,0.15302241,0.16478163
snap_top3,hist_gradient_boosting,13039,40,78,0.12517703,0.14667611
snap_top3,hist_gradient_boosting,13039,50,57,0.32007550,0.27281566
snap_top3,ridge_dynamic_context,13076,10,140,0.34632803,0.18884783
snap_top3,ridge_dynamic_context,13076,20,119,0.38789071,0.17662014
snap_top3,ridge_dynamic_context,13076,30,97,0.44034889,0.22154429
snap_top3,ridge_dynamic_context,13076,40,77,0.21226414,0.19801251
snap_top3,ridge_dynamic_context,13076,50,56,0.21444199,0.19254956
snap_top3,extra_trees,13076,10,140,0.34026652,0.18214778
snap_top3,extra_trees,13076,20,119,0.35457487,0.16731235
snap_top3,extra_trees,13076,30,97,0.42562585,0.21077477
snap_top3,extra_trees,13076,40,77,0.25434122,0.27312162
snap_top3,extra_trees,13076,50,56,0.21619233,0.21483254
snap_top3,hist_gradient_boosting,13076,10,140,0.25981263,0.13583783
snap_top3,hist_gradient_boosting,13076,20,119,0.28815713,0.14077055
snap_top3,hist_gradient_boosting,13076,30,97,0.33908382,0.16661845
snap_top3,hist_gradient_boosting,13076,40,77,0.21485915,0.24714759
snap_top3,hist_gradient_boosting,13076,50,56,0.16963521,0.15386193
snap_top3,ridge_dynamic_context,13113,10,138,0.33453928,0.16747224
snap_top3,ridge_dynamic_context,13113,20,117,0.44630767,0.21172204
snap_top3,ridge_dynamic_context,13113,30,92,0.51611887,0.21725259
snap_top3,ridge_dynamic_context,13113,40,81,0.33856025,0.27222222
snap_top3,ridge_dynamic_context,13113,50,69,0.32123059,0.25469492
snap_top3,extra_trees,13113,10,138,0.31409221,0.22924092
snap_top3,extra_trees,13113,20,117,0.42516536,0.26642839
snap_top3,extra_trees,13113,30,92,0.52993227,0.22010388
snap_top3,extra_trees,13113,40,81,0.33450820,0.29166667
snap_top3,extra_trees,13113,50,69,0.33316242,0.29861162
snap_top3,hist_gradient_boosting,13113,10,138,0.26880713,0.15409291
snap_top3,hist_gradient_boosting,13113,20,117,0.37814897,0.21008107
snap_top3,hist_gradient_boosting,13113,30,92,0.49386574,0.22505125
snap_top3,hist_gradient_boosting,13113,40,81,0.30783886,0.30022584
snap_top3,hist_gradient_boosting,13113,50,69,0.31609139,0.32002192
snap_top3,ridge_dynamic_context,13150,10,136,0.29952709,0.16340823
snap_top3,ridge_dynamic_context,13150,20,114,0.46173019,0.23483931
snap_top3,ridge_dynamic_context,13150,30,93,0.53130724,0.25185760
snap_top3,ridge_dynamic_context,13150,40,75,0.22363311,0.19664296
snap_top3,ridge_dynamic_context,13150,50,56,0.37921075,0.34818865
snap_top3,extra_trees,13150,10,136,0.31038247,0.19242880
snap_top3,extra_trees,13150,20,114,0.48086348,0.25627266
snap_top3,extra_trees,13150,30,93,0.52233229,0.22532900
snap_top3,extra_trees,13150,40,75,0.22824875,0.19294452
snap_top3,extra_trees,13150,50,56,0.41339172,0.37136022
snap_top3,hist_gradient_boosting,13150,10,136,0.26656094,0.14924860
snap_top3,hist_gradient_boosting,13150,20,114,0.43683805,0.20747656
snap_top3,hist_gradient_boosting,13150,30,93,0.50813929,0.23074513
snap_top3,hist_gradient_boosting,13150,40,75,0.20535416,0.17596017
snap_top3,hist_gradient_boosting,13150,50,56,0.36263134,0.33000684
snap_top3,ridge_dynamic_context,13187,10,139,0.18475700,0.13794182
snap_top3,ridge_dynamic_context,13187,20,113,0.50833449,0.26190199
snap_top3,ridge_dynamic_context,13187,30,94,0.53332509,0.29231658
snap_top3,ridge_dynamic_context,13187,40,79,0.56520971,0.26402142
snap_top3,ridge_dynamic_context,13187,50,57,0.37081938,0.28979777
snap_top3,extra_trees,13187,10,139,0.20673332,0.16145047
snap_top3,extra_trees,13187,20,113,0.49647436,0.29545379
snap_top3,extra_trees,13187,30,94,0.50292049,0.26140953
snap_top3,extra_trees,13187,40,79,0.56773918,0.26129503
snap_top3,extra_trees,13187,50,57,0.27600645,0.23068447
snap_top3,hist_gradient_boosting,13187,10,139,0.19194987,0.10941508
snap_top3,hist_gradient_boosting,13187,20,113,0.49452556,0.26173564
snap_top3,hist_gradient_boosting,13187,30,94,0.48544939,0.23641224
snap_top3,hist_gradient_boosting,13187,40,79,0.56690666,0.24430380
snap_top3,hist_gradient_boosting,13187,50,57,0.27748766,0.22193415
snap_top3,ridge_dynamic_context,13224,10,138,0.33251531,0.06767522
snap_top3,ridge_dynamic_context,13224,20,110,0.43426809,0.12331447
snap_top3,ridge_dynamic_context,13224,30,86,0.24226616,0.20588707
snap_top3,ridge_dynamic_context,13224,40,77,0.31696190,0.27987802
snap_top3,ridge_dynamic_context,13224,50,64,0.33473478,0.27440476
snap_top3,extra_trees,13224,10,138,0.37553781,0.14058116
snap_top3,extra_trees,13224,20,110,0.43597827,0.15681086
snap_top3,extra_trees,13224,30,86,0.21396757,0.20579273
snap_top3,extra_trees,13224,40,77,0.30376299,0.29746569
snap_top3,extra_trees,13224,50,64,0.29475045,0.27577839
snap_top3,hist_gradient_boosting,13224,10,138,0.33252876,0.11978611
snap_top3,hist_gradient_boosting,13224,20,110,0.44321638,0.19513108
snap_top3,hist_gradient_boosting,13224,30,86,0.24033718,0.25449314
snap_top3,hist_gradient_boosting,13224,40,77,0.26983367,0.27940481
snap_top3,hist_gradient_boosting,13224,50,64,0.25959070,0.26753663
snap_top3,ridge_dynamic_context,13261,10,134,0.29527707,0.09885161
snap_top3,ridge_dynamic_context,13261,20,115,0.34523519,0.09696205
snap_top3,ridge_dynamic_context,13261,30,93,0.09942865,0.08353973
snap_top3,ridge_dynamic_context,13261,40,70,0.19795396,0.19804042
snap_top3,ridge_dynamic_context,13261,50,46,0.15549336,0.10280604
snap_top3,extra_trees,13261,10,134,0.37107044,0.17154578
snap_top3,extra_trees,13261,20,115,0.40324268,0.17848970
snap_top3,extra_trees,13261,30,93,0.11491795,0.14459431
snap_top3,extra_trees,13261,40,70,0.19816132,0.25658298
snap_top3,extra_trees,13261,50,46,0.10048665,0.12278754
snap_top3,hist_gradient_boosting,13261,10,134,0.28457876,0.08124540
snap_top3,hist_gradient_boosting,13261,20,115,0.37355830,0.12573187
snap_top3,hist_gradient_boosting,13261,30,93,0.11852194,0.12831608
snap_top3,hist_gradient_boosting,13261,40,70,0.18940888,0.24157117
snap_top3,hist_gradient_boosting,13261,50,46,0.11282225,0.17545483
snap_top3,ridge_dynamic_context,13298,10,138,0.22374900,0.14235746
snap_top3,ridge_dynamic_context,13298,20,116,0.34155165,0.21319340
snap_top3,ridge_dynamic_context,13298,30,99,0.42985027,0.24727273
snap_top3,ridge_dynamic_context,13298,40,83,0.43930703,0.22868477
snap_top3,ridge_dynamic_context,13298,50,67,0.19199854,0.19833985
snap_top3,extra_trees,13298,10,138,0.22775994,0.15233944
snap_top3,extra_trees,13298,20,116,0.34705010,0.21473110
snap_top3,extra_trees,13298,30,99,0.42212977,0.23497835
snap_top3,extra_trees,13298,40,83,0.42197396,0.19726292
snap_top3,extra_trees,13298,50,67,0.19036225,0.22136643
snap_top3,hist_gradient_boosting,13298,10,138,0.21855536,0.15391482
snap_top3,hist_gradient_boosting,13298,20,116,0.35166478,0.24841425
snap_top3,hist_gradient_boosting,13298,30,99,0.44352484,0.28311688
snap_top3,hist_gradient_boosting,13298,40,83,0.43978825,0.24014525
snap_top3,hist_gradient_boosting,13298,50,67,0.23733415,0.25001995
snap_top3,ridge_dynamic_context,13335,10,130,0.35620749,0.22736621
snap_top3,ridge_dynamic_context,13335,20,111,0.50570769,0.35293963
snap_top3,ridge_dynamic_context,13335,30,88,0.55974614,0.35569371
snap_top3,ridge_dynamic_context,13335,40,71,0.37821666,0.38541247
snap_top3,ridge_dynamic_context,13335,50,54,0.47101822,0.46369354
snap_top3,extra_trees,13335,10,130,0.36390867,0.20142566
snap_top3,extra_trees,13335,20,111,0.50875558,0.32606178
snap_top3,extra_trees,13335,30,88,0.57354430,0.32425769
snap_top3,extra_trees,13335,40,71,0.33511724,0.35335345
snap_top3,extra_trees,13335,50,54,0.40757553,0.39378693
snap_top3,hist_gradient_boosting,13335,10,130,0.33768723,0.18051592
snap_top3,hist_gradient_boosting,13335,20,111,0.48445491,0.27936118
snap_top3,hist_gradient_boosting,13335,30,88,0.56657914,0.30867176
snap_top3,hist_gradient_boosting,13335,40,71,0.33887120,0.32813548
snap_top3,hist_gradient_boosting,13335,50,54,0.39531950,0.37434725
snap_top3,ridge_dynamic_context,13372,10,142,0.31214847,0.15895312
snap_top3,ridge_dynamic_context,13372,20,120,0.43425479,0.18511702
snap_top3,ridge_dynamic_context,13372,30,94,0.51171171,0.24083372
snap_top3,ridge_dynamic_context,13372,40,77,0.28569048,0.26016089
snap_top3,ridge_dynamic_context,13372,50,60,0.32344463,0.32831342
snap_top3,extra_trees,13372,10,142,0.31833792,0.23828404
snap_top3,extra_trees,13372,20,120,0.46828755,0.28238072
snap_top3,extra_trees,13372,30,94,0.52645932,0.27825741
snap_top3,extra_trees,13372,40,77,0.33732444,0.29530995
snap_top3,extra_trees,13372,50,60,0.32030069,0.29647124
snap_top3,hist_gradient_boosting,13372,10,142,0.30699180,0.17807335
snap_top3,hist_gradient_boosting,13372,20,120,0.44640269,0.22689770
snap_top3,hist_gradient_boosting,13372,30,94,0.51642531,0.24334790
snap_top3,hist_gradient_boosting,13372,40,77,0.27410564,0.23255692
snap_top3,hist_gradient_boosting,13372,50,60,0.29676897,0.30230620
snap_top3,ridge_dynamic_context,13409,10,136,0.26002996,0.06919994
snap_top3,ridge_dynamic_context,13409,20,119,0.36928864,0.14534967
snap_top3,ridge_dynamic_context,13409,30,101,0.47723597,0.18872452
snap_top3,ridge_dynamic_context,13409,40,80,0.51415382,0.18218472
snap_top3,ridge_dynamic_context,13409,50,65,0.14139820,0.08977273
snap_top3,extra_trees,13409,10,136,0.30314006,0.14931540
snap_top3,extra_trees,13409,20,119,0.36376481,0.15804017
snap_top3,extra_trees,13409,30,101,0.45094515,0.18640652
snap_top3,extra_trees,13409,40,80,0.49075747,0.20199250
snap_top3,extra_trees,13409,50,65,0.14614487,0.14401224
snap_top3,hist_gradient_boosting,13409,10,136,0.24243160,0.07438099
snap_top3,hist_gradient_boosting,13409,20,119,0.31584836,0.11936334
snap_top3,hist_gradient_boosting,13409,30,101,0.39234995,0.14173559
snap_top3,hist_gradient_boosting,13409,40,80,0.44558264,0.17229255
snap_top3,hist_gradient_boosting,13409,50,65,0.06094599,0.09755245
snap_top3,ridge_dynamic_context,13446,10,132,0.49227540,0.14703657
snap_top3,ridge_dynamic_context,13446,20,107,0.30114736,0.12416975
snap_top3,ridge_dynamic_context,13446,30,82,0.53834635,0.30601539
snap_top3,ridge_dynamic_context,13446,40,69,0.60794633,0.33050786
snap_top3,ridge_dynamic_context,13446,50,56,0.41766463,0.36616541
snap_top3,extra_trees,13446,10,132,0.51444935,0.18681680
snap_top3,extra_trees,13446,20,107,0.36872794,0.22579792
snap_top3,extra_trees,13446,30,82,0.56407314,0.34223615
snap_top3,extra_trees,13446,40,69,0.63883144,0.38381440
snap_top3,extra_trees,13446,50,56,0.44221856,0.43684211
snap_top3,hist_gradient_boosting,13446,10,132,0.41581567,0.11643439
snap_top3,hist_gradient_boosting,13446,20,107,0.28958556,0.12388566
snap_top3,hist_gradient_boosting,13446,30,82,0.49864603,0.27588947
snap_top3,hist_gradient_boosting,13446,40,69,0.58043161,0.31797589
snap_top3,hist_gradient_boosting,13446,50,56,0.35265551,0.32857143
snap_top3,ridge_dynamic_context,13483,10,138,0.30983801,0.30044818
snap_top3,ridge_dynamic_context,13483,20,110,0.37509611,0.32108288
snap_top3,ridge_dynamic_context,13483,30,93,0.45626071,0.32901137
snap_top3,ridge_dynamic_context,13483,40,79,0.52133421,0.35423564
snap_top3,ridge_dynamic_context,13483,50,61,0.43757171,0.41396087
snap_top3,extra_trees,13483,10,138,0.24446171,0.25422785
snap_top3,extra_trees,13483,20,110,0.36958948,0.34364222
snap_top3,extra_trees,13483,30,93,0.46144115,0.32559458
snap_top3,extra_trees,13483,40,79,0.54874285,0.39340312
snap_top3,extra_trees,13483,50,61,0.42169476,0.42617663
snap_top3,hist_gradient_boosting,13483,10,138,0.22973542,0.21844156
snap_top3,hist_gradient_boosting,13483,20,110,0.34778148,0.30859500
snap_top3,hist_gradient_boosting,13483,30,93,0.49388472,0.36210498
snap_top3,hist_gradient_boosting,13483,40,79,0.56575663,0.41280428
snap_top3,hist_gradient_boosting,13483,50,61,0.43665649,0.44500264
snap_top3,ridge_dynamic_context,13520,10,133,0.30089518,0.07434631
snap_top3,ridge_dynamic_context,13520,20,110,0.48579011,0.21246083
snap_top3,ridge_dynamic_context,13520,30,88,0.31854735,0.29002149
snap_top3,ridge_dynamic_context,13520,40,71,0.38419924,0.31636486
snap_top3,ridge_dynamic_context,13520,50,56,0.48240300,0.39241285
snap_top3,extra_trees,13520,10,133,0.29841528,0.08888401
snap_top3,extra_trees,13520,20,110,0.45074210,0.21747402
snap_top3,extra_trees,13520,30,88,0.29227638,0.29354373
snap_top3,extra_trees,13520,40,71,0.40009710,0.33269618
snap_top3,extra_trees,13520,50,56,0.47650136,0.41633630
snap_top3,hist_gradient_boosting,13520,10,133,0.25994355,0.06823538
snap_top3,hist_gradient_boosting,13520,20,110,0.45508399,0.20454433
snap_top3,hist_gradient_boosting,13520,30,88,0.27336431,0.29128949
snap_top3,hist_gradient_boosting,13520,40,71,0.38322557,0.32575453
snap_top3,hist_gradient_boosting,13520,50,56,0.47017668,0.43506494
snap_top3,ridge_dynamic_context,13557,10,135,-0.01677948,0.05787240
snap_top3,ridge_dynamic_context,13557,20,117,0.16383250,0.16012528
snap_top3,ridge_dynamic_context,13557,30,86,0.18819014,0.12861927
snap_top3,ridge_dynamic_context,13557,40,74,0.19906781,0.13658645
snap_top3,ridge_dynamic_context,13557,50,65,0.27592253,0.21953671
snap_top3,extra_trees,13557,10,135,0.02000828,0.11836894
snap_top3,extra_trees,13557,20,117,0.20723924,0.21229151
snap_top3,extra_trees,13557,30,86,0.24076349,0.19684891
snap_top3,extra_trees,13557,40,74,0.29876436,0.24128841
snap_top3,extra_trees,13557,50,65,0.30164965,0.27333916
snap_top3,hist_gradient_boosting,13557,10,135,-0.00238508,0.07693884
snap_top3,hist_gradient_boosting,13557,20,117,0.13531193,0.15586177
snap_top3,hist_gradient_boosting,13557,30,86,0.15972018,0.15316760
snap_top3,hist_gradient_boosting,13557,40,74,0.25188466,0.20944835
snap_top3,hist_gradient_boosting,13557,50,65,0.27585238,0.27657343
snap_top3,ridge_dynamic_context,13594,10,137,0.36987535,0.23467340
snap_top3,ridge_dynamic_context,13594,20,112,0.43324210,0.28345064
snap_top3,ridge_dynamic_context,13594,30,92,0.51919569,0.34079805
snap_top3,ridge_dynamic_context,13594,40,74,0.36286136,0.33959274
snap_top3,ridge_dynamic_context,13594,50,56,0.35956883,0.34333561
snap_top3,extra_trees,13594,10,137,0.37382790,0.23556014
snap_top3,extra_trees,13594,20,112,0.46289830,0.27222640
snap_top3,extra_trees,13594,30,92,0.52608547,0.30448654
snap_top3,extra_trees,13594,40,74,0.33572030,0.30819696
snap_top3,extra_trees,13594,50,56,0.35378601,0.23629528
snap_top3,hist_gradient_boosting,13594,10,137,0.34484429,0.21722329
snap_top3,hist_gradient_boosting,13594,20,112,0.43449791,0.26290703
snap_top3,hist_gradient_boosting,13594,30,92,0.51692139,0.30659803
snap_top3,hist_gradient_boosting,13594,40,74,0.32188845,0.29504628
snap_top3,hist_gradient_boosting,13594,50,56,0.35168525,0.28475735
snap_top3,ridge_dynamic_context,13631,10,133,0.13605947,0.10680875
snap_top3,ridge_dynamic_context,13631,20,112,0.14530247,0.07651963
snap_top3,ridge_dynamic_context,13631,30,81,0.11008968,0.04376694
snap_top3,ridge_dynamic_context,13631,40,62,0.25038212,0.16849236
snap_top3,ridge_dynamic_context,13631,50,50,0.24439557,0.13555822
snap_top3,extra_trees,13631,10,133,0.19053491,0.17163669
snap_top3,extra_trees,13631,20,112,0.22427303,0.16289678
snap_top3,extra_trees,13631,30,81,0.20582347,0.13136856
snap_top3,extra_trees,13631,40,62,0.29036440,0.17090982
snap_top3,extra_trees,13631,50,50,0.30704591,0.19106843
snap_top3,hist_gradient_boosting,13631,10,133,0.10435669,0.11531202
snap_top3,hist_gradient_boosting,13631,20,112,0.12828999,0.11020091
snap_top3,hist_gradient_boosting,13631,30,81,0.13047993,0.13380759
snap_top3,hist_gradient_boosting,13631,40,62,0.29594855,0.23159830
snap_top3,hist_gradient_boosting,13631,50,50,0.29778814,0.25176471
snap_top3,ridge_dynamic_context,13668,10,138,0.42527928,0.22131834
snap_top3,ridge_dynamic_context,13668,20,115,0.47014548,0.23390673
snap_top3,ridge_dynamic_context,13668,30,90,0.54211329,0.25317529
snap_top3,ridge_dynamic_context,13668,40,67,0.63066351,0.31035996
snap_top3,ridge_dynamic_context,13668,50,55,0.36139811,0.32287157
snap_top3,extra_trees,13668,10,138,0.40849884,0.24669341
snap_top3,extra_trees,13668,20,115,0.43718318,0.26309477
snap_top3,extra_trees,13668,30,90,0.54406407,0.27730996
snap_top3,extra_trees,13668,40,67,0.65977619,0.36842525
snap_top3,extra_trees,13668,50,55,0.39972280,0.37171717
snap_top3,hist_gradient_boosting,13668,10,138,0.39005583,0.22927288
snap_top3,hist_gradient_boosting,13668,20,115,0.44756919,0.26924169
snap_top3,hist_gradient_boosting,13668,30,90,0.55123035,0.28356587
snap_top3,hist_gradient_boosting,13668,40,67,0.67497866,0.42046452
snap_top3,hist_gradient_boosting,13668,50,55,0.47000201,0.43607504
snap_top3,ridge_dynamic_context,13705,10,131,0.29526317,0.14187797
snap_top3,ridge_dynamic_context,13705,20,110,0.07947461,0.10396502
snap_top3,ridge_dynamic_context,13705,30,93,0.17913122,0.17262988
snap_top3,ridge_dynamic_context,13705,40,76,0.30095353,0.26791524
snap_top3,ridge_dynamic_context,13705,50,61,0.29823811,0.24881015
snap_top3,extra_trees,13705,10,131,0.34170647,0.19497678
snap_top3,extra_trees,13705,20,110,0.14685366,0.16141830
snap_top3,extra_trees,13705,30,93,0.21148956,0.21968906
snap_top3,extra_trees,13705,40,76,0.32247596,0.34332194
snap_top3,extra_trees,13705,50,61,0.30084945,0.29164463
snap_top3,hist_gradient_boosting,13705,10,131,0.28878538,0.13810388
snap_top3,hist_gradient_boosting,13705,20,110,0.10067775,0.13784009
snap_top3,hist_gradient_boosting,13705,30,93,0.19445668,0.19293665
snap_top3,hist_gradient_boosting,13705,40,76,0.25845822,0.27838688
snap_top3,hist_gradient_boosting,13705,50,61,0.23083103,0.24373347
