gameId,playId,nflId,displayName,week,cluster_id
2021090900,97,35634,Antonio Brown,1,0
2021090900,97,41233,Mike Evans,1,3
2021090900,97,44896,Chris Godwin,1,1
2021090900,137,42347,Amari Cooper,1,3
2021090900,137,52425,CeeDee Lamb,1,3
2021090900,187,42347,Amari Cooper,1,3
2021090900,187,46150,Michael Gallup,1,3
2021090900,187,52425,CeeDee Lamb,1,1
2021090900,282,42347,Amari Cooper,1,3
2021090900,282,52425,CeeDee Lamb,1,0
2021090900,349,42347,Amari Cooper,1,3
2021090900,349,46150,Michael Gallup,1,3
2021090900,349,52425,CeeDee Lamb,1,3
2021090900,410,35634,Antonio Brown,1,3
2021090900,410,41233,Mike Evans,1,3
2021090900,410,44896,Chris Godwin,1,3
2021090900,434,35634,Antonio Brown,1,3
2021090900,434,41233,Mike Evans,1,3
2021090900,434,44896,Chris Godwin,1,3
2021090900,456,35634,Antonio Brown,1,3
2021090900,456,41233,Mike Evans,1,3
2021090900,456,44896,Chris Godwin,1,1
2021090900,480,35634,Antonio Brown,1,3
2021090900,480,41233,Mike Evans,1,3
2021090900,480,44896,Chris Godwin,1,3
2021090900,509,35634,Antonio Brown,1,3
2021090900,509,41233,Mike Evans,1,3
2021090900,509,44896,Chris Godwin,1,3
2021090900,559,44896,Chris Godwin,1,1
2021090900,559,47991,Scott Miller,1,3
2021090900,583,35634,Antonio Brown,1,3
2021090900,583,41233,Mike Evans,1,3
2021090900,583,44896,Chris Godwin,1,3
2021090900,687,42347,Amari Cooper,1,3
2021090900,687,46150,Michael Gallup,1,3
2021090900,735,42347,Amari Cooper,1,0
2021090900,735,46150,Michael Gallup,1,1
2021090900,764,42347,Amari Cooper,1,3
2021090900,764,46150,Michael Gallup,1,3
2021090900,764,52425,CeeDee Lamb,1,3
2021090900,788,46150,Michael Gallup,1,3
2021090900,788,52425,CeeDee Lamb,1,3
2021090900,869,35634,Antonio Brown,1,3
2021090900,869,41233,Mike Evans,1,3
2021090900,869,44896,Chris Godwin,1,3
2021090900,925,41233,Mike Evans,1,3
2021090900,925,44896,Chris Godwin,1,1
2021090900,947,35634,Antonio Brown,1,0
2021090900,947,41233,Mike Evans,1,0
2021090900,947,44896,Chris Godwin,1,3
2021090900,1078,42347,Amari Cooper,1,3
2021090900,1078,46150,Michael Gallup,1,3
2021090900,1078,46277,Cedrick Wilson,1,3
2021090900,1078,52425,CeeDee Lamb,1,3
2021090900,1203,41233,Mike Evans,1,3
2021090900,1203,44896,Chris Godwin,1,3
2021090900,1227,41233,Mike Evans,1,3
2021090900,1227,44896,Chris Godwin,1,1
2021090900,1267,41233,Mike Evans,1,0
2021090900,1267,44896,Chris Godwin,1,0
2021090900,1312,35634,Antonio Brown,1,2
2021090900,1312,41233,Mike Evans,1,3
2021090900,1312,44896,Chris Godwin,1,3
2021090900,1368,42347,Amari Cooper,1,3
2021090900,1368,52425,CeeDee Lamb,1,3
2021090900,1392,42347,Amari Cooper,1,3
2021090900,1392,46150,Michael Gallup,1,3
2021090900,1425,42347,Amari Cooper,1,3
2021090900,1425,46150,Michael Gallup,1,0
2021090900,1506,46150,Michael Gallup,1,0
2021090900,1506,46277,Cedrick Wilson,1,0
2021090900,1506,52425,CeeDee Lamb,1,0
2021090900,1563,42347,Amari Cooper,1,3
2021090900,1563,46150,Michael Gallup,1,3
2021090900,1563,52425,CeeDee Lamb,1,3
2021090900,1587,42347,Amari Cooper,1,3
2021090900,1587,46150,Michael Gallup,1,3
2021090900,1587,52425,CeeDee Lamb,1,3
2021090900,1687,46150,Michael Gallup,1,3
2021090900,1687,46277,Cedrick Wilson,1,3
2021090900,1687,52425,CeeDee Lamb,1,0
2021090900,1726,42347,Amari Cooper,1,3
2021090900,1726,46150,Michael Gallup,1,3
2021090900,1726,46277,Cedrick Wilson,1,3
2021090900,1776,42347,Amari Cooper,1,3
2021090900,1776,46150,Michael Gallup,1,3
2021090900,1776,46277,Cedrick Wilson,1,3
2021090900,1918,42347,Amari Cooper,1,3
2021090900,1918,46150,Michael Gallup,1,3
2021090900,1918,52425,CeeDee Lamb,1,3
2021090900,1940,42347,Amari Cooper,1,3
2021090900,1940,46150,Michael Gallup,1,3
2021090900,1940,52425,CeeDee Lamb,1,3
2021090900,2008,35634,Antonio Brown,1,3
2021090900,2008,41233,Mike Evans,1,3
2021090900,2008,44896,Chris Godwin,1,3
2021090900,2032,35634,Antonio Brown,1,0
2021090900,2032,41233,Mike Evans,1,3
2021090900,2032,44896,Chris Godwin,1,0
2021090900,2088,42347,Amari Cooper,1,3
2021090900,2088,46150,Michael Gallup,1,3
2021090900,2088,52425,CeeDee Lamb,1,3
2021090900,2129,42347,Amari Cooper,1,3
2021090900,2129,46150,Michael Gallup,1,3
2021090900,2129,52425,CeeDee Lamb,1,3
2021090900,2169,42347,Amari Cooper,1,3
2021090900,2169,46150,Michael Gallup,1,3
2021090900,2169,52425,CeeDee Lamb,1,3
2021090900,2211,42347,Amari Cooper,1,3
2021090900,2211,46150,Michael Gallup,1,3
2021090900,2211,52425,CeeDee Lamb,1,0
2021090900,2233,42347,Amari Cooper,1,3
2021090900,2233,46150,Michael Gallup,1,3
2021090900,2233,52425,CeeDee Lamb,1,3
2021090900,2257,42347,Amari Cooper,1,3
2021090900,2257,46150,Michael Gallup,1,3
2021090900,2257,52425,CeeDee Lamb,1,3
2021090900,2397,35634,Antonio Brown,1,0
2021090900,2397,41233,Mike Evans,1,0
2021090900,2397,44896,Chris Godwin,1,0
2021090900,2419,35634,Antonio Brown,1,3
2021090900,2419,41233,Mike Evans,1,3
2021090900,2419,44896,Chris Godwin,1,3
2021090900,2419,52569,Tyler Johnson,1,3
2021090900,2441,35634,Antonio Brown,1,1
2021090900,2441,41233,Mike Evans,1,0
2021090900,2441,44896,Chris Godwin,1,0
2021090900,2530,42347,Amari Cooper,1,3
2021090900,2530,46150,Michael Gallup,1,3
2021090900,2530,52425,CeeDee Lamb,1,3
2021090900,2554,42347,Amari Cooper,1,3
2021090900,2554,46150,Michael Gallup,1,3
2021090900,2554,52425,CeeDee Lamb,1,3
2021090900,2632,42347,Amari Cooper,1,3
2021090900,2632,46150,Michael Gallup,1,3
2021090900,2632,52425,CeeDee Lamb,1,3
2021090900,2656,46150,Michael Gallup,1,3
2021090900,2656,46277,Cedrick Wilson,1,3
2021090900,2656,52425,CeeDee Lamb,1,3
2021090900,2678,46150,Michael Gallup,1,3
2021090900,2678,46277,Cedrick Wilson,1,3
2021090900,2678,52425,CeeDee Lamb,1,3
2021090900,2735,42347,Amari Cooper,1,3
2021090900,2735,46277,Cedrick Wilson,1,3
2021090900,2735,52425,CeeDee Lamb,1,3
2021090900,2780,42347,Amari Cooper,1,3
2021090900,2780,46277,Cedrick Wilson,1,1
2021090900,2871,35634,Antonio Brown,1,3
2021090900,2871,41233,Mike Evans,1,3
2021090900,2871,44896,Chris Godwin,1,3
2021090900,2893,35634,Antonio Brown,1,3
2021090900,2893,41233,Mike Evans,1,3
2021090900,2893,44896,Chris Godwin,1,3
2021090900,2915,41233,Mike Evans,1,0
2021090900,2915,44896,Chris Godwin,1,1
2021090900,2915,47991,Scott Miller,1,3
2021090900,3014,42347,Amari Cooper,1,3
2021090900,3014,52425,CeeDee Lamb,1,0
2021090900,3062,41233,Mike Evans,1,3
2021090900,3062,44896,Chris Godwin,1,3
2021090900,3110,41233,Mike Evans,1,3
2021090900,3110,44896,Chris Godwin,1,1
2021090900,3134,35634,Antonio Brown,1,3
2021090900,3134,41233,Mike Evans,1,3
2021090900,3134,44896,Chris Godwin,1,3
2021090900,3216,42347,Amari Cooper,1,3
2021090900,3216,46150,Michael Gallup,1,3
2021090900,3261,46150,Michael Gallup,1,3
2021090900,3261,52425,CeeDee Lamb,1,3
2021090900,3306,42347,Amari Cooper,1,3
2021090900,3306,46150,Michael Gallup,1,3
2021090900,3306,52425,CeeDee Lamb,1,3
2021090900,3330,42347,Amari Cooper,1,1
2021090900,3330,52425,CeeDee Lamb,1,1
2021090900,3364,42347,Amari Cooper,1,3
2021090900,3364,52425,CeeDee Lamb,1,3
2021090900,3406,42347,Amari Cooper,1,3
2021090900,3406,46277,Cedrick Wilson,1,3
2021090900,3406,52425,CeeDee Lamb,1,2
2021090900,3462,35634,Antonio Brown,1,3
2021090900,3462,41233,Mike Evans,1,3
2021090900,3462,44896,Chris Godwin,1,3
2021090900,3588,35634,Antonio Brown,1,3
2021090900,3588,41233,Mike Evans,1,3
2021090900,3588,44896,Chris Godwin,1,3
2021090900,3633,35634,Antonio Brown,1,0
2021090900,3633,41233,Mike Evans,1,3
2021090900,3633,44896,Chris Godwin,1,1
2021090900,3655,35634,Antonio Brown,1,1
2021090900,3655,41233,Mike Evans,1,3
2021090900,3655,44896,Chris Godwin,1,3
2021090900,3724,42347,Amari Cooper,1,3
2021090900,3724,52425,CeeDee Lamb,1,3
2021090900,3746,42347,Amari Cooper,1,3
2021090900,3746,46277,Cedrick Wilson,1,3
2021090900,3746,52425,CeeDee Lamb,1,3
2021090900,3793,35634,Antonio Brown,1,3
2021090900,3793,41233,Mike Evans,1,3
2021090900,3793,44896,Chris Godwin,1,3
2021090900,3862,41233,Mike Evans,1,3
2021090900,3862,44896,Chris Godwin,1,0
2021090900,3909,35634,Antonio Brown,1,3
2021090900,3909,41233,Mike Evans,1,3
2021090900,3909,44896,Chris Godwin,1,3
2021090900,3909,47991,Scott Miller,1,3
2021090900,3933,44896,Chris Godwin,1,3
2021090900,3933,47991,Scott Miller,1,3
2021090900,3962,35634,Antonio Brown,1,2
2021090900,3962,41233,Mike Evans,1,1
2021090900,3962,44896,Chris Godwin,1,0
2021090900,4094,42347,Amari Cooper,1,3
2021090900,4094,46277,Cedrick Wilson,1,3
2021090900,4094,52425,CeeDee Lamb,1,3
2021090900,4141,42347,Amari Cooper,1,3
2021090900,4141,46277,Cedrick Wilson,1,3
2021090900,4141,52425,CeeDee Lamb,1,1
2021090900,4189,42347,Amari Cooper,1,0
2021090900,4189,46277,Cedrick Wilson,1,0
2021090900,4189,52425,CeeDee Lamb,1,3
2021090900,4211,42347,Amari Cooper,1,3
2021090900,4211,46277,Cedrick Wilson,1,3
2021090900,4211,52425,CeeDee Lamb,1,3
2021090900,4246,42347,Amari Cooper,1,3
2021090900,4246,46277,Cedrick Wilson,1,3
2021090900,4246,52425,CeeDee Lamb,1,3
2021090900,4287,42347,Amari Cooper,1,3
2021090900,4287,46277,Cedrick Wilson,1,3
2021090900,4287,52425,CeeDee Lamb,1,3
2021090900,4393,42347,Amari Cooper,1,3
2021090900,4393,46277,Cedrick Wilson,1,1
2021090900,4393,52425,CeeDee Lamb,1,3
2021090900,4428,42347,Amari Cooper,1,3
2021090900,4428,46277,Cedrick Wilson,1,3
2021090900,4428,52425,CeeDee Lamb,1,3
2021090900,4538,35634,Antonio Brown,1,1
2021090900,4538,41233,Mike Evans,1,3
2021090900,4538,44896,Chris Godwin,1,3
2021090900,4560,35634,Antonio Brown,1,0
2021090900,4560,41233,Mike Evans,1,3
2021090900,4560,44896,Chris Godwin,1,1
2021090900,4624,35634,Antonio Brown,1,3
2021090900,4624,41233,Mike Evans,1,3
2021090900,4624,44896,Chris Godwin,1,3
2021090900,4653,35634,Antonio Brown,1,1
2021090900,4653,41233,Mike Evans,1,3
2021090900,4653,44896,Chris Godwin,1,3
2021090900,4677,35634,Antonio Brown,1,3
2021090900,4677,41233,Mike Evans,1,3
2021090900,4677,44896,Chris Godwin,1,3
2021090900,4699,41233,Mike Evans,1,3
2021090900,4699,44896,Chris Godwin,1,3
2021090900,4699,47991,Scott Miller,1,3
2021090900,4728,35634,Antonio Brown,1,3
2021090900,4728,41233,Mike Evans,1,3
2021090900,4728,44896,Chris Godwin,1,3
2021090900,4728,47991,Scott Miller,1,3
2021090900,4750,35634,Antonio Brown,1,3
2021090900,4750,41233,Mike Evans,1,3
2021090900,4750,44896,Chris Godwin,1,3
2021090900,4772,35634,Antonio Brown,1,3
2021090900,4772,41233,Mike Evans,1,3
2021090900,4772,44896,Chris Godwin,1,3
2021091200,56,46095,Calvin Ridley,1,3
2021091200,122,46095,Calvin Ridley,1,3
2021091200,146,46095,Calvin Ridley,1,3
2021091200,176,46095,Calvin Ridley,1,3
2021091200,231,46095,Calvin Ridley,1,3
2021091200,231,46263,Russell Gage,1,3
2021091200,231,48374,Olamide Zaccheaus,1,3
2021091200,303,46095,Calvin Ridley,1,3
2021091200,303,46263,Russell Gage,1,3
2021091200,303,48374,Olamide Zaccheaus,1,2
2021091200,348,46095,Calvin Ridley,1,3
2021091200,348,46263,Russell Gage,1,3
2021091200,348,48374,Olamide Zaccheaus,1,3
2021091200,370,46095,Calvin Ridley,1,3
2021091200,370,46263,Russell Gage,1,3
2021091200,370,48374,Olamide Zaccheaus,1,3
2021091200,605,52429,Jalen Reagor,1,3
2021091200,605,52608,Quez Watkins,1,3
2021091200,605,53439,DeVonta Smith,1,3
2021091200,705,46095,Calvin Ridley,1,3
2021091200,705,46263,Russell Gage,1,3
2021091200,750,43429,Tajae Sharpe,1,3
2021091200,750,46394,Christian Blake,1,1
2021091200,821,46095,Calvin Ridley,1,3
2021091200,821,46263,Russell Gage,1,3
2021091200,864,46095,Calvin Ridley,1,3
2021091200,1023,46095,Calvin Ridley,1,3
2021091200,1023,46263,Russell Gage,1,3
2021091200,1023,48374,Olamide Zaccheaus,1,3
2021091200,1085,46095,Calvin Ridley,1,3
2021091200,1085,46263,Russell Gage,1,0
2021091200,1085,48374,Olamide Zaccheaus,1,1
2021091200,1153,53439,DeVonta Smith,1,0
2021091200,1182,52429,Jalen Reagor,1,3
2021091200,1182,53439,DeVonta Smith,1,3
2021091200,1206,52429,Jalen Reagor,1,3
2021091200,1206,53439,DeVonta Smith,1,3
2021091200,1249,45607,Greg Ward,1,3
2021091200,1249,52429,Jalen Reagor,1,3
2021091200,1249,53439,DeVonta Smith,1,3
2021091200,1271,52608,Quez Watkins,1,0
2021091200,1326,46095,Calvin Ridley,1,0
2021091200,1326,46263,Russell Gage,1,0
2021091200,1459,46095,Calvin Ridley,1,1
2021091200,1494,46095,Calvin Ridley,1,3
2021091200,1494,46263,Russell Gage,1,3
2021091200,1558,52429,Jalen Reagor,1,3
2021091200,1558,52608,Quez Watkins,1,3
2021091200,1558,53439,DeVonta Smith,1,3
2021091200,1582,53439,DeVonta Smith,1,3
2021091200,1606,53439,DeVonta Smith,1,3
2021091200,1630,53439,DeVonta Smith,1,3
2021091200,1732,52608,Quez Watkins,1,3
2021091200,1732,53439,DeVonta Smith,1,3
2021091200,1792,52429,Jalen Reagor,1,3
2021091200,1792,52608,Quez Watkins,1,0
2021091200,1792,53439,DeVonta Smith,1,1
2021091200,1991,45607,Greg Ward,1,3
2021091200,1991,52429,Jalen Reagor,1,3
2021091200,1991,53439,DeVonta Smith,1,3
2021091200,2020,45607,Greg Ward,1,3
2021091200,2020,52429,Jalen Reagor,1,3
2021091200,2020,53439,DeVonta Smith,1,3
2021091200,2121,45607,Greg Ward,1,3
2021091200,2121,52429,Jalen Reagor,1,3
2021091200,2121,53439,DeVonta Smith,1,3
2021091200,2275,45607,Greg Ward,1,0
2021091200,2275,52429,Jalen Reagor,1,3
2021091200,2275,53439,DeVonta Smith,1,0
2021091200,2321,45607,Greg Ward,1,3
2021091200,2321,52429,Jalen Reagor,1,3
2021091200,2321,53439,DeVonta Smith,1,3
2021091200,2399,52429,Jalen Reagor,1,1
2021091200,2399,52608,Quez Watkins,1,1
2021091200,2399,53439,DeVonta Smith,1,0
2021091200,2675,46095,Calvin Ridley,1,3
2021091200,2675,46263,Russell Gage,1,3
2021091200,2720,46095,Calvin Ridley,1,0
2021091200,2720,46263,Russell Gage,1,1
2021091200,2767,52429,Jalen Reagor,1,1
2021091200,2767,52608,Quez Watkins,1,3
2021091200,2767,53439,DeVonta Smith,1,3
2021091200,2906,52429,Jalen Reagor,1,3
2021091200,2906,53439,DeVonta Smith,1,3
2021091200,2935,52429,Jalen Reagor,1,3
2021091200,2935,52608,Quez Watkins,1,3
2021091200,2935,53439,DeVonta Smith,1,3
2021091200,2978,46095,Calvin Ridley,1,3
2021091200,2978,46263,Russell Gage,1,3
2021091200,3045,46095,Calvin Ridley,1,3
2021091200,3045,46263,Russell Gage,1,3
2021091200,3110,43429,Tajae Sharpe,1,3
2021091200,3110,46095,Calvin Ridley,1,3
2021091200,3110,46263,Russell Gage,1,3
2021091200,3145,43429,Tajae Sharpe,1,3
2021091200,3145,46095,Calvin Ridley,1,3
2021091200,3145,46263,Russell Gage,1,3
2021091200,3383,46095,Calvin Ridley,1,3
2021091200,3416,46095,Calvin Ridley,1,3
2021091200,3480,46095,Calvin Ridley,1,3
2021091200,3480,46263,Russell Gage,1,3
2021091200,3502,43429,Tajae Sharpe,1,3
2021091200,3502,46095,Calvin Ridley,1,3
2021091200,3502,46263,Russell Gage,1,3
2021091200,3599,52608,Quez Watkins,1,0
2021091200,3599,53439,DeVonta Smith,1,3
2021091200,3659,52429,Jalen Reagor,1,3
2021091200,3659,53439,DeVonta Smith,1,3
2021091200,3728,46095,Calvin Ridley,1,3
2021091200,3728,46263,Russell Gage,1,3
2021091200,3752,46095,Calvin Ridley,1,3
2021091200,3752,46263,Russell Gage,1,3
2021091200,3776,46095,Calvin Ridley,1,3
2021091200,3776,46263,Russell Gage,1,3
2021091200,3798,43429,Tajae Sharpe,1,3
2021091200,3798,46095,Calvin Ridley,1,3
2021091200,3798,46263,Russell Gage,1,3
2021091200,3820,46095,Calvin Ridley,1,3
2021091200,3820,46263,Russell Gage,1,3
2021091200,3928,52429,Jalen Reagor,1,3
2021091200,3928,52608,Quez Watkins,1,3
2021091200,3928,53439,DeVonta Smith,1,3
2021091200,3988,46095,Calvin Ridley,1,3
2021091200,3988,46263,Russell Gage,1,3
2021091200,4017,46095,Calvin Ridley,1,3
2021091200,4017,46263,Russell Gage,1,3
2021091200,4041,46095,Calvin Ridley,1,3
2021091200,4041,46263,Russell Gage,1,3
2021091200,4240,46095,Calvin Ridley,1,0
2021091200,4240,46263,Russell Gage,1,0
2021091200,4274,46095,Calvin Ridley,1,3
2021091200,4274,46263,Russell Gage,1,3
2021091200,4317,46095,Calvin Ridley,1,3
2021091200,4317,46263,Russell Gage,1,3
2021091201,63,35521,Emmanuel Sanders,1,3
2021091201,63,38947,Cole Beasley,1,3
2021091201,63,42489,Stefon Diggs,1,3
2021091201,63,44985,Isaiah McKenzie,1,3
2021091201,63,52536,Gabe Davis,1,3
2021091201,111,35521,Emmanuel Sanders,1,0
2021091201,111,38947,Cole Beasley,1,3
2021091201,111,42489,Stefon Diggs,1,3
2021091201,111,44985,Isaiah McKenzie,1,2
2021091201,111,52536,Gabe Davis,1,3
2021091201,262,44874,JuJu Smith-Schuster,1,3
2021091201,262,47849,Diontae Johnson,1,3
2021091201,262,52457,Chase Claypool,1,3
2021091201,406,35521,Emmanuel Sanders,1,3
2021091201,406,38947,Cole Beasley,1,3
2021091201,406,42489,Stefon Diggs,1,3
2021091201,430,35521,Emmanuel Sanders,1,0
2021091201,430,38947,Cole Beasley,1,0
2021091201,430,42489,Stefon Diggs,1,0
2021091201,454,35521,Emmanuel Sanders,1,1
2021091201,454,38947,Cole Beasley,1,3
2021091201,454,42489,Stefon Diggs,1,3
2021091201,476,35521,Emmanuel Sanders,1,0
2021091201,476,38947,Cole Beasley,1,3
2021091201,476,42489,Stefon Diggs,1,0
2021091201,500,35521,Emmanuel Sanders,1,0
2021091201,500,38947,Cole Beasley,1,0
2021091201,500,42489,Stefon Diggs,1,1
2021091201,561,35521,Emmanuel Sanders,1,1
2021091201,561,38947,Cole Beasley,1,0
2021091201,561,42489,Stefon Diggs,1,0
2021091201,589,38947,Cole Beasley,1,0
2021091201,589,42489,Stefon Diggs,1,0
2021091201,589,52536,Gabe Davis,1,0
2021091201,639,44874,JuJu Smith-Schuster,1,3
2021091201,639,47849,Diontae Johnson,1,3
2021091201,639,52457,Chase Claypool,1,3
2021091201,762,35521,Emmanuel Sanders,1,0
2021091201,762,38947,Cole Beasley,1,0
2021091201,762,42489,Stefon Diggs,1,1
2021091201,762,52536,Gabe Davis,1,3
2021091201,856,44874,JuJu Smith-Schuster,1,2
2021091201,856,47849,Diontae Johnson,1,3
2021091201,901,44874,JuJu Smith-Schuster,1,3
2021091201,901,47849,Diontae Johnson,1,3
2021091201,901,52457,Chase Claypool,1,3
2021091201,997,44874,JuJu Smith-Schuster,1,3
2021091201,997,46129,James Washington,1,3
2021091201,997,52457,Chase Claypool,1,3
2021091201,1058,35521,Emmanuel Sanders,1,3
2021091201,1058,38947,Cole Beasley,1,3
2021091201,1058,42489,Stefon Diggs,1,3
2021091201,1087,35521,Emmanuel Sanders,1,3
2021091201,1087,38947,Cole Beasley,1,3
2021091201,1087,42489,Stefon Diggs,1,3
2021091201,1148,35521,Emmanuel Sanders,1,3
2021091201,1148,38947,Cole Beasley,1,3
2021091201,1148,42489,Stefon Diggs,1,3
2021091201,1172,35521,Emmanuel Sanders,1,0
2021091201,1172,38947,Cole Beasley,1,0
2021091201,1172,42489,Stefon Diggs,1,0
2021091201,1234,44874,JuJu Smith-Schuster,1,1
2021091201,1234,47849,Diontae Johnson,1,3
2021091201,1234,52457,Chase Claypool,1,1
2021091201,1300,44874,JuJu Smith-Schuster,1,3
2021091201,1300,47849,Diontae Johnson,1,1
2021091201,1300,52457,Chase Claypool,1,3
2021091201,1367,35521,Emmanuel Sanders,1,3
2021091201,1367,38947,Cole Beasley,1,3
2021091201,1367,42489,Stefon Diggs,1,0
2021091201,1367,44985,Isaiah McKenzie,1,3
2021091201,1367,52536,Gabe Davis,1,0
2021091201,1422,44874,JuJu Smith-Schuster,1,3
2021091201,1422,47849,Diontae Johnson,1,3
2021091201,1422,52457,Chase Claypool,1,3
2021091201,1446,44874,JuJu Smith-Schuster,1,0
2021091201,1446,47849,Diontae Johnson,1,1
2021091201,1446,52457,Chase Claypool,1,0
2021091201,1486,44874,JuJu Smith-Schuster,1,3
2021091201,1486,47849,Diontae Johnson,1,3
2021091201,1486,52457,Chase Claypool,1,3
2021091201,1548,35521,Emmanuel Sanders,1,3
2021091201,1548,38947,Cole Beasley,1,3
2021091201,1548,42489,Stefon Diggs,1,3
2021091201,1572,35521,Emmanuel Sanders,1,0
2021091201,1572,38947,Cole Beasley,1,0
2021091201,1572,42489,Stefon Diggs,1,0
2021091201,1605,35521,Emmanuel Sanders,1,3
2021091201,1605,38947,Cole Beasley,1,3
2021091201,1605,42489,Stefon Diggs,1,3
2021091201,1629,38947,Cole Beasley,1,3
2021091201,1629,42489,Stefon Diggs,1,3
2021091201,1629,52536,Gabe Davis,1,3
2021091201,1653,38947,Cole Beasley,1,1
2021091201,1653,42489,Stefon Diggs,1,3
2021091201,1653,52536,Gabe Davis,1,3
2021091201,1710,35521,Emmanuel Sanders,1,3
2021091201,1710,38947,Cole Beasley,1,3
2021091201,1710,42489,Stefon Diggs,1,3
2021091201,1710,52536,Gabe Davis,1,3
2021091201,1746,35521,Emmanuel Sanders,1,3
2021091201,1746,38947,Cole Beasley,1,3
2021091201,1746,42489,Stefon Diggs,1,3
2021091201,1808,35521,Emmanuel Sanders,1,3
2021091201,1808,38947,Cole Beasley,1,3
2021091201,1808,42489,Stefon Diggs,1,3
2021091201,1808,44985,Isaiah McKenzie,1,3
2021091201,1870,35521,Emmanuel Sanders,1,3
2021091201,1870,38947,Cole Beasley,1,3
2021091201,1870,42489,Stefon Diggs,1,3
2021091201,1870,44985,Isaiah McKenzie,1,2
2021091201,1870,52536,Gabe Davis,1,1
2021091201,1951,35521,Emmanuel Sanders,1,3
2021091201,1951,38947,Cole Beasley,1,3
2021091201,1951,42489,Stefon Diggs,1,3
2021091201,1951,52536,Gabe Davis,1,3
2021091201,2126,44874,JuJu Smith-Schuster,1,0
2021091201,2126,46129,James Washington,1,0
2021091201,2126,47849,Diontae Johnson,1,0
2021091201,2209,44874,JuJu Smith-Schuster,1,1
2021091201,2209,47849,Diontae Johnson,1,1
2021091201,2209,52457,Chase Claypool,1,3
2021091201,2302,44874,JuJu Smith-Schuster,1,3
2021091201,2302,46129,James Washington,1,3
2021091201,2302,47849,Diontae Johnson,1,3
2021091201,2362,35521,Emmanuel Sanders,1,3
2021091201,2362,38947,Cole Beasley,1,3
2021091201,2362,42489,Stefon Diggs,1,3
2021091201,2362,52536,Gabe Davis,1,3
2021091201,2392,35521,Emmanuel Sanders,1,3
2021091201,2392,38947,Cole Beasley,1,3
2021091201,2392,42489,Stefon Diggs,1,3
2021091201,2392,52536,Gabe Davis,1,3
2021091201,2414,35521,Emmanuel Sanders,1,3
2021091201,2414,38947,Cole Beasley,1,3
2021091201,2414,42489,Stefon Diggs,1,3
2021091201,2414,52536,Gabe Davis,1,3
2021091201,2438,35521,Emmanuel Sanders,1,3
2021091201,2438,38947,Cole Beasley,1,3
2021091201,2438,42489,Stefon Diggs,1,3
2021091201,2438,52536,Gabe Davis,1,3
2021091201,2483,35521,Emmanuel Sanders,1,1
2021091201,2483,38947,Cole Beasley,1,3
2021091201,2483,42489,Stefon Diggs,1,3
2021091201,2483,52536,Gabe Davis,1,3
2021091201,2547,35521,Emmanuel Sanders,1,3
2021091201,2547,38947,Cole Beasley,1,3
2021091201,2547,42489,Stefon Diggs,1,3
2021091201,2547,52536,Gabe Davis,1,3
2021091201,2590,35521,Emmanuel Sanders,1,0
2021091201,2590,38947,Cole Beasley,1,3
2021091201,2590,42489,Stefon Diggs,1,0
2021091201,2612,35521,Emmanuel Sanders,1,3
2021091201,2612,38947,Cole Beasley,1,3
2021091201,2612,42489,Stefon Diggs,1,3
2021091201,2612,52536,Gabe Davis,1,3
2021091201,2634,44874,JuJu Smith-Schuster,1,3
2021091201,2634,46129,James Washington,1,3
2021091201,2634,52457,Chase Claypool,1,3
2021091201,2709,44874,JuJu Smith-Schuster,1,3
2021091201,2709,47849,Diontae Johnson,1,3
2021091201,2709,52457,Chase Claypool,1,3
2021091201,2731,44874,JuJu Smith-Schuster,1,3
2021091201,2731,47849,Diontae Johnson,1,3
2021091201,2731,52457,Chase Claypool,1,3
2021091201,2828,44874,JuJu Smith-Schuster,1,0
2021091201,2828,52457,Chase Claypool,1,1
2021091201,2850,44874,JuJu Smith-Schuster,1,3
2021091201,2850,52457,Chase Claypool,1,3
2021091201,2912,35521,Emmanuel Sanders,1,3
2021091201,2912,38947,Cole Beasley,1,3
2021091201,2912,42489,Stefon Diggs,1,3
2021091201,2912,52536,Gabe Davis,1,3
2021091201,2936,35521,Emmanuel Sanders,1,3
2021091201,2936,38947,Cole Beasley,1,3
2021091201,2936,42489,Stefon Diggs,1,3
2021091201,2936,52536,Gabe Davis,1,3
2021091201,3004,35521,Emmanuel Sanders,1,0
2021091201,3004,38947,Cole Beasley,1,0
2021091201,3004,42489,Stefon Diggs,1,1
2021091201,3004,52536,Gabe Davis,1,0
2021091201,3049,35521,Emmanuel Sanders,1,3
2021091201,3049,38947,Cole Beasley,1,3
2021091201,3049,42489,Stefon Diggs,1,3
2021091201,3049,52536,Gabe Davis,1,3
2021091201,3165,44874,JuJu Smith-Schuster,1,3
2021091201,3165,47849,Diontae Johnson,1,3
2021091201,3165,52457,Chase Claypool,1,3
2021091201,3219,44874,JuJu Smith-Schuster,1,3
2021091201,3219,47849,Diontae Johnson,1,3
2021091201,3219,52457,Chase Claypool,1,3
2021091201,3312,35521,Emmanuel Sanders,1,3
2021091201,3312,38947,Cole Beasley,1,3
2021091201,3312,42489,Stefon Diggs,1,3
2021091201,3312,44985,Isaiah McKenzie,1,3
2021091201,3312,52536,Gabe Davis,1,3
2021091201,3431,35521,Emmanuel Sanders,1,3
2021091201,3431,38947,Cole Beasley,1,3
2021091201,3431,42489,Stefon Diggs,1,3
2021091201,3584,35521,Emmanuel Sanders,1,3
2021091201,3584,38947,Cole Beasley,1,3
2021091201,3584,42489,Stefon Diggs,1,3
2021091201,3655,44874,JuJu Smith-Schuster,1,3
2021091201,3655,47849,Diontae Johnson,1,3
2021091201,3655,52457,Chase Claypool,1,3
2021091201,3709,44874,JuJu Smith-Schuster,1,3
2021091201,3709,46129,James Washington,1,3
2021091201,3709,47849,Diontae Johnson,1,3
2021091201,3799,44874,JuJu Smith-Schuster,1,3
2021091201,3799,47849,Diontae Johnson,1,3
2021091201,3799,52457,Chase Claypool,1,3
2021091201,3878,44874,JuJu Smith-Schuster,1,3
2021091201,3878,46129,James Washington,1,3
2021091201,3878,47849,Diontae Johnson,1,3
2021091201,3967,35521,Emmanuel Sanders,1,3
2021091201,3967,38947,Cole Beasley,1,3
2021091201,3967,42489,Stefon Diggs,1,3
2021091201,3967,52536,Gabe Davis,1,3
2021091201,3989,35521,Emmanuel Sanders,1,0
2021091201,3989,38947,Cole Beasley,1,0
2021091201,3989,42489,Stefon Diggs,1,3
2021091201,3989,52536,Gabe Davis,1,0
2021091201,4011,35521,Emmanuel Sanders,1,0
2021091201,4011,38947,Cole Beasley,1,0
2021091201,4011,42489,Stefon Diggs,1,0
2021091201,4011,52536,Gabe Davis,1,3
2021091201,4033,35521,Emmanuel Sanders,1,0
2021091201,4033,38947,Cole Beasley,1,0
2021091201,4033,42489,Stefon Diggs,1,0
2021091201,4033,52536,Gabe Davis,1,0
2021091201,4074,35521,Emmanuel Sanders,1,0
2021091201,4074,38947,Cole Beasley,1,3
2021091201,4074,42489,Stefon Diggs,1,0
2021091201,4156,35521,Emmanuel Sanders,1,3
2021091201,4156,38947,Cole Beasley,1,3
2021091201,4156,42489,Stefon Diggs,1,3
2021091201,4156,52536,Gabe Davis,1,3
2021091201,4180,35521,Emmanuel Sanders,1,3
2021091201,4180,38947,Cole Beasley,1,3
2021091201,4180,42489,Stefon Diggs,1,3
2021091201,4180,52536,Gabe Davis,1,3
2021091201,4209,35521,Emmanuel Sanders,1,3
2021091201,4209,38947,Cole Beasley,1,0
2021091201,4209,42489,Stefon Diggs,1,0
2021091201,4209,52536,Gabe Davis,1,0
2021091201,4233,35521,Emmanuel Sanders,1,0
2021091201,4233,38947,Cole Beasley,1,0
2021091201,4233,42489,Stefon Diggs,1,1
2021091201,4233,52536,Gabe Davis,1,0
2021091201,4266,35521,Emmanuel Sanders,1,3
2021091201,4266,38947,Cole Beasley,1,3
2021091201,4266,42489,Stefon Diggs,1,3
2021091201,4266,52536,Gabe Davis,1,3
2021091202,88,44817,Corey Davis,1,3
2021091202,88,53463,Elijah Moore,1,3
2021091202,394,43808,Robby Anderson,1,3
2021091202,394,46093,D.J. Moore,1,3
2021091202,394,53488,Terrace Marshall,1,3
2021091202,467,44817,Corey Davis,1,0
2021091202,467,53463,Elijah Moore,1,0
2021091202,489,44817,Corey Davis,1,3
2021091202,489,46279,Braxton Berrios,1,3
2021091202,489,53463,Elijah Moore,1,3
2021091202,602,43808,Robby Anderson,1,3
2021091202,602,46093,D.J. Moore,1,3
2021091202,602,53488,Terrace Marshall,1,3
2021091202,664,43808,Robby Anderson,1,3
2021091202,664,46093,D.J. Moore,1,3
2021091202,664,53488,Terrace Marshall,1,3
2021091202,688,43808,Robby Anderson,1,3
2021091202,688,46093,D.J. Moore,1,3
2021091202,688,53488,Terrace Marshall,1,3
2021091202,815,44817,Corey Davis,1,3
2021091202,815,46279,Braxton Berrios,1,3
2021091202,815,53463,Elijah Moore,1,3
2021091202,837,44817,Corey Davis,1,0
2021091202,837,46279,Braxton Berrios,1,0
2021091202,837,53463,Elijah Moore,1,0
2021091202,935,43808,Robby Anderson,1,3
2021091202,935,46093,D.J. Moore,1,3
2021091202,957,43808,Robby Anderson,1,3
2021091202,957,46093,D.J. Moore,1,3
2021091202,957,53488,Terrace Marshall,1,3
2021091202,1021,43808,Robby Anderson,1,3
2021091202,1021,46093,D.J. Moore,1,3
2021091202,1021,53488,Terrace Marshall,1,3
2021091202,1074,43808,Robby Anderson,1,3
2021091202,1074,46093,D.J. Moore,1,3
2021091202,1113,43808,Robby Anderson,1,3
2021091202,1113,46093,D.J. Moore,1,3
2021091202,1241,44817,Corey Davis,1,3
2021091202,1241,53463,Elijah Moore,1,3
2021091202,1297,46279,Braxton Berrios,1,3
2021091202,1297,48657,Jeff Smith,1,1
2021091202,1319,44817,Corey Davis,1,3
2021091202,1319,53463,Elijah Moore,1,3
2021091202,1350,43808,Robby Anderson,1,3
2021091202,1350,46093,D.J. Moore,1,0
2021091202,1419,43808,Robby Anderson,1,1
2021091202,1419,46093,D.J. Moore,1,1
2021091202,1441,43808,Robby Anderson,1,3
2021091202,1441,46093,D.J. Moore,1,3
2021091202,1441,53488,Terrace Marshall,1,1
2021091202,1497,44817,Corey Davis,1,0
2021091202,1497,48657,Jeff Smith,1,0
2021091202,1519,44817,Corey Davis,1,3
2021091202,1519,46279,Braxton Berrios,1,3
2021091202,1519,53463,Elijah Moore,1,3
2021091202,1543,44817,Corey Davis,1,3
2021091202,1543,46279,Braxton Berrios,1,1
2021091202,1543,53463,Elijah Moore,1,3
2021091202,1596,44817,Corey Davis,1,3
2021091202,1596,46279,Braxton Berrios,1,3
2021091202,1596,53463,Elijah Moore,1,3
2021091202,1620,44817,Corey Davis,1,3
2021091202,1620,53463,Elijah Moore,1,3
2021091202,1696,43808,Robby Anderson,1,0
2021091202,1696,46093,D.J. Moore,1,0
2021091202,1752,44817,Corey Davis,1,3
2021091202,1752,46279,Braxton Berrios,1,3
2021091202,1752,53463,Elijah Moore,1,3
2021091202,1774,44817,Corey Davis,1,3
2021091202,1774,46279,Braxton Berrios,1,3
2021091202,1774,53463,Elijah Moore,1,3
2021091202,1885,43808,Robby Anderson,1,3
2021091202,1885,46093,D.J. Moore,1,3
2021091202,1885,53488,Terrace Marshall,1,3
2021091202,1909,43808,Robby Anderson,1,1
2021091202,1909,46093,D.J. Moore,1,0
2021091202,1909,53488,Terrace Marshall,1,0
2021091202,1943,43808,Robby Anderson,1,3
2021091202,1943,46093,D.J. Moore,1,3
2021091202,1943,53488,Terrace Marshall,1,3
2021091202,1967,43808,Robby Anderson,1,3
2021091202,1967,46093,D.J. Moore,1,3
2021091202,1967,53488,Terrace Marshall,1,3
2021091202,1991,43808,Robby Anderson,1,3
2021091202,1991,46093,D.J. Moore,1,3
2021091202,1991,53488,Terrace Marshall,1,3
2021091202,2153,43808,Robby Anderson,1,3
2021091202,2153,46093,D.J. Moore,1,3
2021091202,2261,44817,Corey Davis,1,3
2021091202,2261,46279,Braxton Berrios,1,2
2021091202,2261,53463,Elijah Moore,1,3
2021091202,2283,44817,Corey Davis,1,3
2021091202,2283,46279,Braxton Berrios,1,3
2021091202,2283,53463,Elijah Moore,1,3
2021091202,2345,44817,Corey Davis,1,3
2021091202,2345,48657,Jeff Smith,1,3
2021091202,2367,44817,Corey Davis,1,3
2021091202,2367,46279,Braxton Berrios,1,3
2021091202,2367,53463,Elijah Moore,1,3
2021091202,2428,43663,Alex Erickson,1,3
2021091202,2428,43808,Robby Anderson,1,3
2021091202,2457,43808,Robby Anderson,1,3
2021091202,2457,46093,D.J. Moore,1,3
2021091202,2481,43808,Robby Anderson,1,3
2021091202,2481,46093,D.J. Moore,1,1
2021091202,2481,53488,Terrace Marshall,1,3
2021091202,2503,43808,Robby Anderson,1,3
2021091202,2503,46093,D.J. Moore,1,3
2021091202,2503,53488,Terrace Marshall,1,3
2021091202,2586,44817,Corey Davis,1,0
2021091202,2586,46279,Braxton Berrios,1,0
2021091202,2586,53463,Elijah Moore,1,0
2021091202,2662,43808,Robby Anderson,1,3
2021091202,2662,46093,D.J. Moore,1,3
2021091202,2662,53488,Terrace Marshall,1,3
2021091202,2684,43808,Robby Anderson,1,3
2021091202,2684,46093,D.J. Moore,1,3
2021091202,2684,53488,Terrace Marshall,1,3
2021091202,2797,44817,Corey Davis,1,0
2021091202,2797,53463,Elijah Moore,1,1
2021091202,2821,44817,Corey Davis,1,3
2021091202,2821,53463,Elijah Moore,1,3
2021091202,2883,44817,Corey Davis,1,1
2021091202,2949,44817,Corey Davis,1,0
2021091202,2949,53463,Elijah Moore,1,0
2021091202,3075,43808,Robby Anderson,1,3
2021091202,3075,46093,D.J. Moore,1,3
2021091202,3075,53488,Terrace Marshall,1,3
2021091202,3376,44817,Corey Davis,1,3
2021091202,3376,53463,Elijah Moore,1,3
2021091202,3398,44817,Corey Davis,1,0
2021091202,3398,53463,Elijah Moore,1,0
2021091202,3490,43808,Robby Anderson,1,0
2021091202,3490,46093,D.J. Moore,1,0
2021091202,3512,43808,Robby Anderson,1,1
2021091202,3512,46093,D.J. Moore,1,3
2021091202,3512,53488,Terrace Marshall,1,3
2021091202,3536,43808,Robby Anderson,1,3
2021091202,3536,46093,D.J. Moore,1,3
2021091202,3635,44817,Corey Davis,1,3
2021091202,3635,46279,Braxton Berrios,1,3
2021091202,3635,53463,Elijah Moore,1,3
2021091202,3675,44817,Corey Davis,1,3
2021091202,3675,46279,Braxton Berrios,1,3
2021091202,3675,53463,Elijah Moore,1,3
2021091202,3699,46279,Braxton Berrios,1,3
2021091202,3699,48657,Jeff Smith,1,3
2021091202,3699,53463,Elijah Moore,1,3
2021091202,3723,46279,Braxton Berrios,1,3
2021091202,3723,48657,Jeff Smith,1,3
2021091202,3723,53463,Elijah Moore,1,3
2021091202,3745,46279,Braxton Berrios,1,0
2021091202,3745,48657,Jeff Smith,1,1
2021091202,3745,53463,Elijah Moore,1,0
2021091202,3767,44817,Corey Davis,1,3
2021091202,3767,46279,Braxton Berrios,1,3
2021091202,3767,52467,Denzel Mims,1,3
2021091202,3791,44817,Corey Davis,1,3
2021091202,3791,46279,Braxton Berrios,1,3
2021091202,3791,52467,Denzel Mims,1,0
2021091202,3843,44817,Corey Davis,1,3
2021091202,3843,46279,Braxton Berrios,1,1
2021091202,3843,53463,Elijah Moore,1,3
2021091202,3889,44817,Corey Davis,1,3
2021091202,3889,46279,Braxton Berrios,1,3
2021091202,3889,53463,Elijah Moore,1,3
2021091202,3914,44817,Corey Davis,1,3
2021091202,3914,46279,Braxton Berrios,1,3
2021091202,3914,53463,Elijah Moore,1,3
2021091203,125,40488,Adam Thielen,1,3
2021091203,125,52430,Justin Jefferson,1,3
2021091203,149,40488,Adam Thielen,1,3
2021091203,149,44923,Dede Westbrook,1,3
2021091203,149,52430,Justin Jefferson,1,3
2021091203,149,52584,K.J. Osborn,1,3
2021091203,223,40488,Adam Thielen,1,1
2021091203,223,52430,Justin Jefferson,1,3
2021091203,223,52584,K.J. Osborn,1,3
2021091203,258,40488,Adam Thielen,1,3
2021091203,258,52430,Justin Jefferson,1,3
2021091203,258,52584,K.J. Osborn,1,3
2021091203,280,40488,Adam Thielen,1,3
2021091203,280,44923,Dede Westbrook,1,3
2021091203,280,52430,Justin Jefferson,1,3
2021091203,280,52584,K.J. Osborn,1,3
2021091203,405,43344,Tyler Boyd,1,3
2021091203,405,52441,Tee Higgins,1,3
2021091203,405,53434,Ja'Marr Chase,1,3
2021091203,533,40488,Adam Thielen,1,3
2021091203,533,44923,Dede Westbrook,1,3
2021091203,533,52430,Justin Jefferson,1,3
2021091203,533,52584,K.J. Osborn,1,3
2021091203,620,43344,Tyler Boyd,1,3
2021091203,620,46322,Auden Tate,1,3
2021091203,620,52441,Tee Higgins,1,3
2021091203,620,53434,Ja'Marr Chase,1,3
2021091203,672,52430,Justin Jefferson,1,3
2021091203,672,52584,K.J. Osborn,1,3
2021091203,672,53586,Ihmir Smith-Marsette,1,1
2021091203,845,43344,Tyler Boyd,1,3
2021091203,845,52441,Tee Higgins,1,3
2021091203,845,53434,Ja'Marr Chase,1,3
2021091203,924,40488,Adam Thielen,1,3
2021091203,924,52430,Justin Jefferson,1,3
2021091203,924,52584,K.J. Osborn,1,3
2021091203,1041,40488,Adam Thielen,1,3
2021091203,1041,52430,Justin Jefferson,1,3
2021091203,1041,52584,K.J. Osborn,1,3
2021091203,1086,40488,Adam Thielen,1,3
2021091203,1086,52430,Justin Jefferson,1,3
2021091203,1086,52584,K.J. Osborn,1,3
2021091203,1258,40488,Adam Thielen,1,3
2021091203,1258,44923,Dede Westbrook,1,3
2021091203,1258,52430,Justin Jefferson,1,3
2021091203,1258,52584,K.J. Osborn,1,3
2021091203,1414,43344,Tyler Boyd,1,3
2021091203,1414,52441,Tee Higgins,1,3
2021091203,1414,53434,Ja'Marr Chase,1,3
2021091203,1485,43344,Tyler Boyd,1,3
2021091203,1485,52441,Tee Higgins,1,3
2021091203,1485,53434,Ja'Marr Chase,1,3
2021091203,1561,43344,Tyler Boyd,1,3
2021091203,1561,52441,Tee Higgins,1,3
2021091203,1561,53434,Ja'Marr Chase,1,3
2021091203,1591,43344,Tyler Boyd,1,3
2021091203,1591,52441,Tee Higgins,1,3
2021091203,1591,53434,Ja'Marr Chase,1,3
2021091203,1667,43344,Tyler Boyd,1,3
2021091203,1667,52441,Tee Higgins,1,3
2021091203,1667,53434,Ja'Marr Chase,1,3
2021091203,1723,40488,Adam Thielen,1,3
2021091203,1723,52430,Justin Jefferson,1,3
2021091203,1723,52584,K.J. Osborn,1,3
2021091203,1745,40488,Adam Thielen,1,3
2021091203,1745,52430,Justin Jefferson,1,3
2021091203,1745,52584,K.J. Osborn,1,3
2021091203,1780,40488,Adam Thielen,1,3
2021091203,1780,52430,Justin Jefferson,1,3
2021091203,1780,52584,K.J. Osborn,1,3
2021091203,1809,52430,Justin Jefferson,1,3
2021091203,1809,52584,K.J. Osborn,1,3
2021091203,1809,53586,Ihmir Smith-Marsette,1,3
2021091203,1885,43344,Tyler Boyd,1,3
2021091203,1885,52441,Tee Higgins,1,3
2021091203,1885,53434,Ja'Marr Chase,1,3
2021091203,1909,43344,Tyler Boyd,1,3
2021091203,1909,52441,Tee Higgins,1,3
2021091203,1909,53434,Ja'Marr Chase,1,3
2021091203,1938,43344,Tyler Boyd,1,3
2021091203,1938,52441,Tee Higgins,1,3
2021091203,1938,53434,Ja'Marr Chase,1,3
2021091203,1967,43344,Tyler Boyd,1,3
2021091203,1967,52441,Tee Higgins,1,3
2021091203,1967,53434,Ja'Marr Chase,1,3
2021091203,2063,40488,Adam Thielen,1,0
2021091203,2063,44923,Dede Westbrook,1,3
2021091203,2063,52430,Justin Jefferson,1,0
2021091203,2063,52584,K.J. Osborn,1,3
2021091203,2104,40488,Adam Thielen,1,0
2021091203,2104,44923,Dede Westbrook,1,3
2021091203,2104,52430,Justin Jefferson,1,0
2021091203,2104,52584,K.J. Osborn,1,3
2021091203,2186,40488,Adam Thielen,1,3
2021091203,2186,44923,Dede Westbrook,1,3
2021091203,2186,52430,Justin Jefferson,1,3
2021091203,2186,52584,K.J. Osborn,1,3
2021091203,2219,40488,Adam Thielen,1,0
2021091203,2219,52430,Justin Jefferson,1,0
2021091203,2219,52584,K.J. Osborn,1,0
2021091203,2376,43344,Tyler Boyd,1,3
2021091203,2376,52441,Tee Higgins,1,3
2021091203,2376,53434,Ja'Marr Chase,1,3
2021091203,2400,43344,Tyler Boyd,1,3
2021091203,2400,52441,Tee Higgins,1,3
2021091203,2400,53434,Ja'Marr Chase,1,1
2021091203,2450,43344,Tyler Boyd,1,1
2021091203,2450,43495,Mike Thomas,1,3
2021091203,2450,53434,Ja'Marr Chase,1,1
2021091203,2472,43344,Tyler Boyd,1,3
2021091203,2472,52441,Tee Higgins,1,3
2021091203,2472,53434,Ja'Marr Chase,1,3
2021091203,2538,43344,Tyler Boyd,1,3
2021091203,2538,52441,Tee Higgins,1,3
2021091203,2538,53434,Ja'Marr Chase,1,3
2021091203,2685,40488,Adam Thielen,1,1
2021091203,2685,52430,Justin Jefferson,1,3
2021091203,2685,52584,K.J. Osborn,1,3
2021091203,2751,40488,Adam Thielen,1,3
2021091203,2751,52430,Justin Jefferson,1,3
2021091203,2751,52584,K.J. Osborn,1,3
2021091203,2773,40488,Adam Thielen,1,3
2021091203,2773,52430,Justin Jefferson,1,3
2021091203,2773,52584,K.J. Osborn,1,3
2021091203,2862,43344,Tyler Boyd,1,3
2021091203,2862,43495,Mike Thomas,1,3
2021091203,2862,46322,Auden Tate,1,3
2021091203,2862,53434,Ja'Marr Chase,1,3
2021091203,2909,40488,Adam Thielen,1,0
2021091203,2909,52430,Justin Jefferson,1,0
2021091203,2952,40488,Adam Thielen,1,3
2021091203,2952,52430,Justin Jefferson,1,3
2021091203,2952,52584,K.J. Osborn,1,1
2021091203,2974,40488,Adam Thielen,1,3
2021091203,2974,52430,Justin Jefferson,1,3
2021091203,2974,52584,K.J. Osborn,1,3
2021091203,3239,40488,Adam Thielen,1,3
2021091203,3239,52430,Justin Jefferson,1,3
2021091203,3261,40488,Adam Thielen,1,3
2021091203,3261,52430,Justin Jefferson,1,3
2021091203,3261,52584,K.J. Osborn,1,3
2021091203,3320,40488,Adam Thielen,1,1
2021091203,3320,52430,Justin Jefferson,1,3
2021091203,3320,52584,K.J. Osborn,1,3
2021091203,3366,40488,Adam Thielen,1,3
2021091203,3366,52430,Justin Jefferson,1,0
2021091203,3405,40488,Adam Thielen,1,3
2021091203,3405,52430,Justin Jefferson,1,3
2021091203,3405,52584,K.J. Osborn,1,3
2021091203,3429,40488,Adam Thielen,1,3
2021091203,3429,52430,Justin Jefferson,1,3
2021091203,3429,52584,K.J. Osborn,1,3
2021091203,3453,52430,Justin Jefferson,1,3
2021091203,3453,52584,K.J. Osborn,1,3
2021091203,3623,52441,Tee Higgins,1,1
2021091203,3623,53434,Ja'Marr Chase,1,0
2021091203,3682,40488,Adam Thielen,1,0
2021091203,3682,52430,Justin Jefferson,1,0
2021091203,3682,52584,K.J. Osborn,1,3
2021091203,3740,40488,Adam Thielen,1,3
2021091203,3740,44923,Dede Westbrook,1,3
2021091203,3740,52584,K.J. Osborn,1,3
2021091203,3977,40488,Adam Thielen,1,1
2021091203,3977,52430,Justin Jefferson,1,3
2021091203,3977,52584,K.J. Osborn,1,3
2021091203,4001,40488,Adam Thielen,1,3
2021091203,4001,52430,Justin Jefferson,1,3
2021091203,4001,52584,K.J. Osborn,1,3
2021091203,4025,40488,Adam Thielen,1,3
2021091203,4025,52430,Justin Jefferson,1,3
2021091203,4025,52584,K.J. Osborn,1,3
2021091203,4047,40488,Adam Thielen,1,3
2021091203,4047,52430,Justin Jefferson,1,3
2021091203,4047,52584,K.J. Osborn,1,3
2021091203,4076,40488,Adam Thielen,1,1
2021091203,4076,52430,Justin Jefferson,1,3
2021091203,4076,52584,K.J. Osborn,1,3
2021091203,4100,40488,Adam Thielen,1,3
2021091203,4100,52430,Justin Jefferson,1,3
2021091203,4100,52584,K.J. Osborn,1,3
2021091203,4124,40488,Adam Thielen,1,3
2021091203,4124,52430,Justin Jefferson,1,3
2021091203,4124,52584,K.J. Osborn,1,3
2021091203,4284,43344,Tyler Boyd,1,3
2021091203,4284,43495,Mike Thomas,1,3
2021091203,4284,53434,Ja'Marr Chase,1,3
2021091203,4393,40488,Adam Thielen,1,3
2021091203,4393,52430,Justin Jefferson,1,3
2021091203,4393,52584,K.J. Osborn,1,3
2021091203,4415,40488,Adam Thielen,1,3
2021091203,4415,44923,Dede Westbrook,1,3
2021091203,4415,52430,Justin Jefferson,1,3
2021091203,4415,52584,K.J. Osborn,1,3
2021091203,4528,43344,Tyler Boyd,1,3
2021091203,4528,52441,Tee Higgins,1,3
2021091203,4528,53434,Ja'Marr Chase,1,3
2021091203,4596,40488,Adam Thielen,1,3
2021091203,4596,52430,Justin Jefferson,1,1
2021091203,4596,52584,K.J. Osborn,1,1
2021091203,4629,40488,Adam Thielen,1,1
2021091203,4629,52430,Justin Jefferson,1,1
2021091203,4629,52584,K.J. Osborn,1,3
2021091203,4682,40488,Adam Thielen,1,3
2021091203,4682,52430,Justin Jefferson,1,3
2021091203,4682,52584,K.J. Osborn,1,3
2021091203,4849,43344,Tyler Boyd,1,2
2021091204,90,43090,Tyrell Williams,1,3
2021091204,90,43584,Kalif Raymond,1,3
2021091204,135,43090,Tyrell Williams,1,3
2021091204,135,43584,Kalif Raymond,1,3
2021091204,135,53541,Amon-Ra St. Brown,1,3
2021091204,157,43090,Tyrell Williams,1,3
2021091204,157,48053,Trinity Benson,1,3
2021091204,282,43090,Tyrell Williams,1,3
2021091204,282,52574,Quintez Cephus,1,3
2021091204,282,53541,Amon-Ra St. Brown,1,3
2021091204,328,43090,Tyrell Williams,1,3
2021091204,328,43584,Kalif Raymond,1,3
2021091204,328,53541,Amon-Ra St. Brown,1,3
2021091204,417,46671,Trent Sherfield,1,3
2021091204,417,47819,Deebo Samuel,1,3
2021091204,487,38613,Mohamed Sanu,1,3
2021091204,487,46671,Trent Sherfield,1,3
2021091204,487,47819,Deebo Samuel,1,3
2021091204,516,38613,Mohamed Sanu,1,3
2021091204,516,46671,Trent Sherfield,1,3
2021091204,516,47819,Deebo Samuel,1,3
2021091204,596,43090,Tyrell Williams,1,3
2021091204,596,43584,Kalif Raymond,1,3
2021091204,660,43090,Tyrell Williams,1,3
2021091204,660,52574,Quintez Cephus,1,3
2021091204,712,43090,Tyrell Williams,1,1
2021091204,712,43584,Kalif Raymond,1,0
2021091204,712,48053,Trinity Benson,1,0
2021091204,736,43090,Tyrell Williams,1,3
2021091204,736,43584,Kalif Raymond,1,3
2021091204,736,53541,Amon-Ra St. Brown,1,3
2021091204,807,43090,Tyrell Williams,1,3
2021091204,807,43584,Kalif Raymond,1,3
2021091204,807,53541,Amon-Ra St. Brown,1,3
2021091204,831,43090,Tyrell Williams,1,3
2021091204,831,43584,Kalif Raymond,1,3
2021091204,895,43090,Tyrell Williams,1,3
2021091204,895,48053,Trinity Benson,1,3
2021091204,895,52574,Quintez Cephus,1,3
2021091204,919,43090,Tyrell Williams,1,3
2021091204,919,43584,Kalif Raymond,1,1
2021091204,919,53541,Amon-Ra St. Brown,1,3
2021091204,1026,47819,Deebo Samuel,1,3
2021091204,1026,52433,Brandon Aiyuk,1,3
2021091204,1054,47819,Deebo Samuel,1,3
2021091204,1054,52433,Brandon Aiyuk,1,3
2021091204,1163,43090,Tyrell Williams,1,3
2021091204,1163,43584,Kalif Raymond,1,3
2021091204,1187,43090,Tyrell Williams,1,3
2021091204,1187,43584,Kalif Raymond,1,3
2021091204,1187,53541,Amon-Ra St. Brown,1,3
2021091204,1300,43090,Tyrell Williams,1,1
2021091204,1300,43584,Kalif Raymond,1,3
2021091204,1365,47819,Deebo Samuel,1,0
2021091204,1365,52433,Brandon Aiyuk,1,0
2021091204,1443,46671,Trent Sherfield,1,3
2021091204,1443,47819,Deebo Samuel,1,3
2021091204,1488,46671,Trent Sherfield,1,1
2021091204,1488,47819,Deebo Samuel,1,2
2021091204,1579,43090,Tyrell Williams,1,3
2021091204,1579,43584,Kalif Raymond,1,3
2021091204,1579,53541,Amon-Ra St. Brown,1,1
2021091204,1641,43090,Tyrell Williams,1,0
2021091204,1641,48053,Trinity Benson,1,0
2021091204,1670,43090,Tyrell Williams,1,3
2021091204,1670,48053,Trinity Benson,1,3
2021091204,1811,43090,Tyrell Williams,1,3
2021091204,1811,48053,Trinity Benson,1,3
2021091204,1916,38613,Mohamed Sanu,1,3
2021091204,1916,46671,Trent Sherfield,1,3
2021091204,1916,47819,Deebo Samuel,1,3
2021091204,1938,38613,Mohamed Sanu,1,3
2021091204,1938,46671,Trent Sherfield,1,0
2021091204,1938,52625,Jauan Jennings,1,1
2021091204,2034,38613,Mohamed Sanu,1,3
2021091204,2034,47819,Deebo Samuel,1,1
2021091204,2034,52433,Brandon Aiyuk,1,3
2021091204,2148,46671,Trent Sherfield,1,0
2021091204,2148,52433,Brandon Aiyuk,1,1
2021091204,2196,47819,Deebo Samuel,1,3
2021091204,2196,52433,Brandon Aiyuk,1,3
2021091204,2263,47819,Deebo Samuel,1,3
2021091204,2263,52433,Brandon Aiyuk,1,1
2021091204,2345,43090,Tyrell Williams,1,3
2021091204,2345,43584,Kalif Raymond,1,3
2021091204,2345,53541,Amon-Ra St. Brown,1,3
2021091204,2367,43090,Tyrell Williams,1,3
2021091204,2367,43584,Kalif Raymond,1,3
2021091204,2421,43584,Kalif Raymond,1,3
2021091204,2421,48053,Trinity Benson,1,3
2021091204,2421,53541,Amon-Ra St. Brown,1,3
2021091204,2447,43584,Kalif Raymond,1,3
2021091204,2447,48053,Trinity Benson,1,3
2021091204,2447,53541,Amon-Ra St. Brown,1,3
2021091204,2596,38613,Mohamed Sanu,1,3
2021091204,2596,46671,Trent Sherfield,1,3
2021091204,2596,47819,Deebo Samuel,1,3
2021091204,2699,48053,Trinity Benson,1,3
2021091204,2699,52574,Quintez Cephus,1,3
2021091204,2742,48053,Trinity Benson,1,3
2021091204,2742,52574,Quintez Cephus,1,0
2021091204,2742,53541,Amon-Ra St. Brown,1,0
2021091204,2766,48053,Trinity Benson,1,0
2021091204,2766,52574,Quintez Cephus,1,0
2021091204,2766,53541,Amon-Ra St. Brown,1,0
2021091204,2876,47819,Deebo Samuel,1,3
2021091204,2876,52433,Brandon Aiyuk,1,3
2021091204,3017,48053,Trinity Benson,1,0
2021091204,3017,52574,Quintez Cephus,1,0
2021091204,3017,53541,Amon-Ra St. Brown,1,3
2021091204,3060,48053,Trinity Benson,1,3
2021091204,3060,52574,Quintez Cephus,1,3
2021091204,3060,53541,Amon-Ra St. Brown,1,3
2021091204,3171,46671,Trent Sherfield,1,3
2021091204,3171,47819,Deebo Samuel,1,2
2021091204,3195,46671,Trent Sherfield,1,3
2021091204,3195,47819,Deebo Samuel,1,3
2021091204,3351,43584,Kalif Raymond,1,3
2021091204,3351,48053,Trinity Benson,1,3
2021091204,3351,53541,Amon-Ra St. Brown,1,2
2021091204,3375,43584,Kalif Raymond,1,3
2021091204,3375,48053,Trinity Benson,1,3
2021091204,3375,53541,Amon-Ra St. Brown,1,3
2021091204,3404,43584,Kalif Raymond,1,0
2021091204,3404,48053,Trinity Benson,1,1
2021091204,3404,53541,Amon-Ra St. Brown,1,0
2021091204,3444,43584,Kalif Raymond,1,1
2021091204,3444,48053,Trinity Benson,1,3
2021091204,3444,52574,Quintez Cephus,1,3
2021091204,3479,43584,Kalif Raymond,1,3
2021091204,3479,48053,Trinity Benson,1,3
2021091204,3479,52574,Quintez Cephus,1,3
2021091204,3504,43584,Kalif Raymond,1,3
2021091204,3504,48053,Trinity Benson,1,3
2021091204,3504,53541,Amon-Ra St. Brown,1,3
2021091204,3533,43584,Kalif Raymond,1,3
2021091204,3533,48053,Trinity Benson,1,1
2021091204,3533,53541,Amon-Ra St. Brown,1,3
2021091204,3597,38613,Mohamed Sanu,1,3
2021091204,3597,47819,Deebo Samuel,1,3
2021091204,3597,52433,Brandon Aiyuk,1,3
2021091204,3638,43584,Kalif Raymond,1,3
2021091204,3638,48053,Trinity Benson,1,3
2021091204,3638,53541,Amon-Ra St. Brown,1,3
2021091204,3662,43584,Kalif Raymond,1,3
2021091204,3662,48053,Trinity Benson,1,3
2021091204,3662,53541,Amon-Ra St. Brown,1,3
2021091204,3691,43584,Kalif Raymond,1,3
2021091204,3691,48053,Trinity Benson,1,3
2021091204,3691,53541,Amon-Ra St. Brown,1,3
2021091204,3719,48053,Trinity Benson,1,3
2021091204,3719,52574,Quintez Cephus,1,3
2021091204,3719,53541,Amon-Ra St. Brown,1,3
2021091204,3741,43584,Kalif Raymond,1,3
2021091204,3741,48053,Trinity Benson,1,3
2021091204,3741,53541,Amon-Ra St. Brown,1,3
2021091204,3774,43584,Kalif Raymond,1,3
2021091204,3774,48053,Trinity Benson,1,3
2021091204,3774,53541,Amon-Ra St. Brown,1,3
2021091204,3808,43584,Kalif Raymond,1,3
2021091204,3808,48053,Trinity Benson,1,3
2021091204,3808,53541,Amon-Ra St. Brown,1,3
2021091204,3832,43584,Kalif Raymond,1,1
2021091204,3832,48053,Trinity Benson,1,3
2021091204,3832,53541,Amon-Ra St. Brown,1,3
2021091204,3856,43584,Kalif Raymond,1,3
2021091204,3856,52574,Quintez Cephus,1,0
2021091204,3856,53541,Amon-Ra St. Brown,1,3
2021091204,3880,43584,Kalif Raymond,1,3
2021091204,3880,52574,Quintez Cephus,1,3
2021091204,3880,53541,Amon-Ra St. Brown,1,3
2021091204,3908,43584,Kalif Raymond,1,0
2021091204,3908,48053,Trinity Benson,1,0
2021091204,3908,52574,Quintez Cephus,1,3
2021091204,3973,48053,Trinity Benson,1,3
2021091204,3973,52574,Quintez Cephus,1,3
2021091204,3973,53541,Amon-Ra St. Brown,1,3
2021091204,4042,43584,Kalif Raymond,1,3
2021091204,4042,48053,Trinity Benson,1,3
2021091204,4042,53541,Amon-Ra St. Brown,1,3
2021091204,4082,43584,Kalif Raymond,1,3
2021091204,4082,48053,Trinity Benson,1,3
2021091204,4082,53541,Amon-Ra St. Brown,1,3
2021091204,4106,43584,Kalif Raymond,1,3
2021091204,4106,48053,Trinity Benson,1,3
2021091204,4106,53541,Amon-Ra St. Brown,1,3
2021091204,4164,43584,Kalif Raymond,1,3
2021091204,4164,52574,Quintez Cephus,1,3
2021091204,4164,53541,Amon-Ra St. Brown,1,3
2021091204,4199,43584,Kalif Raymond,1,3
2021091204,4199,52574,Quintez Cephus,1,3
2021091204,4199,53541,Amon-Ra St. Brown,1,3
2021091204,4253,43584,Kalif Raymond,1,1
2021091204,4253,52574,Quintez Cephus,1,3
2021091204,4253,53541,Amon-Ra St. Brown,1,3
2021091204,4401,46671,Trent Sherfield,1,3
2021091204,4401,47819,Deebo Samuel,1,3
2021091204,4441,43584,Kalif Raymond,1,3
2021091204,4441,48053,Trinity Benson,1,3
2021091204,4441,53541,Amon-Ra St. Brown,1,3
2021091204,4463,43584,Kalif Raymond,1,0
2021091204,4463,48053,Trinity Benson,1,0
2021091204,4463,53541,Amon-Ra St. Brown,1,3
2021091204,4492,43584,Kalif Raymond,1,3
2021091204,4492,52574,Quintez Cephus,1,3
2021091204,4492,53541,Amon-Ra St. Brown,1,3
2021091204,4514,43584,Kalif Raymond,1,0
2021091204,4514,52574,Quintez Cephus,1,0
2021091204,4514,53541,Amon-Ra St. Brown,1,0
2021091204,4555,48053,Trinity Benson,1,3
2021091204,4555,52574,Quintez Cephus,1,3
2021091204,4555,53541,Amon-Ra St. Brown,1,3
2021091204,4607,48053,Trinity Benson,1,3
2021091204,4607,52574,Quintez Cephus,1,3
2021091204,4607,53541,Amon-Ra St. Brown,1,3
2021091204,4629,43584,Kalif Raymond,1,0
2021091204,4629,52574,Quintez Cephus,1,0
2021091204,4629,53541,Amon-Ra St. Brown,1,0
2021091205,78,33566,Danny Amendola,1,2
2021091205,78,41246,Brandin Cooks,1,3
2021091205,78,53518,Nico Collins,1,3
2021091205,100,41246,Brandin Cooks,1,3
2021091205,100,53518,Nico Collins,1,3
2021091205,151,38696,Marvin Jones,1,3
2021091205,151,46130,D.J. Chark,1,3
2021091205,249,38696,Marvin Jones,1,3
2021091205,249,46130,D.J. Chark,1,3
2021091205,249,52450,Laviska Shenault,1,3
2021091205,337,42419,Chris Conley,1,1
2021091205,423,33566,Danny Amendola,1,3
2021091205,423,41246,Brandin Cooks,1,3
2021091205,423,53518,Nico Collins,1,3
2021091205,447,33566,Danny Amendola,1,3
2021091205,447,41246,Brandin Cooks,1,3
2021091205,447,42419,Chris Conley,1,3
2021091205,513,33566,Danny Amendola,1,3
2021091205,513,41246,Brandin Cooks,1,1
2021091205,513,53518,Nico Collins,1,3
2021091205,643,38696,Marvin Jones,1,3
2021091205,643,46130,D.J. Chark,1,3
2021091205,643,52450,Laviska Shenault,1,1
2021091205,699,38696,Marvin Jones,1,3
2021091205,699,46130,D.J. Chark,1,3
2021091205,745,46130,D.J. Chark,1,3
2021091205,745,48601,Tyron Johnson,1,3
2021091205,745,52450,Laviska Shenault,1,3
2021091205,787,41246,Brandin Cooks,1,3
2021091205,787,42419,Chris Conley,1,3
2021091205,787,53518,Nico Collins,1,3
2021091205,811,41246,Brandin Cooks,1,0
2021091205,811,53518,Nico Collins,1,0
2021091205,856,41246,Brandin Cooks,1,1
2021091205,878,33566,Danny Amendola,1,3
2021091205,878,41246,Brandin Cooks,1,3
2021091205,878,53518,Nico Collins,1,3
2021091205,1050,38696,Marvin Jones,1,3
2021091205,1050,46130,D.J. Chark,1,3
2021091205,1050,48601,Tyron Johnson,1,3
2021091205,1050,52450,Laviska Shenault,1,3
2021091205,1091,38696,Marvin Jones,1,3
2021091205,1091,46130,D.J. Chark,1,3
2021091205,1091,52450,Laviska Shenault,1,3
2021091205,1157,38696,Marvin Jones,1,3
2021091205,1157,46130,D.J. Chark,1,3
2021091205,1179,38696,Marvin Jones,1,0
2021091205,1179,42380,Devin Smith,1,0
2021091205,1179,44978,Jamal Agnew,1,0
2021091205,1179,52450,Laviska Shenault,1,0
2021091205,1212,38696,Marvin Jones,1,3
2021091205,1212,42380,Devin Smith,1,3
2021091205,1212,52450,Laviska Shenault,1,3
2021091205,1278,38696,Marvin Jones,1,3
2021091205,1278,46130,D.J. Chark,1,3
2021091205,1359,41246,Brandin Cooks,1,0
2021091205,1404,41246,Brandin Cooks,1,1
2021091205,1404,53518,Nico Collins,1,0
2021091205,1426,33566,Danny Amendola,1,3
2021091205,1426,41246,Brandin Cooks,1,3
2021091205,1426,53518,Nico Collins,1,3
2021091205,1494,41246,Brandin Cooks,1,3
2021091205,1494,42419,Chris Conley,1,3
2021091205,1494,53518,Nico Collins,1,3
2021091205,1518,33566,Danny Amendola,1,3
2021091205,1518,41246,Brandin Cooks,1,3
2021091205,1518,53518,Nico Collins,1,3
2021091205,1667,46130,D.J. Chark,1,3
2021091205,1667,48601,Tyron Johnson,1,1
2021091205,1667,52450,Laviska Shenault,1,0
2021091205,1711,38696,Marvin Jones,1,3
2021091205,1711,42380,Devin Smith,1,3
2021091205,1711,44978,Jamal Agnew,1,3
2021091205,1739,38696,Marvin Jones,1,0
2021091205,1739,42380,Devin Smith,1,0
2021091205,1739,52450,Laviska Shenault,1,0
2021091205,1808,41246,Brandin Cooks,1,1
2021091205,1808,42419,Chris Conley,1,0
2021091205,1924,38696,Marvin Jones,1,3
2021091205,1924,46130,D.J. Chark,1,3
2021091205,1924,52450,Laviska Shenault,1,3
2021091205,1988,41246,Brandin Cooks,1,1
2021091205,1988,42419,Chris Conley,1,3
2021091205,1988,53518,Nico Collins,1,1
2021091205,2042,53518,Nico Collins,1,3
2021091205,2075,41246,Brandin Cooks,1,3
2021091205,2075,53518,Nico Collins,1,3
2021091205,2183,38696,Marvin Jones,1,3
2021091205,2183,46130,D.J. Chark,1,3
2021091205,2183,52450,Laviska Shenault,1,3
2021091205,2223,38696,Marvin Jones,1,3
2021091205,2223,46130,D.J. Chark,1,3
2021091205,2223,52450,Laviska Shenault,1,3
2021091205,2245,38696,Marvin Jones,1,3
2021091205,2245,46130,D.J. Chark,1,3
2021091205,2245,52450,Laviska Shenault,1,3
2021091205,2297,33566,Danny Amendola,1,0
2021091205,2297,41246,Brandin Cooks,1,0
2021091205,2297,53518,Nico Collins,1,0
2021091205,2325,33566,Danny Amendola,1,3
2021091205,2325,41246,Brandin Cooks,1,3
2021091205,2325,53518,Nico Collins,1,3
2021091205,2388,33566,Danny Amendola,1,0
2021091205,2388,41246,Brandin Cooks,1,0
2021091205,2388,53518,Nico Collins,1,0
2021091205,2429,33566,Danny Amendola,1,3
2021091205,2429,41246,Brandin Cooks,1,3
2021091205,2429,53518,Nico Collins,1,3
2021091205,2581,38696,Marvin Jones,1,3
2021091205,2581,46130,D.J. Chark,1,3
2021091205,2581,52450,Laviska Shenault,1,3
2021091205,2681,41246,Brandin Cooks,1,3
2021091205,2681,53518,Nico Collins,1,3
2021091205,2795,38696,Marvin Jones,1,0
2021091205,2795,44978,Jamal Agnew,1,0
2021091205,2795,46130,D.J. Chark,1,3
2021091205,2795,52450,Laviska Shenault,1,0
2021091205,2838,38696,Marvin Jones,1,3
2021091205,2838,46130,D.J. Chark,1,3
2021091205,2838,52450,Laviska Shenault,1,1
2021091205,2966,41246,Brandin Cooks,1,3
2021091205,2966,42419,Chris Conley,1,3
2021091205,3053,42419,Chris Conley,1,3
2021091205,3127,38696,Marvin Jones,1,3
2021091205,3127,46130,D.J. Chark,1,3
2021091205,3127,52450,Laviska Shenault,1,2
2021091205,3151,38696,Marvin Jones,1,3
2021091205,3151,46130,D.J. Chark,1,3
2021091205,3151,52450,Laviska Shenault,1,3
2021091205,3175,38696,Marvin Jones,1,3
2021091205,3175,46130,D.J. Chark,1,3
2021091205,3175,52450,Laviska Shenault,1,3
2021091205,3210,38696,Marvin Jones,1,3
2021091205,3210,46130,D.J. Chark,1,3
2021091205,3210,52450,Laviska Shenault,1,0
2021091205,3310,41246,Brandin Cooks,1,0
2021091205,3310,42419,Chris Conley,1,3
2021091205,3310,53518,Nico Collins,1,0
2021091205,3361,38696,Marvin Jones,1,3
2021091205,3361,46130,D.J. Chark,1,3
2021091205,3361,52450,Laviska Shenault,1,3
2021091205,3383,38696,Marvin Jones,1,3
2021091205,3383,46130,D.J. Chark,1,3
2021091205,3383,52450,Laviska Shenault,1,3
2021091205,3426,38696,Marvin Jones,1,3
2021091205,3426,44978,Jamal Agnew,1,3
2021091205,3426,46130,D.J. Chark,1,3
2021091205,3426,48601,Tyron Johnson,1,3
2021091205,3426,52450,Laviska Shenault,1,3
2021091205,3467,41246,Brandin Cooks,1,3
2021091205,3467,53518,Nico Collins,1,3
2021091205,3631,33566,Danny Amendola,1,3
2021091205,3631,41246,Brandin Cooks,1,3
2021091205,3631,53518,Nico Collins,1,3
2021091205,3687,38696,Marvin Jones,1,3
2021091205,3687,46130,D.J. Chark,1,3
2021091205,3687,52450,Laviska Shenault,1,3
2021091205,3711,38696,Marvin Jones,1,3
2021091205,3711,46130,D.J. Chark,1,3
2021091205,3711,52450,Laviska Shenault,1,3
2021091205,3735,38696,Marvin Jones,1,3
2021091205,3735,46130,D.J. Chark,1,3
2021091205,3735,52450,Laviska Shenault,1,0
2021091205,3761,38696,Marvin Jones,1,3
2021091205,3761,44978,Jamal Agnew,1,3
2021091205,3761,46130,D.J. Chark,1,3
2021091205,3783,38696,Marvin Jones,1,0
2021091205,3783,42380,Devin Smith,1,3
2021091205,3783,52450,Laviska Shenault,1,0
2021091205,3805,38696,Marvin Jones,1,3
2021091205,3805,42380,Devin Smith,1,3
2021091205,3805,52450,Laviska Shenault,1,3
2021091205,3886,38696,Marvin Jones,1,0
2021091205,3886,46130,D.J. Chark,1,3
2021091205,3886,52450,Laviska Shenault,1,0
2021091205,4100,38696,Marvin Jones,1,0
2021091205,4100,46130,D.J. Chark,1,0
2021091205,4100,52450,Laviska Shenault,1,3
2021091205,4141,38696,Marvin Jones,1,0
2021091205,4141,42380,Devin Smith,1,0
2021091205,4141,44978,Jamal Agnew,1,0
2021091205,4420,38696,Marvin Jones,1,3
2021091205,4420,46130,D.J. Chark,1,3
2021091205,4420,52450,Laviska Shenault,1,3
2021091205,4489,38696,Marvin Jones,1,3
2021091205,4489,46130,D.J. Chark,1,3
2021091205,4489,52450,Laviska Shenault,1,3
2021091205,4513,38696,Marvin Jones,1,3
2021091205,4513,46130,D.J. Chark,1,3
2021091205,4513,52450,Laviska Shenault,1,3
2021091205,4535,38696,Marvin Jones,1,3
2021091205,4535,44978,Jamal Agnew,1,3
2021091205,4535,46130,D.J. Chark,1,3
2021091205,4580,38696,Marvin Jones,1,3
2021091205,4580,44978,Jamal Agnew,1,3
2021091205,4580,46130,D.J. Chark,1,3
2021091205,4604,38696,Marvin Jones,1,3
2021091205,4604,44978,Jamal Agnew,1,3
2021091205,4604,46130,D.J. Chark,1,3
2021091205,4649,38696,Marvin Jones,1,3
2021091205,4649,46130,D.J. Chark,1,3
2021091205,4649,52450,Laviska Shenault,1,3
2021091205,4673,38696,Marvin Jones,1,3
2021091205,4673,46130,D.J. Chark,1,3
2021091205,4673,52450,Laviska Shenault,1,3
2021091205,4695,38696,Marvin Jones,1,3
2021091205,4695,46130,D.J. Chark,1,3
2021091205,4695,52450,Laviska Shenault,1,3
2021091206,76,45102,Zach Pascal,1,3
2021091206,76,47842,Parris Campbell,1,3
2021091206,76,52442,Michael Pittman,1,3
2021091206,128,45102,Zach Pascal,1,1
2021091206,128,52442,Michael Pittman,1,3
2021091206,128,53658,Mike Strachan,1,1
2021091206,152,45102,Zach Pascal,1,2
2021091206,152,47842,Parris Campbell,1,3
2021091206,152,52442,Michael Pittman,1,3
2021091206,245,45102,Zach Pascal,1,3
2021091206,245,52442,Michael Pittman,1,3
2021091206,245,53658,Mike Strachan,1,3
2021091206,620,42412,Tyler Lockett,1,3
2021091206,620,47847,DK Metcalf,1,3
2021091206,649,42412,Tyler Lockett,1,3
2021091206,649,47847,DK Metcalf,1,3
2021091206,649,52622,Freddie Swain,1,3
2021091206,855,42412,Tyler Lockett,1,3
2021091206,855,47847,DK Metcalf,1,3
2021091206,855,53485,D'Wayne Eskridge,1,3
2021091206,903,47847,DK Metcalf,1,0
2021091206,903,52622,Freddie Swain,1,1
2021091206,948,42412,Tyler Lockett,1,3
2021091206,948,47847,DK Metcalf,1,3
2021091206,1040,47842,Parris Campbell,1,1
2021091206,1040,52442,Michael Pittman,1,3
2021091206,1040,53658,Mike Strachan,1,3
2021091206,1064,45102,Zach Pascal,1,3
2021091206,1064,52442,Michael Pittman,1,3
2021091206,1064,53658,Mike Strachan,1,3
2021091206,1130,45102,Zach Pascal,1,0
2021091206,1130,52442,Michael Pittman,1,0
2021091206,1171,45102,Zach Pascal,1,3
2021091206,1171,47842,Parris Campbell,1,3
2021091206,1171,52442,Michael Pittman,1,3
2021091206,1195,45102,Zach Pascal,1,3
2021091206,1195,47842,Parris Campbell,1,3
2021091206,1195,52442,Michael Pittman,1,3
2021091206,1246,42412,Tyler Lockett,1,3
2021091206,1246,47847,DK Metcalf,1,3
2021091206,1246,52622,Freddie Swain,1,2
2021091206,1320,42412,Tyler Lockett,1,3
2021091206,1320,47847,DK Metcalf,1,3
2021091206,1320,52622,Freddie Swain,1,3
2021091206,1371,45102,Zach Pascal,1,0
2021091206,1371,52442,Michael Pittman,1,0
2021091206,1483,45102,Zach Pascal,1,3
2021091206,1483,47842,Parris Campbell,1,3
2021091206,1483,52442,Michael Pittman,1,3
2021091206,1583,42412,Tyler Lockett,1,3
2021091206,1583,47847,DK Metcalf,1,3
2021091206,1583,53485,D'Wayne Eskridge,1,3
2021091206,1687,42412,Tyler Lockett,1,0
2021091206,1687,47847,DK Metcalf,1,0
2021091206,1687,52622,Freddie Swain,1,3
2021091206,1745,45102,Zach Pascal,1,3
2021091206,1745,47842,Parris Campbell,1,3
2021091206,1745,52442,Michael Pittman,1,3
2021091206,1824,45102,Zach Pascal,1,3
2021091206,1824,47842,Parris Campbell,1,3
2021091206,1824,52442,Michael Pittman,1,0
2021091206,1865,48118,Ashton Dulin,1,3
2021091206,1921,42412,Tyler Lockett,1,0
2021091206,1921,47847,DK Metcalf,1,3
2021091206,1945,42412,Tyler Lockett,1,3
2021091206,1945,47847,DK Metcalf,1,3
2021091206,2011,42412,Tyler Lockett,1,3
2021091206,2011,47847,DK Metcalf,1,3
2021091206,2011,52622,Freddie Swain,1,3
2021091206,2058,45102,Zach Pascal,1,1
2021091206,2058,47842,Parris Campbell,1,3
2021091206,2058,52442,Michael Pittman,1,0
2021091206,2111,45102,Zach Pascal,1,1
2021091206,2111,47842,Parris Campbell,1,1
2021091206,2111,52442,Michael Pittman,1,0
2021091206,2229,42412,Tyler Lockett,1,3
2021091206,2229,47847,DK Metcalf,1,3
2021091206,2229,52622,Freddie Swain,1,3
2021091206,2301,45102,Zach Pascal,1,0
2021091206,2301,52442,Michael Pittman,1,3
2021091206,2419,42412,Tyler Lockett,1,3
2021091206,2419,47847,DK Metcalf,1,1
2021091206,2609,42412,Tyler Lockett,1,1
2021091206,2609,47847,DK Metcalf,1,3
2021091206,2676,42412,Tyler Lockett,1,3
2021091206,2676,47847,DK Metcalf,1,3
2021091206,2676,52622,Freddie Swain,1,3
2021091206,2760,45102,Zach Pascal,1,0
2021091206,2760,52442,Michael Pittman,1,3
2021091206,2760,53658,Mike Strachan,1,0
2021091206,2868,45102,Zach Pascal,1,3
2021091206,2868,47842,Parris Campbell,1,3
2021091206,2868,52442,Michael Pittman,1,3
2021091206,2914,45102,Zach Pascal,1,3
2021091206,2914,47842,Parris Campbell,1,3
2021091206,2914,52442,Michael Pittman,1,3
2021091206,2964,45102,Zach Pascal,1,3
2021091206,2964,48118,Ashton Dulin,1,3
2021091206,2964,52442,Michael Pittman,1,3
2021091206,2988,45102,Zach Pascal,1,3
2021091206,2988,47842,Parris Campbell,1,3
2021091206,2988,52442,Michael Pittman,1,3
2021091206,3032,45102,Zach Pascal,1,3
2021091206,3032,52442,Michael Pittman,1,3
2021091206,3032,53658,Mike Strachan,1,3
2021091206,3060,45102,Zach Pascal,1,3
2021091206,3060,52442,Michael Pittman,1,3
2021091206,3060,53658,Mike Strachan,1,3
2021091206,3079,42412,Tyler Lockett,1,0
2021091206,3079,47847,DK Metcalf,1,0
2021091206,3132,42412,Tyler Lockett,1,3
2021091206,3132,47847,DK Metcalf,1,3
2021091206,3236,47847,DK Metcalf,1,3
2021091206,3236,52622,Freddie Swain,1,3
2021091206,3287,45102,Zach Pascal,1,3
2021091206,3287,47842,Parris Campbell,1,3
2021091206,3287,52442,Michael Pittman,1,3
2021091206,3353,45102,Zach Pascal,1,0
2021091206,3353,47842,Parris Campbell,1,0
2021091206,3353,52442,Michael Pittman,1,1
2021091206,3382,45102,Zach Pascal,1,3
2021091206,3382,47842,Parris Campbell,1,3
2021091206,3382,52442,Michael Pittman,1,3
2021091206,3406,45102,Zach Pascal,1,1
2021091206,3406,52442,Michael Pittman,1,3
2021091206,3406,53658,Mike Strachan,1,3
2021091206,3439,45102,Zach Pascal,1,1
2021091206,3439,52442,Michael Pittman,1,3
2021091206,3439,53658,Mike Strachan,1,3
2021091206,3463,45102,Zach Pascal,1,0
2021091206,3463,52442,Michael Pittman,1,1
2021091206,3463,53658,Mike Strachan,1,0
2021091206,3561,45102,Zach Pascal,1,3
2021091206,3561,47842,Parris Campbell,1,3
2021091206,3561,52442,Michael Pittman,1,3
2021091206,3803,45102,Zach Pascal,1,3
2021091206,3803,47842,Parris Campbell,1,3
2021091206,3803,52442,Michael Pittman,1,3
2021091206,3833,48118,Ashton Dulin,1,3
2021091206,3833,52442,Michael Pittman,1,3
2021091206,3833,53658,Mike Strachan,1,3
2021091207,76,37079,Julio Jones,1,3
2021091207,76,47834,A.J. Brown,1,3
2021091207,100,37079,Julio Jones,1,3
2021091207,100,43556,Chester Rogers,1,3
2021091207,100,47834,A.J. Brown,1,3
2021091207,152,39973,DeAndre Hopkins,1,3
2021091207,152,53478,Rondale Moore,1,2
2021091207,218,37077,A.J. Green,1,0
2021091207,218,39973,DeAndre Hopkins,1,1
2021091207,253,37077,A.J. Green,1,3
2021091207,253,39973,DeAndre Hopkins,1,3
2021091207,253,46116,Christian Kirk,1,3
2021091207,386,37077,A.J. Green,1,3
2021091207,386,39973,DeAndre Hopkins,1,3
2021091207,386,46116,Christian Kirk,1,3
2021091207,410,37077,A.J. Green,1,3
2021091207,410,39973,DeAndre Hopkins,1,3
2021091207,410,46116,Christian Kirk,1,3
2021091207,410,53478,Rondale Moore,1,3
2021091207,494,37079,Julio Jones,1,3
2021091207,494,47834,A.J. Brown,1,1
2021091207,621,37077,A.J. Green,1,0
2021091207,621,39973,DeAndre Hopkins,1,0
2021091207,660,37077,A.J. Green,1,1
2021091207,660,39973,DeAndre Hopkins,1,1
2021091207,660,46116,Christian Kirk,1,3
2021091207,839,37077,A.J. Green,1,3
2021091207,839,39973,DeAndre Hopkins,1,3
2021091207,839,46116,Christian Kirk,1,1
2021091207,863,37077,A.J. Green,1,3
2021091207,863,39973,DeAndre Hopkins,1,3
2021091207,863,46116,Christian Kirk,1,3
2021091207,930,37079,Julio Jones,1,3
2021091207,930,43556,Chester Rogers,1,3
2021091207,930,47834,A.J. Brown,1,3
2021091207,954,37079,Julio Jones,1,0
2021091207,954,43556,Chester Rogers,1,0
2021091207,954,47834,A.J. Brown,1,0
2021091207,1128,37077,A.J. Green,1,0
2021091207,1128,39973,DeAndre Hopkins,1,3
2021091207,1128,46116,Christian Kirk,1,1
2021091207,1152,39973,DeAndre Hopkins,1,3
2021091207,1152,46116,Christian Kirk,1,3
2021091207,1344,37077,A.J. Green,1,3
2021091207,1344,39973,DeAndre Hopkins,1,3
2021091207,1344,46116,Christian Kirk,1,3
2021091207,1431,37079,Julio Jones,1,3
2021091207,1431,43556,Chester Rogers,1,3
2021091207,1431,47834,A.J. Brown,1,3
2021091207,1476,37079,Julio Jones,1,3
2021091207,1476,43556,Chester Rogers,1,3
2021091207,1476,47834,A.J. Brown,1,3
2021091207,1540,37079,Julio Jones,1,3
2021091207,1540,43556,Chester Rogers,1,3
2021091207,1540,47834,A.J. Brown,1,3
2021091207,1562,43556,Chester Rogers,1,3
2021091207,1562,47834,A.J. Brown,1,3
2021091207,1562,53074,Nick Westbrook-Ikhine,1,3
2021091207,1584,43556,Chester Rogers,1,3
2021091207,1584,47834,A.J. Brown,1,3
2021091207,1584,53074,Nick Westbrook-Ikhine,1,3
2021091207,1703,37077,A.J. Green,1,0
2021091207,1703,39973,DeAndre Hopkins,1,0
2021091207,1703,53478,Rondale Moore,1,1
2021091207,1725,37077,A.J. Green,1,3
2021091207,1725,39973,DeAndre Hopkins,1,3
2021091207,1725,46116,Christian Kirk,1,3
2021091207,1747,37077,A.J. Green,1,0
2021091207,1747,39973,DeAndre Hopkins,1,0
2021091207,1747,46116,Christian Kirk,1,0
2021091207,1747,53478,Rondale Moore,1,0
2021091207,1834,37077,A.J. Green,1,3
2021091207,1834,39973,DeAndre Hopkins,1,3
2021091207,1834,46116,Christian Kirk,1,3
2021091207,1858,37077,A.J. Green,1,3
2021091207,1858,39973,DeAndre Hopkins,1,3
2021091207,1858,46116,Christian Kirk,1,3
2021091207,1858,53478,Rondale Moore,1,3
2021091207,2050,37079,Julio Jones,1,3
2021091207,2050,43556,Chester Rogers,1,3
2021091207,2050,47834,A.J. Brown,1,3
2021091207,2095,37079,Julio Jones,1,3
2021091207,2095,43556,Chester Rogers,1,0
2021091207,2095,47834,A.J. Brown,1,0
2021091207,2119,43556,Chester Rogers,1,3
2021091207,2119,47834,A.J. Brown,1,3
2021091207,2119,53074,Nick Westbrook-Ikhine,1,3
2021091207,2148,43556,Chester Rogers,1,3
2021091207,2148,53074,Nick Westbrook-Ikhine,1,3
2021091207,2148,53634,Racey McMath,1,3
2021091207,2189,37079,Julio Jones,1,3
2021091207,2189,43556,Chester Rogers,1,3
2021091207,2189,47834,A.J. Brown,1,3
2021091207,2222,37079,Julio Jones,1,3
2021091207,2222,43556,Chester Rogers,1,3
2021091207,2222,47834,A.J. Brown,1,3
2021091207,2244,37079,Julio Jones,1,3
2021091207,2244,43556,Chester Rogers,1,3
2021091207,2244,47834,A.J. Brown,1,1
2021091207,2345,37077,A.J. Green,1,0
2021091207,2345,39973,DeAndre Hopkins,1,0
2021091207,2345,46116,Christian Kirk,1,1
2021091207,2345,53478,Rondale Moore,1,0
2021091207,2503,37077,A.J. Green,1,0
2021091207,2503,39973,DeAndre Hopkins,1,1
2021091207,2529,37079,Julio Jones,1,3
2021091207,2529,43556,Chester Rogers,1,3
2021091207,2529,47834,A.J. Brown,1,3
2021091207,2553,37079,Julio Jones,1,3
2021091207,2553,43556,Chester Rogers,1,3
2021091207,2553,47834,A.J. Brown,1,3
2021091207,2654,37077,A.J. Green,1,3
2021091207,2654,39973,DeAndre Hopkins,1,3
2021091207,2716,37077,A.J. Green,1,3
2021091207,2716,46116,Christian Kirk,1,2
2021091207,2766,37077,A.J. Green,1,3
2021091207,2766,39973,DeAndre Hopkins,1,3
2021091207,2766,46116,Christian Kirk,1,3
2021091207,2856,37079,Julio Jones,1,3
2021091207,2856,43556,Chester Rogers,1,3
2021091207,2856,47834,A.J. Brown,1,3
2021091207,2901,37079,Julio Jones,1,3
2021091207,2901,43556,Chester Rogers,1,3
2021091207,2901,47834,A.J. Brown,1,3
2021091207,2927,39973,DeAndre Hopkins,1,0
2021091207,2927,53478,Rondale Moore,1,0
2021091207,2949,37077,A.J. Green,1,3
2021091207,2949,39973,DeAndre Hopkins,1,3
2021091207,3245,37077,A.J. Green,1,3
2021091207,3245,39973,DeAndre Hopkins,1,3
2021091207,3245,46116,Christian Kirk,1,3
2021091207,3245,53478,Rondale Moore,1,3
2021091207,3310,37079,Julio Jones,1,3
2021091207,3310,43556,Chester Rogers,1,3
2021091207,3310,47834,A.J. Brown,1,3
2021091207,3353,37079,Julio Jones,1,3
2021091207,3353,47834,A.J. Brown,1,3
2021091207,3353,53074,Nick Westbrook-Ikhine,1,3
2021091207,3398,37079,Julio Jones,1,3
2021091207,3398,47834,A.J. Brown,1,3
2021091207,3398,53074,Nick Westbrook-Ikhine,1,3
2021091207,3420,47834,A.J. Brown,1,3
2021091207,3420,53074,Nick Westbrook-Ikhine,1,3
2021091207,3420,53634,Racey McMath,1,3
2021091207,3444,47834,A.J. Brown,1,3
2021091207,3444,53074,Nick Westbrook-Ikhine,1,3
2021091207,3444,53634,Racey McMath,1,3
2021091207,3466,37079,Julio Jones,1,3
2021091207,3466,47834,A.J. Brown,1,3
2021091207,3466,53074,Nick Westbrook-Ikhine,1,3
2021091207,3488,37079,Julio Jones,1,3
2021091207,3488,47834,A.J. Brown,1,3
2021091207,3488,53074,Nick Westbrook-Ikhine,1,0
2021091207,3728,37079,Julio Jones,1,1
2021091207,3728,43556,Chester Rogers,1,3
2021091207,3728,47834,A.J. Brown,1,1
2021091207,3776,37079,Julio Jones,1,3
2021091207,3776,43556,Chester Rogers,1,3
2021091207,3776,47834,A.J. Brown,1,3
2021091207,3804,37079,Julio Jones,1,3
2021091207,3804,43556,Chester Rogers,1,3
2021091207,3804,53074,Nick Westbrook-Ikhine,1,3
2021091207,3847,43556,Chester Rogers,1,0
2021091207,3847,47834,A.J. Brown,1,0
2021091207,3847,53634,Racey McMath,1,0
2021091207,3871,43556,Chester Rogers,1,3
2021091207,3871,47834,A.J. Brown,1,3
2021091207,3871,53634,Racey McMath,1,3
2021091208,56,40024,Keenan Allen,1,3
2021091208,56,44819,Mike Williams,1,3
2021091208,56,48556,Jalen Guyton,1,2
2021091208,85,40024,Keenan Allen,1,3
2021091208,85,44819,Mike Williams,1,3
2021091208,175,40024,Keenan Allen,1,1
2021091208,175,44819,Mike Williams,1,3
2021091208,225,40024,Keenan Allen,1,0
2021091208,225,44819,Mike Williams,1,0
2021091208,272,40024,Keenan Allen,1,3
2021091208,272,48556,Jalen Guyton,1,3
2021091208,272,53506,Josh Palmer,1,3
2021091208,377,47859,Terry McLaurin,1,3
2021091208,377,53511,Dyami Brown,1,3
2021091208,401,43010,Adam Humphries,1,0
2021091208,401,47859,Terry McLaurin,1,3
2021091208,401,53511,Dyami Brown,1,1
2021091208,450,40024,Keenan Allen,1,3
2021091208,450,44819,Mike Williams,1,3
2021091208,450,48556,Jalen Guyton,1,3
2021091208,493,40024,Keenan Allen,1,3
2021091208,493,44819,Mike Williams,1,3
2021091208,620,43010,Adam Humphries,1,3
2021091208,620,47859,Terry McLaurin,1,3
2021091208,620,53511,Dyami Brown,1,3
2021091208,742,40024,Keenan Allen,1,3
2021091208,742,44819,Mike Williams,1,3
2021091208,742,48556,Jalen Guyton,1,3
2021091208,764,44819,Mike Williams,1,3
2021091208,764,48556,Jalen Guyton,1,3
2021091208,764,52628,K.J. Hill,1,3
2021091208,788,40024,Keenan Allen,1,3
2021091208,788,44819,Mike Williams,1,3
2021091208,788,48556,Jalen Guyton,1,3
2021091208,920,43010,Adam Humphries,1,1
2021091208,920,47859,Terry McLaurin,1,0
2021091208,920,53511,Dyami Brown,1,0
2021091208,974,43010,Adam Humphries,1,3
2021091208,974,47859,Terry McLaurin,1,3
2021091208,974,53511,Dyami Brown,1,3
2021091208,996,43010,Adam Humphries,1,3
2021091208,996,47859,Terry McLaurin,1,3
2021091208,996,53511,Dyami Brown,1,3
2021091208,1095,40024,Keenan Allen,1,3
2021091208,1095,44819,Mike Williams,1,3
2021091208,1095,48556,Jalen Guyton,1,3
2021091208,1145,40024,Keenan Allen,1,3
2021091208,1145,44819,Mike Williams,1,0
2021091208,1190,40024,Keenan Allen,1,3
2021091208,1190,44819,Mike Williams,1,3
2021091208,1214,44819,Mike Williams,1,3
2021091208,1214,48556,Jalen Guyton,1,3
2021091208,1214,52628,K.J. Hill,1,3
2021091208,1238,44819,Mike Williams,1,3
2021091208,1238,48556,Jalen Guyton,1,3
2021091208,1238,52628,K.J. Hill,1,3
2021091208,1304,40024,Keenan Allen,1,3
2021091208,1304,48556,Jalen Guyton,1,3
2021091208,1304,53506,Josh Palmer,1,3
2021091208,1367,47859,Terry McLaurin,1,3
2021091208,1367,53511,Dyami Brown,1,3
2021091208,1431,47859,Terry McLaurin,1,3
2021091208,1431,53511,Dyami Brown,1,0
2021091208,1453,43010,Adam Humphries,1,3
2021091208,1453,47859,Terry McLaurin,1,3
2021091208,1453,53511,Dyami Brown,1,3
2021091208,1521,40024,Keenan Allen,1,1
2021091208,1521,44819,Mike Williams,1,3
2021091208,1545,40024,Keenan Allen,1,3
2021091208,1545,44819,Mike Williams,1,3
2021091208,1545,48556,Jalen Guyton,1,3
2021091208,1599,40024,Keenan Allen,1,3
2021091208,1599,44819,Mike Williams,1,3
2021091208,1599,48556,Jalen Guyton,1,3
2021091208,1644,44819,Mike Williams,1,3
2021091208,1644,48556,Jalen Guyton,1,3
2021091208,1644,52628,K.J. Hill,1,1
2021091208,1675,40024,Keenan Allen,1,3
2021091208,1675,44819,Mike Williams,1,3
2021091208,1710,40024,Keenan Allen,1,3
2021091208,1710,48556,Jalen Guyton,1,3
2021091208,1710,53506,Josh Palmer,1,3
2021091208,1739,40024,Keenan Allen,1,3
2021091208,1739,44819,Mike Williams,1,3
2021091208,1739,48556,Jalen Guyton,1,3
2021091208,1784,48556,Jalen Guyton,1,3
2021091208,1784,53506,Josh Palmer,1,3
2021091208,1988,40024,Keenan Allen,1,3
2021091208,1988,44819,Mike Williams,1,0
2021091208,1988,48556,Jalen Guyton,1,1
2021091208,2010,40024,Keenan Allen,1,3
2021091208,2010,44819,Mike Williams,1,3
2021091208,2010,48556,Jalen Guyton,1,3
2021091208,2046,40024,Keenan Allen,1,3
2021091208,2046,44819,Mike Williams,1,3
2021091208,2046,48556,Jalen Guyton,1,3
2021091208,2123,43010,Adam Humphries,1,3
2021091208,2123,47859,Terry McLaurin,1,3
2021091208,2123,53511,Dyami Brown,1,3
2021091208,2156,43010,Adam Humphries,1,0
2021091208,2156,47859,Terry McLaurin,1,0
2021091208,2156,53511,Dyami Brown,1,0
2021091208,2185,43010,Adam Humphries,1,3
2021091208,2185,47859,Terry McLaurin,1,3
2021091208,2185,53511,Dyami Brown,1,3
2021091208,2348,42794,DeAndre Carter,1,1
2021091208,2348,47859,Terry McLaurin,1,0
2021091208,2348,53511,Dyami Brown,1,3
2021091208,2428,43010,Adam Humphries,1,3
2021091208,2428,47859,Terry McLaurin,1,3
2021091208,2428,53511,Dyami Brown,1,3
2021091208,2482,43010,Adam Humphries,1,3
2021091208,2482,47859,Terry McLaurin,1,1
2021091208,2482,53511,Dyami Brown,1,3
2021091208,2522,43010,Adam Humphries,1,1
2021091208,2522,47859,Terry McLaurin,1,3
2021091208,2522,53511,Dyami Brown,1,1
2021091208,2617,40024,Keenan Allen,1,3
2021091208,2617,44819,Mike Williams,1,3
2021091208,2617,48556,Jalen Guyton,1,3
2021091208,2641,40024,Keenan Allen,1,3
2021091208,2641,44819,Mike Williams,1,3
2021091208,2641,48556,Jalen Guyton,1,3
2021091208,2670,40024,Keenan Allen,1,1
2021091208,2670,44819,Mike Williams,1,3
2021091208,2692,44819,Mike Williams,1,3
2021091208,2692,48556,Jalen Guyton,1,3
2021091208,2714,40024,Keenan Allen,1,3
2021091208,2714,44819,Mike Williams,1,3
2021091208,2714,48556,Jalen Guyton,1,3
2021091208,2761,40024,Keenan Allen,1,3
2021091208,2761,44819,Mike Williams,1,3
2021091208,2761,48556,Jalen Guyton,1,3
2021091208,2804,40024,Keenan Allen,1,3
2021091208,2804,44819,Mike Williams,1,3
2021091208,2804,48556,Jalen Guyton,1,3
2021091208,2849,40024,Keenan Allen,1,3
2021091208,2849,53506,Josh Palmer,1,3
2021091208,3042,46362,Cam Sims,1,0
2021091208,3042,47859,Terry McLaurin,1,1
2021091208,3042,53687,Dax Milne,1,3
2021091208,3166,43010,Adam Humphries,1,0
2021091208,3166,47859,Terry McLaurin,1,0
2021091208,3166,53511,Dyami Brown,1,0
2021091208,3331,43010,Adam Humphries,1,3
2021091208,3331,47859,Terry McLaurin,1,3
2021091208,3331,53511,Dyami Brown,1,3
2021091208,3375,40024,Keenan Allen,1,2
2021091208,3375,44819,Mike Williams,1,3
2021091208,3420,40024,Keenan Allen,1,3
2021091208,3420,44819,Mike Williams,1,3
2021091208,3420,48556,Jalen Guyton,1,3
2021091208,3442,40024,Keenan Allen,1,3
2021091208,3442,44819,Mike Williams,1,3
2021091208,3442,48556,Jalen Guyton,1,3
2021091208,3484,44819,Mike Williams,1,0
2021091208,3575,40024,Keenan Allen,1,3
2021091208,3575,44819,Mike Williams,1,3
2021091208,3597,40024,Keenan Allen,1,3
2021091208,3597,44819,Mike Williams,1,3
2021091208,3597,48556,Jalen Guyton,1,3
2021091208,3597,53506,Josh Palmer,1,3
2021091208,3850,43010,Adam Humphries,1,3
2021091208,3850,47859,Terry McLaurin,1,3
2021091208,3850,53511,Dyami Brown,1,3
2021091208,3992,40024,Keenan Allen,1,3
2021091208,3992,44819,Mike Williams,1,3
2021091208,3992,48556,Jalen Guyton,1,3
2021091208,4055,40024,Keenan Allen,1,3
2021091208,4055,44819,Mike Williams,1,3
2021091208,4055,48556,Jalen Guyton,1,3
2021091208,4101,48556,Jalen Guyton,1,3
2021091208,4101,52628,K.J. Hill,1,3
2021091208,4101,53506,Josh Palmer,1,3
2021091208,4125,48556,Jalen Guyton,1,3
2021091208,4125,52628,K.J. Hill,1,3
2021091208,4125,53506,Josh Palmer,1,3
2021091208,4191,40024,Keenan Allen,1,3
2021091208,4191,44819,Mike Williams,1,3
2021091208,4191,48556,Jalen Guyton,1,3
2021091208,4312,40024,Keenan Allen,1,3
2021091208,4312,44819,Mike Williams,1,3
2021091208,4312,48556,Jalen Guyton,1,3
2021091209,76,53520,Anthony Schwartz,1,3
2021091209,126,41292,Jarvis Landry,1,3
2021091209,126,52595,Donovan Peoples-Jones,1,3
2021091209,155,41292,Jarvis Landry,1,3
2021091209,155,52595,Donovan Peoples-Jones,1,3
2021091209,177,41292,Jarvis Landry,1,0
2021091209,177,52595,Donovan Peoples-Jones,1,3
2021091209,198,41292,Jarvis Landry,1,2
2021091209,198,52595,Donovan Peoples-Jones,1,3
2021091209,198,53520,Anthony Schwartz,1,1
2021091209,243,41292,Jarvis Landry,1,2
2021091209,243,52595,Donovan Peoples-Jones,1,0
2021091209,265,41292,Jarvis Landry,1,0
2021091209,265,52595,Donovan Peoples-Jones,1,0
2021091209,265,53520,Anthony Schwartz,1,0
2021091209,289,41292,Jarvis Landry,1,3
2021091209,289,52595,Donovan Peoples-Jones,1,3
2021091209,490,43454,Tyreek Hill,1,3
2021091209,490,46522,Byron Pringle,1,3
2021091209,490,47839,Mecole Hardman,1,3
2021091209,514,43415,Demarcus Robinson,1,3
2021091209,514,43454,Tyreek Hill,1,3
2021091209,559,43454,Tyreek Hill,1,3
2021091209,559,47839,Mecole Hardman,1,0
2021091209,620,43415,Demarcus Robinson,1,3
2021091209,620,43454,Tyreek Hill,1,3
2021091209,642,43415,Demarcus Robinson,1,0
2021091209,642,43454,Tyreek Hill,1,1
2021091209,642,47839,Mecole Hardman,1,0
2021091209,677,43415,Demarcus Robinson,1,3
2021091209,677,43454,Tyreek Hill,1,0
2021091209,677,47839,Mecole Hardman,1,0
2021091209,710,43415,Demarcus Robinson,1,1
2021091209,710,43454,Tyreek Hill,1,0
2021091209,710,47839,Mecole Hardman,1,1
2021091209,768,53520,Anthony Schwartz,1,3
2021091209,797,53520,Anthony Schwartz,1,3
2021091209,866,41292,Jarvis Landry,1,3
2021091209,866,52595,Donovan Peoples-Jones,1,3
2021091209,995,43415,Demarcus Robinson,1,3
2021091209,995,43454,Tyreek Hill,1,3
2021091209,995,47839,Mecole Hardman,1,3
2021091209,1085,43415,Demarcus Robinson,1,1
2021091209,1085,46522,Byron Pringle,1,1
2021091209,1085,47839,Mecole Hardman,1,0
2021091209,1142,43415,Demarcus Robinson,1,3
2021091209,1142,43454,Tyreek Hill,1,3
2021091209,1142,47839,Mecole Hardman,1,3
2021091209,1166,43415,Demarcus Robinson,1,0
2021091209,1166,43454,Tyreek Hill,1,0
2021091209,1166,46522,Byron Pringle,1,1
2021091209,1188,45369,Marcus Kemp,1,3
2021091209,1188,46522,Byron Pringle,1,3
2021091209,1188,47839,Mecole Hardman,1,3
2021091209,1212,43415,Demarcus Robinson,1,3
2021091209,1212,43454,Tyreek Hill,1,3
2021091209,1212,47839,Mecole Hardman,1,0
2021091209,1247,43454,Tyreek Hill,1,3
2021091209,1247,47839,Mecole Hardman,1,3
2021091209,1387,41292,Jarvis Landry,1,3
2021091209,1387,52595,Donovan Peoples-Jones,1,3
2021091209,1387,53520,Anthony Schwartz,1,3
2021091209,1484,41292,Jarvis Landry,1,1
2021091209,1484,52595,Donovan Peoples-Jones,1,0
2021091209,1508,53520,Anthony Schwartz,1,3
2021091209,1601,43415,Demarcus Robinson,1,3
2021091209,1601,43454,Tyreek Hill,1,3
2021091209,1601,47839,Mecole Hardman,1,3
2021091209,1631,43415,Demarcus Robinson,1,0
2021091209,1631,43454,Tyreek Hill,1,0
2021091209,1631,47839,Mecole Hardman,1,3
2021091209,1672,43415,Demarcus Robinson,1,0
2021091209,1672,43454,Tyreek Hill,1,0
2021091209,1672,47839,Mecole Hardman,1,0
2021091209,1694,43415,Demarcus Robinson,1,3
2021091209,1694,46522,Byron Pringle,1,3
2021091209,1694,47839,Mecole Hardman,1,3
2021091209,1716,43415,Demarcus Robinson,1,3
2021091209,1716,43454,Tyreek Hill,1,3
2021091209,1716,47839,Mecole Hardman,1,3
2021091209,1853,41292,Jarvis Landry,1,0
2021091209,1853,52595,Donovan Peoples-Jones,1,3
2021091209,1853,53520,Anthony Schwartz,1,0
2021091209,1894,41292,Jarvis Landry,1,2
2021091209,1894,52595,Donovan Peoples-Jones,1,1
2021091209,1894,53520,Anthony Schwartz,1,1
2021091209,1916,41292,Jarvis Landry,1,3
2021091209,1916,52595,Donovan Peoples-Jones,1,1
2021091209,1916,53520,Anthony Schwartz,1,3
2021091209,1938,41292,Jarvis Landry,1,0
2021091209,1938,52595,Donovan Peoples-Jones,1,0
2021091209,1938,53520,Anthony Schwartz,1,0
2021091209,2124,43415,Demarcus Robinson,1,3
2021091209,2124,43454,Tyreek Hill,1,3
2021091209,2124,47839,Mecole Hardman,1,3
2021091209,2226,43415,Demarcus Robinson,1,3
2021091209,2226,43454,Tyreek Hill,1,3
2021091209,2226,47839,Mecole Hardman,1,3
2021091209,2250,43415,Demarcus Robinson,1,3
2021091209,2250,43454,Tyreek Hill,1,3
2021091209,2250,47839,Mecole Hardman,1,3
2021091209,2340,43415,Demarcus Robinson,1,3
2021091209,2340,43454,Tyreek Hill,1,1
2021091209,2425,43454,Tyreek Hill,1,3
2021091209,2425,46522,Byron Pringle,1,3
2021091209,2425,47839,Mecole Hardman,1,3
2021091209,2587,43415,Demarcus Robinson,1,3
2021091209,2587,43454,Tyreek Hill,1,3
2021091209,2587,47839,Mecole Hardman,1,3
2021091209,2685,43415,Demarcus Robinson,1,3
2021091209,2685,43454,Tyreek Hill,1,3
2021091209,2685,47839,Mecole Hardman,1,3
2021091209,2777,43415,Demarcus Robinson,1,0
2021091209,2777,43454,Tyreek Hill,1,0
2021091209,2777,47839,Mecole Hardman,1,0
2021091209,2833,41292,Jarvis Landry,1,3
2021091209,2833,43461,Rashard Higgins,1,3
2021091209,2942,53520,Anthony Schwartz,1,3
2021091209,3093,43454,Tyreek Hill,1,0
2021091209,3093,46522,Byron Pringle,1,0
2021091209,3093,47839,Mecole Hardman,1,0
2021091209,3168,41292,Jarvis Landry,1,3
2021091209,3168,52595,Donovan Peoples-Jones,1,3
2021091209,3168,53520,Anthony Schwartz,1,3
2021091209,3192,41292,Jarvis Landry,1,0
2021091209,3192,52595,Donovan Peoples-Jones,1,0
2021091209,3192,53520,Anthony Schwartz,1,0
2021091209,3286,43415,Demarcus Robinson,1,3
2021091209,3286,43454,Tyreek Hill,1,3
2021091209,3286,47839,Mecole Hardman,1,3
2021091209,3390,41292,Jarvis Landry,1,3
2021091209,3390,52595,Donovan Peoples-Jones,1,3
2021091209,3390,53520,Anthony Schwartz,1,3
2021091209,3435,41292,Jarvis Landry,1,3
2021091209,3435,52595,Donovan Peoples-Jones,1,3
2021091209,3435,53520,Anthony Schwartz,1,1
2021091209,3510,43454,Tyreek Hill,1,3
2021091209,3510,46522,Byron Pringle,1,3
2021091209,3510,47839,Mecole Hardman,1,3
2021091209,3534,43415,Demarcus Robinson,1,3
2021091209,3534,43454,Tyreek Hill,1,3
2021091209,3534,47839,Mecole Hardman,1,1
2021091209,3617,43415,Demarcus Robinson,1,3
2021091209,3617,43454,Tyreek Hill,1,3
2021091209,3617,47839,Mecole Hardman,1,3
2021091209,3704,41292,Jarvis Landry,1,3
2021091209,3704,52595,Donovan Peoples-Jones,1,3
2021091209,3745,41292,Jarvis Landry,1,3
2021091209,3745,52595,Donovan Peoples-Jones,1,3
2021091209,3793,41292,Jarvis Landry,1,0
2021091209,3793,52595,Donovan Peoples-Jones,1,0
2021091210,146,42363,Nelson Agholor,1,0
2021091210,146,48097,Jakobi Meyers,1,0
2021091210,200,45185,Kendrick Bourne,1,1
2021091210,200,48097,Jakobi Meyers,1,1
2021091210,352,41506,Albert Wilson,1,3
2021091210,352,42357,DeVante Parker,1,3
2021091210,352,43475,Jakeem Grant,1,3
2021091210,525,42363,Nelson Agholor,1,3
2021091210,525,48097,Jakobi Meyers,1,3
2021091210,574,42363,Nelson Agholor,1,3
2021091210,574,48097,Jakobi Meyers,1,3
2021091210,603,42363,Nelson Agholor,1,3
2021091210,603,48097,Jakobi Meyers,1,1
2021091210,865,42363,Nelson Agholor,1,3
2021091210,865,48097,Jakobi Meyers,1,3
2021091210,929,42363,Nelson Agholor,1,3
2021091210,929,45185,Kendrick Bourne,1,1
2021091210,929,48097,Jakobi Meyers,1,3
2021091210,953,42363,Nelson Agholor,1,3
2021091210,953,48097,Jakobi Meyers,1,3
2021091210,996,42363,Nelson Agholor,1,3
2021091210,996,45185,Kendrick Bourne,1,3
2021091210,996,48097,Jakobi Meyers,1,3
2021091210,1020,42363,Nelson Agholor,1,3
2021091210,1020,48097,Jakobi Meyers,1,3
2021091210,1081,42363,Nelson Agholor,1,3
2021091210,1081,48097,Jakobi Meyers,1,0
2021091210,1201,42357,DeVante Parker,1,3
2021091210,1201,53435,Jaylen Waddle,1,2
2021091210,1225,42357,DeVante Parker,1,0
2021091210,1225,43475,Jakeem Grant,1,0
2021091210,1284,42357,DeVante Parker,1,3
2021091210,1284,43475,Jakeem Grant,1,3
2021091210,1284,53435,Jaylen Waddle,1,3
2021091210,1323,42363,Nelson Agholor,1,3
2021091210,1323,48097,Jakobi Meyers,1,3
2021091210,1368,42363,Nelson Agholor,1,3
2021091210,1368,48097,Jakobi Meyers,1,3
2021091210,1390,42363,Nelson Agholor,1,3
2021091210,1390,45185,Kendrick Bourne,1,3
2021091210,1390,48097,Jakobi Meyers,1,3
2021091210,1442,41506,Albert Wilson,1,3
2021091210,1442,42357,DeVante Parker,1,3
2021091210,1442,53435,Jaylen Waddle,1,3
2021091210,1492,41506,Albert Wilson,1,0
2021091210,1492,42357,DeVante Parker,1,1
2021091210,1492,53435,Jaylen Waddle,1,1
2021091210,1584,42363,Nelson Agholor,1,3
2021091210,1584,45185,Kendrick Bourne,1,1
2021091210,1584,48097,Jakobi Meyers,1,3
2021091210,1608,42363,Nelson Agholor,1,3
2021091210,1608,45185,Kendrick Bourne,1,3
2021091210,1608,48097,Jakobi Meyers,1,3
2021091210,1630,42363,Nelson Agholor,1,0
2021091210,1630,48097,Jakobi Meyers,1,1
2021091210,1712,42363,Nelson Agholor,1,3
2021091210,1712,48097,Jakobi Meyers,1,3
2021091210,1772,41506,Albert Wilson,1,3
2021091210,1772,42357,DeVante Parker,1,3
2021091210,1772,53435,Jaylen Waddle,1,3
2021091210,1858,41506,Albert Wilson,1,3
2021091210,1858,42357,DeVante Parker,1,3
2021091210,1858,53435,Jaylen Waddle,1,3
2021091210,1947,41506,Albert Wilson,1,3
2021091210,1947,42357,DeVante Parker,1,3
2021091210,1947,53435,Jaylen Waddle,1,3
2021091210,1989,41506,Albert Wilson,1,3
2021091210,1989,42357,DeVante Parker,1,3
2021091210,1989,53435,Jaylen Waddle,1,3
2021091210,2119,42357,DeVante Parker,1,1
2021091210,2119,53435,Jaylen Waddle,1,2
2021091210,2141,42357,DeVante Parker,1,1
2021091210,2141,43475,Jakeem Grant,1,3
2021091210,2141,53435,Jaylen Waddle,1,0
2021091210,2191,42357,DeVante Parker,1,3
2021091210,2191,53435,Jaylen Waddle,1,3
2021091210,2287,42357,DeVante Parker,1,3
2021091210,2287,53435,Jaylen Waddle,1,3
2021091210,2426,42363,Nelson Agholor,1,3
2021091210,2426,45185,Kendrick Bourne,1,3
2021091210,2426,48097,Jakobi Meyers,1,3
2021091210,2461,42363,Nelson Agholor,1,0
2021091210,2461,48097,Jakobi Meyers,1,2
2021091210,2483,42363,Nelson Agholor,1,3
2021091210,2483,45185,Kendrick Bourne,1,3
2021091210,2483,48097,Jakobi Meyers,1,1
2021091210,2515,42363,Nelson Agholor,1,0
2021091210,2515,45185,Kendrick Bourne,1,0
2021091210,2515,48097,Jakobi Meyers,1,0
2021091210,2550,42363,Nelson Agholor,1,3
2021091210,2550,45185,Kendrick Bourne,1,2
2021091210,2550,48097,Jakobi Meyers,1,3
2021091210,2611,42363,Nelson Agholor,1,1
2021091210,2611,48097,Jakobi Meyers,1,1
2021091210,2633,42363,Nelson Agholor,1,3
2021091210,2633,45185,Kendrick Bourne,1,1
2021091210,2633,48097,Jakobi Meyers,1,3
2021091210,2662,42363,Nelson Agholor,1,0
2021091210,2662,45185,Kendrick Bourne,1,1
2021091210,2662,48097,Jakobi Meyers,1,0
2021091210,2728,42363,Nelson Agholor,1,3
2021091210,2728,45185,Kendrick Bourne,1,1
2021091210,2728,48097,Jakobi Meyers,1,3
2021091210,2752,42363,Nelson Agholor,1,3
2021091210,2752,45185,Kendrick Bourne,1,2
2021091210,2752,48097,Jakobi Meyers,1,3
2021091210,2830,41506,Albert Wilson,1,3
2021091210,2830,42357,DeVante Parker,1,3
2021091210,2830,53435,Jaylen Waddle,1,3
2021091210,2912,42363,Nelson Agholor,1,0
2021091210,2912,45185,Kendrick Bourne,1,3
2021091210,2912,48097,Jakobi Meyers,1,0
2021091210,2973,42363,Nelson Agholor,1,3
2021091210,2973,48097,Jakobi Meyers,1,3
2021091210,3016,45185,Kendrick Bourne,1,3
2021091210,3016,48097,Jakobi Meyers,1,3
2021091210,3016,48988,Gunner Olszewski,1,3
2021091210,3045,42363,Nelson Agholor,1,3
2021091210,3045,45185,Kendrick Bourne,1,3
2021091210,3069,42363,Nelson Agholor,1,3
2021091210,3069,45185,Kendrick Bourne,1,3
2021091210,3093,42363,Nelson Agholor,1,0
2021091210,3093,45185,Kendrick Bourne,1,0
2021091210,3093,48097,Jakobi Meyers,1,1
2021091210,3127,42363,Nelson Agholor,1,3
2021091210,3127,45185,Kendrick Bourne,1,3
2021091210,3127,48097,Jakobi Meyers,1,1
2021091210,3127,48988,Gunner Olszewski,1,3
2021091210,3173,42363,Nelson Agholor,1,3
2021091210,3173,45185,Kendrick Bourne,1,3
2021091210,3173,48097,Jakobi Meyers,1,3
2021091210,3239,42363,Nelson Agholor,1,3
2021091210,3239,48097,Jakobi Meyers,1,3
2021091210,3345,41506,Albert Wilson,1,3
2021091210,3345,42357,DeVante Parker,1,3
2021091210,3345,53435,Jaylen Waddle,1,2
2021091210,3415,41506,Albert Wilson,1,0
2021091210,3415,42357,DeVante Parker,1,2
2021091210,3415,53435,Jaylen Waddle,1,1
2021091210,3473,42363,Nelson Agholor,1,3
2021091210,3473,45185,Kendrick Bourne,1,3
2021091210,3473,48097,Jakobi Meyers,1,3
2021091210,3497,42363,Nelson Agholor,1,3
2021091210,3497,45185,Kendrick Bourne,1,3
2021091210,3497,48097,Jakobi Meyers,1,3
2021091210,3610,42363,Nelson Agholor,1,3
2021091210,3610,45185,Kendrick Bourne,1,3
2021091210,3610,48097,Jakobi Meyers,1,3
2021091211,76,42437,Ty Montgomery,1,3
2021091211,76,48415,Deonte Harty,1,3
2021091211,76,53098,Marquez Callaway,1,3
2021091211,184,37737,Chris Hogan,1,0
2021091211,206,48415,Deonte Harty,1,3
2021091211,206,53098,Marquez Callaway,1,3
2021091211,283,41282,Davante Adams,1,3
2021091211,283,46243,Marquez Valdes-Scantling,1,3
2021091211,283,46705,Allen Lazard,1,3
2021091211,307,41282,Davante Adams,1,1
2021091211,307,46243,Marquez Valdes-Scantling,1,3
2021091211,307,53514,Amari Rodgers,1,3
2021091211,393,37139,Randall Cobb,1,1
2021091211,393,46705,Allen Lazard,1,1
2021091211,393,48624,Malik Taylor,1,0
2021091211,421,37139,Randall Cobb,1,0
2021091211,421,41282,Davante Adams,1,0
2021091211,421,46243,Marquez Valdes-Scantling,1,0
2021091211,528,48415,Deonte Harty,1,3
2021091211,528,53098,Marquez Callaway,1,3
2021091211,573,48415,Deonte Harty,1,0
2021091211,573,53098,Marquez Callaway,1,3
2021091211,597,53098,Marquez Callaway,1,0
2021091211,709,42437,Ty Montgomery,1,3
2021091211,709,48415,Deonte Harty,1,3
2021091211,709,53098,Marquez Callaway,1,3
2021091211,921,37139,Randall Cobb,1,3
2021091211,921,41282,Davante Adams,1,3
2021091211,921,46705,Allen Lazard,1,3
2021091211,945,37139,Randall Cobb,1,3
2021091211,945,41282,Davante Adams,1,3
2021091211,945,46243,Marquez Valdes-Scantling,1,3
2021091211,1274,42437,Ty Montgomery,1,1
2021091211,1274,48541,Lil'Jordan Humphrey,1,3
2021091211,1274,53098,Marquez Callaway,1,3
2021091211,1443,41282,Davante Adams,1,3
2021091211,1443,46243,Marquez Valdes-Scantling,1,3
2021091211,1443,46705,Allen Lazard,1,3
2021091211,1493,41282,Davante Adams,1,3
2021091211,1493,46243,Marquez Valdes-Scantling,1,3
2021091211,1493,46705,Allen Lazard,1,3
2021091211,1517,41282,Davante Adams,1,3
2021091211,1517,46243,Marquez Valdes-Scantling,1,3
2021091211,1517,46705,Allen Lazard,1,3
2021091211,1550,37139,Randall Cobb,1,3
2021091211,1550,41282,Davante Adams,1,3
2021091211,1550,46243,Marquez Valdes-Scantling,1,3
2021091211,1608,41282,Davante Adams,1,3
2021091211,1608,46243,Marquez Valdes-Scantling,1,3
2021091211,1608,46705,Allen Lazard,1,3
2021091211,1698,37139,Randall Cobb,1,3
2021091211,1698,41282,Davante Adams,1,3
2021091211,1698,46243,Marquez Valdes-Scantling,1,3
2021091211,1752,41282,Davante Adams,1,3
2021091211,1752,46243,Marquez Valdes-Scantling,1,3
2021091211,1785,41282,Davante Adams,1,3
2021091211,1785,46243,Marquez Valdes-Scantling,1,1
2021091211,1809,41282,Davante Adams,1,3
2021091211,1809,46243,Marquez Valdes-Scantling,1,3
2021091211,1855,37139,Randall Cobb,1,1
2021091211,1855,46243,Marquez Valdes-Scantling,1,3
2021091211,1855,46705,Allen Lazard,1,1
2021091211,1979,41282,Davante Adams,1,3
2021091211,1979,46243,Marquez Valdes-Scantling,1,3
2021091211,2005,48415,Deonte Harty,1,0
2021091211,2005,53098,Marquez Callaway,1,0
2021091211,2118,42437,Ty Montgomery,1,3
2021091211,2118,48415,Deonte Harty,1,3
2021091211,2118,53098,Marquez Callaway,1,3
2021091211,2140,37737,Chris Hogan,1,0
2021091211,2140,48541,Lil'Jordan Humphrey,1,3
2021091211,2140,53098,Marquez Callaway,1,0
2021091211,2181,37139,Randall Cobb,1,1
2021091211,2181,41282,Davante Adams,1,3
2021091211,2181,46243,Marquez Valdes-Scantling,1,3
2021091211,2203,41282,Davante Adams,1,3
2021091211,2203,46243,Marquez Valdes-Scantling,1,3
2021091211,2203,46705,Allen Lazard,1,3
2021091211,2259,41282,Davante Adams,1,1
2021091211,2259,46243,Marquez Valdes-Scantling,1,3
2021091211,2259,46705,Allen Lazard,1,3
2021091211,2327,37737,Chris Hogan,1,0
2021091211,2327,48541,Lil'Jordan Humphrey,1,3
2021091211,2327,53098,Marquez Callaway,1,0
2021091211,2425,41282,Davante Adams,1,1
2021091211,2425,46243,Marquez Valdes-Scantling,1,0
2021091211,2425,46705,Allen Lazard,1,1
2021091211,2447,41282,Davante Adams,1,3
2021091211,2447,46243,Marquez Valdes-Scantling,1,3
2021091211,2447,46705,Allen Lazard,1,3
2021091211,2471,41282,Davante Adams,1,1
2021091211,2471,46243,Marquez Valdes-Scantling,1,3
2021091211,2471,46705,Allen Lazard,1,3
2021091211,2493,48415,Deonte Harty,1,2
2021091211,2493,53098,Marquez Callaway,1,0
2021091211,2536,48415,Deonte Harty,1,3
2021091211,2536,53098,Marquez Callaway,1,3
2021091211,2617,48541,Lil'Jordan Humphrey,1,3
2021091211,2617,53098,Marquez Callaway,1,3
2021091211,2755,41282,Davante Adams,1,0
2021091211,2755,46243,Marquez Valdes-Scantling,1,0
2021091211,2755,46705,Allen Lazard,1,0
2021091211,2893,48415,Deonte Harty,1,1
2021091211,2986,46705,Allen Lazard,1,0
2021091211,2986,48624,Malik Taylor,1,1
2021091211,2986,53514,Amari Rodgers,1,3
2021091211,3031,46705,Allen Lazard,1,3
2021091211,3031,48624,Malik Taylor,1,3
2021091211,3031,53514,Amari Rodgers,1,3
2021091211,3060,37139,Randall Cobb,1,3
2021091211,3060,48624,Malik Taylor,1,3
2021091211,3060,53514,Amari Rodgers,1,3
2021091212,84,43329,Sterling Shepard,1,3
2021091212,84,44908,Kenny Golladay,1,3
2021091212,84,47954,Darius Slayton,1,3
2021091212,106,43329,Sterling Shepard,1,3
2021091212,106,44908,Kenny Golladay,1,3
2021091212,106,47954,Darius Slayton,1,3
2021091212,186,43329,Sterling Shepard,1,3
2021091212,186,44908,Kenny Golladay,1,3
2021091212,186,47954,Darius Slayton,1,3
2021091212,335,45267,Tim Patrick,1,3
2021091212,335,46109,Courtland Sutton,1,3
2021091212,335,52423,Jerry Jeudy,1,3
2021091212,465,52423,Jerry Jeudy,1,0
2021091212,465,52454,K.J. Hamler,1,3
2021091212,489,45267,Tim Patrick,1,3
2021091212,489,52423,Jerry Jeudy,1,3
2021091212,566,45267,Tim Patrick,1,3
2021091212,566,46109,Courtland Sutton,1,3
2021091212,611,52423,Jerry Jeudy,1,0
2021091212,611,52454,K.J. Hamler,1,0
2021091212,635,46109,Courtland Sutton,1,3
2021091212,635,52423,Jerry Jeudy,1,3
2021091212,635,52454,K.J. Hamler,1,3
2021091212,657,45267,Tim Patrick,1,1
2021091212,657,46109,Courtland Sutton,1,3
2021091212,657,52454,K.J. Hamler,1,1
2021091212,702,46109,Courtland Sutton,1,3
2021091212,702,52423,Jerry Jeudy,1,3
2021091212,702,52454,K.J. Hamler,1,3
2021091212,745,45267,Tim Patrick,1,3
2021091212,745,46109,Courtland Sutton,1,3
2021091212,745,52423,Jerry Jeudy,1,3
2021091212,843,43329,Sterling Shepard,1,3
2021091212,843,44908,Kenny Golladay,1,3
2021091212,912,43329,Sterling Shepard,1,3
2021091212,912,44908,Kenny Golladay,1,3
2021091212,912,47954,Darius Slayton,1,3
2021091212,935,43329,Sterling Shepard,1,1
2021091212,935,44908,Kenny Golladay,1,3
2021091212,980,43329,Sterling Shepard,1,3
2021091212,980,44908,Kenny Golladay,1,3
2021091212,980,47954,Darius Slayton,1,3
2021091212,1004,43329,Sterling Shepard,1,0
2021091212,1004,44908,Kenny Golladay,1,0
2021091212,1004,47954,Darius Slayton,1,0
2021091212,1081,45267,Tim Patrick,1,3
2021091212,1081,46109,Courtland Sutton,1,3
2021091212,1081,52423,Jerry Jeudy,1,3
2021091212,1127,52454,K.J. Hamler,1,1
2021091212,1175,46109,Courtland Sutton,1,3
2021091212,1175,52423,Jerry Jeudy,1,3
2021091212,1175,52454,K.J. Hamler,1,3
2021091212,1199,46109,Courtland Sutton,1,3
2021091212,1199,52423,Jerry Jeudy,1,3
2021091212,1199,52454,K.J. Hamler,1,3
2021091212,1260,45267,Tim Patrick,1,3
2021091212,1260,46109,Courtland Sutton,1,3
2021091212,1366,43329,Sterling Shepard,1,3
2021091212,1388,43329,Sterling Shepard,1,3
2021091212,1388,44908,Kenny Golladay,1,3
2021091212,1388,47954,Darius Slayton,1,3
2021091212,1437,45267,Tim Patrick,1,0
2021091212,1437,46109,Courtland Sutton,1,0
2021091212,1437,52423,Jerry Jeudy,1,0
2021091212,1499,45267,Tim Patrick,1,0
2021091212,1499,46109,Courtland Sutton,1,3
2021091212,1499,52423,Jerry Jeudy,1,3
2021091212,1540,45267,Tim Patrick,1,3
2021091212,1540,46109,Courtland Sutton,1,3
2021091212,1540,52423,Jerry Jeudy,1,3
2021091212,1564,45267,Tim Patrick,1,3
2021091212,1564,46109,Courtland Sutton,1,3
2021091212,1564,52423,Jerry Jeudy,1,3
2021091212,1593,45267,Tim Patrick,1,3
2021091212,1593,46109,Courtland Sutton,1,3
2021091212,1593,52423,Jerry Jeudy,1,3
2021091212,1776,46109,Courtland Sutton,1,3
2021091212,1776,52423,Jerry Jeudy,1,3
2021091212,1776,52454,K.J. Hamler,1,3
2021091212,1810,46109,Courtland Sutton,1,1
2021091212,1810,52423,Jerry Jeudy,1,1
2021091212,1810,52454,K.J. Hamler,1,0
2021091212,1855,52423,Jerry Jeudy,1,0
2021091212,1855,52454,K.J. Hamler,1,0
2021091212,1877,45267,Tim Patrick,1,3
2021091212,1877,46109,Courtland Sutton,1,3
2021091212,1877,52423,Jerry Jeudy,1,1
2021091212,1901,52423,Jerry Jeudy,1,0
2021091212,1901,52454,K.J. Hamler,1,0
2021091212,1944,45267,Tim Patrick,1,3
2021091212,1944,46109,Courtland Sutton,1,3
2021091212,1944,52423,Jerry Jeudy,1,3
2021091212,2008,46109,Courtland Sutton,1,3
2021091212,2008,52423,Jerry Jeudy,1,3
2021091212,2008,52454,K.J. Hamler,1,3
2021091212,2129,45267,Tim Patrick,1,0
2021091212,2129,46109,Courtland Sutton,1,1
2021091212,2129,52454,K.J. Hamler,1,0
2021091212,2151,45267,Tim Patrick,1,3
2021091212,2151,46109,Courtland Sutton,1,3
2021091212,2151,52454,K.J. Hamler,1,3
2021091212,2282,43329,Sterling Shepard,1,1
2021091212,2282,44908,Kenny Golladay,1,3
2021091212,2304,43329,Sterling Shepard,1,3
2021091212,2304,44908,Kenny Golladay,1,3
2021091212,2304,47954,Darius Slayton,1,3
2021091212,2349,43329,Sterling Shepard,1,0
2021091212,2349,47954,Darius Slayton,1,0
2021091212,2371,43329,Sterling Shepard,1,3
2021091212,2371,44908,Kenny Golladay,1,3
2021091212,2371,47954,Darius Slayton,1,3
2021091212,2395,43329,Sterling Shepard,1,3
2021091212,2395,44908,Kenny Golladay,1,0
2021091212,2395,47954,Darius Slayton,1,0
2021091212,2532,45267,Tim Patrick,1,3
2021091212,2532,46109,Courtland Sutton,1,3
2021091212,2554,45267,Tim Patrick,1,1
2021091212,2554,46109,Courtland Sutton,1,3
2021091212,2554,52454,K.J. Hamler,1,0
2021091212,2630,45267,Tim Patrick,1,3
2021091212,2630,46109,Courtland Sutton,1,1
2021091212,2883,43329,Sterling Shepard,1,3
2021091212,2883,44908,Kenny Golladay,1,3
2021091212,2883,47954,Darius Slayton,1,1
2021091212,2947,43329,Sterling Shepard,1,0
2021091212,2947,44908,Kenny Golladay,1,0
2021091212,2971,43329,Sterling Shepard,1,3
2021091212,2971,44908,Kenny Golladay,1,3
2021091212,2971,47954,Darius Slayton,1,3
2021091212,3014,43329,Sterling Shepard,1,0
2021091212,3014,44908,Kenny Golladay,1,3
2021091212,3014,47954,Darius Slayton,1,0
2021091212,3047,43329,Sterling Shepard,1,3
2021091212,3047,44908,Kenny Golladay,1,3
2021091212,3047,47954,Darius Slayton,1,3
2021091212,3095,43329,Sterling Shepard,1,3
2021091212,3095,44908,Kenny Golladay,1,3
2021091212,3095,47954,Darius Slayton,1,3
2021091212,3117,43329,Sterling Shepard,1,3
2021091212,3117,44908,Kenny Golladay,1,3
2021091212,3117,47954,Darius Slayton,1,3
2021091212,3181,45267,Tim Patrick,1,3
2021091212,3294,43329,Sterling Shepard,1,3
2021091212,3294,44908,Kenny Golladay,1,3
2021091212,3294,47954,Darius Slayton,1,3
2021091212,3318,43329,Sterling Shepard,1,0
2021091212,3318,44908,Kenny Golladay,1,3
2021091212,3318,47954,Darius Slayton,1,3
2021091212,3342,43329,Sterling Shepard,1,3
2021091212,3342,44908,Kenny Golladay,1,3
2021091212,3342,47954,Darius Slayton,1,1
2021091212,3366,43329,Sterling Shepard,1,3
2021091212,3366,44908,Kenny Golladay,1,3
2021091212,3366,47954,Darius Slayton,1,3
2021091212,3388,43329,Sterling Shepard,1,3
2021091212,3388,45255,C.J. Board,1,3
2021091212,3388,47954,Darius Slayton,1,3
2021091212,3446,43329,Sterling Shepard,1,3
2021091212,3446,44908,Kenny Golladay,1,3
2021091212,3446,47954,Darius Slayton,1,3
2021091212,3601,43329,Sterling Shepard,1,3
2021091212,3601,44908,Kenny Golladay,1,3
2021091212,3601,47954,Darius Slayton,1,3
2021091212,3625,43329,Sterling Shepard,1,3
2021091212,3625,44908,Kenny Golladay,1,3
2021091212,3625,47954,Darius Slayton,1,3
2021091212,3649,43329,Sterling Shepard,1,3
2021091212,3649,44908,Kenny Golladay,1,3
2021091212,3649,47954,Darius Slayton,1,3
2021091212,3673,43329,Sterling Shepard,1,0
2021091212,3673,44908,Kenny Golladay,1,0
2021091212,3673,47954,Darius Slayton,1,0
2021091212,3719,43329,Sterling Shepard,1,3
2021091212,3719,45255,C.J. Board,1,3
2021091212,3719,53449,Kadarius Toney,1,3
2021091212,3743,43329,Sterling Shepard,1,3
2021091212,3743,45255,C.J. Board,1,3
2021091212,3743,53449,Kadarius Toney,1,3
2021091213,69,41290,Allen Robinson,1,3
2021091213,69,52581,Darnell Mooney,1,3
2021091213,217,41290,Allen Robinson,1,3
2021091213,217,52581,Darnell Mooney,1,3
2021091213,265,39989,Robert Woods,1,3
2021091213,265,44881,Cooper Kupp,1,3
2021091213,265,52465,Van Jefferson,1,3
2021091213,289,39989,Robert Woods,1,0
2021091213,289,44881,Cooper Kupp,1,1
2021091213,289,52465,Van Jefferson,1,0
2021091213,377,41290,Allen Robinson,1,3
2021091213,377,52581,Darnell Mooney,1,3
2021091213,401,41290,Allen Robinson,1,3
2021091213,401,52581,Darnell Mooney,1,3
2021091213,425,41290,Allen Robinson,1,3
2021091213,425,52581,Darnell Mooney,1,3
2021091213,468,40026,Marquise Goodwin,1,3
2021091213,468,41290,Allen Robinson,1,3
2021091213,468,52581,Darnell Mooney,1,3
2021091213,492,40026,Marquise Goodwin,1,3
2021091213,492,41290,Allen Robinson,1,3
2021091213,492,52581,Darnell Mooney,1,3
2021091213,514,33130,DeSean Jackson,1,2
2021091213,514,44881,Cooper Kupp,1,3
2021091213,514,52465,Van Jefferson,1,3
2021091213,538,33130,DeSean Jackson,1,1
2021091213,538,44881,Cooper Kupp,1,1
2021091213,538,52465,Van Jefferson,1,3
2021091213,583,39989,Robert Woods,1,3
2021091213,583,44881,Cooper Kupp,1,3
2021091213,583,52465,Van Jefferson,1,3
2021091213,607,39989,Robert Woods,1,3
2021091213,607,44881,Cooper Kupp,1,3
2021091213,607,52465,Van Jefferson,1,3
2021091213,684,40026,Marquise Goodwin,1,3
2021091213,684,41290,Allen Robinson,1,3
2021091213,684,52581,Darnell Mooney,1,3
2021091213,775,41290,Allen Robinson,1,3
2021091213,775,42899,Damiere Byrd,1,3
2021091213,775,52581,Darnell Mooney,1,3
2021091213,804,40026,Marquise Goodwin,1,3
2021091213,804,41290,Allen Robinson,1,3
2021091213,804,42899,Damiere Byrd,1,3
2021091213,804,52581,Darnell Mooney,1,3
2021091213,962,44881,Cooper Kupp,1,3
2021091213,962,52465,Van Jefferson,1,1
2021091213,991,39989,Robert Woods,1,3
2021091213,991,44881,Cooper Kupp,1,3
2021091213,1042,33130,DeSean Jackson,1,3
2021091213,1042,39989,Robert Woods,1,3
2021091213,1042,44881,Cooper Kupp,1,3
2021091213,1064,39989,Robert Woods,1,3
2021091213,1064,44881,Cooper Kupp,1,3
2021091213,1064,52465,Van Jefferson,1,3
2021091213,1141,41290,Allen Robinson,1,3
2021091213,1141,42899,Damiere Byrd,1,3
2021091213,1141,52581,Darnell Mooney,1,3
2021091213,1265,40026,Marquise Goodwin,1,1
2021091213,1265,41290,Allen Robinson,1,3
2021091213,1265,52581,Darnell Mooney,1,3
2021091213,1421,40026,Marquise Goodwin,1,3
2021091213,1421,52581,Darnell Mooney,1,3
2021091213,1492,40026,Marquise Goodwin,1,3
2021091213,1492,41290,Allen Robinson,1,3
2021091213,1492,52581,Darnell Mooney,1,3
2021091213,1554,41290,Allen Robinson,1,3
2021091213,1554,42899,Damiere Byrd,1,3
2021091213,1554,52581,Darnell Mooney,1,3
2021091213,1794,39989,Robert Woods,1,3
2021091213,1794,44881,Cooper Kupp,1,0
2021091213,1794,52465,Van Jefferson,1,3
2021091213,1818,39989,Robert Woods,1,0
2021091213,1818,44881,Cooper Kupp,1,0
2021091213,1818,52465,Van Jefferson,1,0
2021091213,1898,40026,Marquise Goodwin,1,3
2021091213,1898,41290,Allen Robinson,1,3
2021091213,1898,52581,Darnell Mooney,1,3
2021091213,1943,41290,Allen Robinson,1,3
2021091213,1943,42899,Damiere Byrd,1,3
2021091213,1943,52581,Darnell Mooney,1,3
2021091213,1988,40026,Marquise Goodwin,1,3
2021091213,1988,52581,Darnell Mooney,1,3
2021091213,2012,41290,Allen Robinson,1,1
2021091213,2012,52581,Darnell Mooney,1,0
2021091213,2034,41290,Allen Robinson,1,3
2021091213,2034,42899,Damiere Byrd,1,3
2021091213,2034,52581,Darnell Mooney,1,3
2021091213,2063,40026,Marquise Goodwin,1,3
2021091213,2063,41290,Allen Robinson,1,3
2021091213,2063,52581,Darnell Mooney,1,2
2021091213,2111,40026,Marquise Goodwin,1,3
2021091213,2111,41290,Allen Robinson,1,3
2021091213,2111,52581,Darnell Mooney,1,3
2021091213,2243,41290,Allen Robinson,1,3
2021091213,2243,42899,Damiere Byrd,1,3
2021091213,2243,52581,Darnell Mooney,1,3
2021091213,2341,33130,DeSean Jackson,1,3
2021091213,2341,44881,Cooper Kupp,1,3
2021091213,2341,52465,Van Jefferson,1,3
2021091213,2363,33130,DeSean Jackson,1,3
2021091213,2363,44881,Cooper Kupp,1,3
2021091213,2363,52465,Van Jefferson,1,3
2021091213,2387,33130,DeSean Jackson,1,3
2021091213,2387,44881,Cooper Kupp,1,1
2021091213,2387,52465,Van Jefferson,1,3
2021091213,2440,33130,DeSean Jackson,1,3
2021091213,2440,44881,Cooper Kupp,1,3
2021091213,2440,52465,Van Jefferson,1,3
2021091213,2469,33130,DeSean Jackson,1,3
2021091213,2469,44881,Cooper Kupp,1,3
2021091213,2469,52465,Van Jefferson,1,3
2021091213,2560,41290,Allen Robinson,1,3
2021091213,2560,42899,Damiere Byrd,1,3
2021091213,2560,52581,Darnell Mooney,1,3
2021091213,2615,41290,Allen Robinson,1,3
2021091213,2615,42899,Damiere Byrd,1,3
2021091213,2615,52581,Darnell Mooney,1,3
2021091213,2733,41290,Allen Robinson,1,3
2021091213,2733,42899,Damiere Byrd,1,3
2021091213,2733,52581,Darnell Mooney,1,3
2021091213,2778,40026,Marquise Goodwin,1,3
2021091213,2778,41290,Allen Robinson,1,3
2021091213,2778,52581,Darnell Mooney,1,3
2021091213,2847,41290,Allen Robinson,1,3
2021091213,2847,42899,Damiere Byrd,1,3
2021091213,2847,52581,Darnell Mooney,1,3
2021091213,2881,41290,Allen Robinson,1,3
2021091213,2881,42899,Damiere Byrd,1,0
2021091213,2881,52581,Darnell Mooney,1,1
2021091213,2905,41290,Allen Robinson,1,3
2021091213,2905,42899,Damiere Byrd,1,1
2021091213,2905,52581,Darnell Mooney,1,3
2021091213,3054,39989,Robert Woods,1,1
2021091213,3054,44881,Cooper Kupp,1,1
2021091213,3054,52465,Van Jefferson,1,0
2021091213,3154,39989,Robert Woods,1,3
2021091213,3154,44881,Cooper Kupp,1,3
2021091213,3154,52465,Van Jefferson,1,3
2021091213,3224,39989,Robert Woods,1,3
2021091213,3224,44881,Cooper Kupp,1,3
2021091213,3224,52465,Van Jefferson,1,3
2021091213,3284,39989,Robert Woods,1,3
2021091213,3284,44881,Cooper Kupp,1,1
2021091213,3284,52465,Van Jefferson,1,1
2021091213,3351,41290,Allen Robinson,1,3
2021091213,3351,42899,Damiere Byrd,1,3
2021091213,3351,52581,Darnell Mooney,1,3
2021091213,3375,41290,Allen Robinson,1,3
2021091213,3375,42899,Damiere Byrd,1,3
2021091213,3375,52581,Darnell Mooney,1,3
2021091213,3399,41290,Allen Robinson,1,1
2021091213,3399,42899,Damiere Byrd,1,3
2021091213,3399,52581,Darnell Mooney,1,3
2021091213,3421,41290,Allen Robinson,1,3
2021091213,3421,42899,Damiere Byrd,1,3
2021091213,3421,52581,Darnell Mooney,1,3
2021091213,3472,41290,Allen Robinson,1,3
2021091213,3472,42899,Damiere Byrd,1,0
2021091213,3472,52581,Darnell Mooney,1,3
2021091300,55,52420,Henry Ruggs,1,3
2021091300,55,52489,Bryan Edwards,1,3
2021091300,77,52420,Henry Ruggs,1,0
2021091300,77,52489,Bryan Edwards,1,3
2021091300,169,47932,Hunter Renfrow,1,3
2021091300,169,52489,Bryan Edwards,1,3
2021091300,228,47932,Hunter Renfrow,1,3
2021091300,250,52420,Henry Ruggs,1,3
2021091300,383,41230,Sammy Watkins,1,3
2021091300,428,41230,Sammy Watkins,1,3
2021091300,428,47808,Marquise Brown,1,3
2021091300,475,41230,Sammy Watkins,1,1
2021091300,475,47808,Marquise Brown,1,0
2021091300,475,52500,Devin Duvernay,1,0
2021091300,562,47932,Hunter Renfrow,1,3
2021091300,562,52489,Bryan Edwards,1,3
2021091300,590,47932,Hunter Renfrow,1,3
2021091300,590,52489,Bryan Edwards,1,3
2021091300,612,44849,Zay Jones,1,3
2021091300,612,47932,Hunter Renfrow,1,3
2021091300,692,41230,Sammy Watkins,1,0
2021091300,692,47808,Marquise Brown,1,3
2021091300,737,41230,Sammy Watkins,1,3
2021091300,737,47808,Marquise Brown,1,1
2021091300,737,52500,Devin Duvernay,1,3
2021091300,759,41230,Sammy Watkins,1,3
2021091300,759,47808,Marquise Brown,1,3
2021091300,759,52500,Devin Duvernay,1,3
2021091300,880,52420,Henry Ruggs,1,0
2021091300,902,44849,Zay Jones,1,3
2021091300,902,47932,Hunter Renfrow,1,3
2021091300,1013,41230,Sammy Watkins,1,3
2021091300,1013,47808,Marquise Brown,1,3
2021091300,1013,52500,Devin Duvernay,1,3
2021091300,1075,47932,Hunter Renfrow,1,1
2021091300,1075,52420,Henry Ruggs,1,2
2021091300,1075,52489,Bryan Edwards,1,0
2021091300,1174,41230,Sammy Watkins,1,3
2021091300,1174,47808,Marquise Brown,1,3
2021091300,1226,41230,Sammy Watkins,1,3
2021091300,1226,47808,Marquise Brown,1,3
2021091300,1226,52500,Devin Duvernay,1,0
2021091300,1250,52500,Devin Duvernay,1,3
2021091300,1293,41230,Sammy Watkins,1,0
2021091300,1293,47808,Marquise Brown,1,0
2021091300,1293,52500,Devin Duvernay,1,0
2021091300,1344,52420,Henry Ruggs,1,3
2021091300,1344,52489,Bryan Edwards,1,3
2021091300,1368,52420,Henry Ruggs,1,3
2021091300,1368,52489,Bryan Edwards,1,3
2021091300,1461,47932,Hunter Renfrow,1,3
2021091300,1461,52489,Bryan Edwards,1,3
2021091300,1485,52420,Henry Ruggs,1,3
2021091300,1507,41500,Willie Snead,1,3
2021091300,1507,52420,Henry Ruggs,1,3
2021091300,1507,52489,Bryan Edwards,1,3
2021091300,1553,47932,Hunter Renfrow,1,3
2021091300,1553,52420,Henry Ruggs,1,3
2021091300,1553,52489,Bryan Edwards,1,3
2021091300,1655,41230,Sammy Watkins,1,3
2021091300,1655,47808,Marquise Brown,1,1
2021091300,1655,52500,Devin Duvernay,1,0
2021091300,1744,41230,Sammy Watkins,1,3
2021091300,1744,47808,Marquise Brown,1,3
2021091300,1836,44849,Zay Jones,1,3
2021091300,1836,47932,Hunter Renfrow,1,3
2021091300,1875,44849,Zay Jones,1,0
2021091300,1875,47932,Hunter Renfrow,1,1
2021091300,1899,44849,Zay Jones,1,0
2021091300,1899,47932,Hunter Renfrow,1,3
2021091300,1921,44849,Zay Jones,1,3
2021091300,1921,47932,Hunter Renfrow,1,3
2021091300,1921,52420,Henry Ruggs,1,3
2021091300,1943,47932,Hunter Renfrow,1,3
2021091300,1943,52489,Bryan Edwards,1,3
2021091300,1984,44849,Zay Jones,1,3
2021091300,1984,47932,Hunter Renfrow,1,3
2021091300,1984,52489,Bryan Edwards,1,3
2021091300,2008,44849,Zay Jones,1,3
2021091300,2008,47932,Hunter Renfrow,1,3
2021091300,2008,52489,Bryan Edwards,1,3
2021091300,2030,44849,Zay Jones,1,0
2021091300,2030,47932,Hunter Renfrow,1,3
2021091300,2030,52489,Bryan Edwards,1,1
2021091300,2180,41230,Sammy Watkins,1,3
2021091300,2180,47808,Marquise Brown,1,3
2021091300,2180,52500,Devin Duvernay,1,3
2021091300,2256,41230,Sammy Watkins,1,3
2021091300,2256,47808,Marquise Brown,1,3
2021091300,2256,52500,Devin Duvernay,1,3
2021091300,2278,41230,Sammy Watkins,1,3
2021091300,2278,47808,Marquise Brown,1,3
2021091300,2278,52500,Devin Duvernay,1,3
2021091300,2344,52420,Henry Ruggs,1,3
2021091300,2344,52489,Bryan Edwards,1,3
2021091300,2373,52420,Henry Ruggs,1,3
2021091300,2373,52489,Bryan Edwards,1,3
2021091300,2504,41230,Sammy Watkins,1,3
2021091300,2504,47808,Marquise Brown,1,3
2021091300,2589,41230,Sammy Watkins,1,3
2021091300,2589,47808,Marquise Brown,1,3
2021091300,2589,52500,Devin Duvernay,1,3
2021091300,2676,52420,Henry Ruggs,1,3
2021091300,2676,52489,Bryan Edwards,1,3
2021091300,2700,47932,Hunter Renfrow,1,1
2021091300,2700,52420,Henry Ruggs,1,3
2021091300,2700,52489,Bryan Edwards,1,3
2021091300,2771,44849,Zay Jones,1,3
2021091300,2771,47932,Hunter Renfrow,1,0
2021091300,2803,47932,Hunter Renfrow,1,3
2021091300,2851,52420,Henry Ruggs,1,3
2021091300,2851,52489,Bryan Edwards,1,3
2021091300,2879,47932,Hunter Renfrow,1,1
2021091300,2879,52420,Henry Ruggs,1,3
2021091300,2879,52489,Bryan Edwards,1,3
2021091300,2951,41230,Sammy Watkins,1,3
2021091300,2951,47808,Marquise Brown,1,0
2021091300,3007,41230,Sammy Watkins,1,3
2021091300,3007,47808,Marquise Brown,1,3
2021091300,3007,52500,Devin Duvernay,1,0
2021091300,3098,52420,Henry Ruggs,1,3
2021091300,3098,52489,Bryan Edwards,1,1
2021091300,3168,52420,Henry Ruggs,1,3
2021091300,3168,52489,Bryan Edwards,1,3
2021091300,3211,41230,Sammy Watkins,1,0
2021091300,3211,47808,Marquise Brown,1,3
2021091300,3312,52420,Henry Ruggs,1,0
2021091300,3312,52489,Bryan Edwards,1,0
2021091300,3385,47932,Hunter Renfrow,1,1
2021091300,3478,41230,Sammy Watkins,1,3
2021091300,3478,47808,Marquise Brown,1,3
2021091300,3544,41230,Sammy Watkins,1,1
2021091300,3544,47808,Marquise Brown,1,0
2021091300,3619,52420,Henry Ruggs,1,3
2021091300,3619,52489,Bryan Edwards,1,3
2021091300,3664,44849,Zay Jones,1,3
2021091300,3664,47932,Hunter Renfrow,1,3
2021091300,3688,52420,Henry Ruggs,1,3
2021091300,3712,52420,Henry Ruggs,1,3
2021091300,3734,44849,Zay Jones,1,0
2021091300,3734,47932,Hunter Renfrow,1,3
2021091300,3756,47932,Hunter Renfrow,1,3
2021091300,3756,52420,Henry Ruggs,1,0
2021091300,3756,52489,Bryan Edwards,1,0
2021091300,3812,47932,Hunter Renfrow,1,3
2021091300,3812,52420,Henry Ruggs,1,3
2021091300,3812,52489,Bryan Edwards,1,3
2021091300,3836,47932,Hunter Renfrow,1,3
2021091300,3836,52420,Henry Ruggs,1,3
2021091300,3836,52489,Bryan Edwards,1,3
2021091300,3914,41230,Sammy Watkins,1,3
2021091300,3914,47808,Marquise Brown,1,2
2021091300,4166,52420,Henry Ruggs,1,0
2021091300,4166,52489,Bryan Edwards,1,0
2021091300,4212,47932,Hunter Renfrow,1,3
2021091300,4212,52420,Henry Ruggs,1,0
2021091300,4212,52489,Bryan Edwards,1,3
2021091300,4347,52489,Bryan Edwards,1,3
2021091300,4392,44849,Zay Jones,1,0
2021091300,4392,47932,Hunter Renfrow,1,3
2021091300,4454,44849,Zay Jones,1,0
2021091300,4454,47932,Hunter Renfrow,1,3
2021091300,4476,47932,Hunter Renfrow,1,3
2021091300,4476,52420,Henry Ruggs,1,3
2021091300,4476,52489,Bryan Edwards,1,3
2021091300,4586,47932,Hunter Renfrow,1,3
2021091300,4586,52420,Henry Ruggs,1,3
2021091300,4586,52489,Bryan Edwards,1,3
2021091300,4608,41500,Willie Snead,1,3
2021091300,4608,47932,Hunter Renfrow,1,3
2021091300,4608,52489,Bryan Edwards,1,3
2021091300,4641,41230,Sammy Watkins,1,0
2021091300,4691,41230,Sammy Watkins,1,3
2021091300,4691,47808,Marquise Brown,1,3
2021091300,4691,52500,Devin Duvernay,1,3
2021091300,4691,52609,James Proche,1,3
2021091300,4736,41230,Sammy Watkins,1,3
2021091300,4736,47808,Marquise Brown,1,3
2021091300,4736,52609,James Proche,1,3
2021091300,4845,44849,Zay Jones,1,1
2021091300,4845,47932,Hunter Renfrow,1,3
2021091600,65,43010,Adam Humphries,2,3
2021091600,65,47859,Terry McLaurin,2,3
2021091600,65,53511,Dyami Brown,2,2
2021091600,187,43329,Sterling Shepard,2,3
2021091600,187,44908,Kenny Golladay,2,3
2021091600,187,47954,Darius Slayton,2,3
2021091600,280,43329,Sterling Shepard,2,3
2021091600,280,44908,Kenny Golladay,2,3
2021091600,280,47954,Darius Slayton,2,0
2021091600,375,43329,Sterling Shepard,2,1
2021091600,375,44908,Kenny Golladay,2,3
2021091600,375,47954,Darius Slayton,2,3
2021091600,498,43010,Adam Humphries,2,3
2021091600,498,47859,Terry McLaurin,2,3
2021091600,498,53511,Dyami Brown,2,3
2021091600,543,43010,Adam Humphries,2,0
2021091600,543,47859,Terry McLaurin,2,1
2021091600,543,53511,Dyami Brown,2,0
2021091600,590,43329,Sterling Shepard,2,0
2021091600,590,44908,Kenny Golladay,2,0
2021091600,590,53449,Kadarius Toney,2,0
2021091600,727,43329,Sterling Shepard,2,1
2021091600,727,44908,Kenny Golladay,2,3
2021091600,727,53449,Kadarius Toney,2,1
2021091600,794,42794,DeAndre Carter,2,1
2021091600,794,47859,Terry McLaurin,2,0
2021091600,794,53511,Dyami Brown,2,3
2021091600,839,43010,Adam Humphries,2,3
2021091600,839,47859,Terry McLaurin,2,3
2021091600,839,53511,Dyami Brown,2,2
2021091600,884,42794,DeAndre Carter,2,3
2021091600,884,47859,Terry McLaurin,2,3
2021091600,884,53511,Dyami Brown,2,3
2021091600,992,46362,Cam Sims,2,0
2021091600,992,47859,Terry McLaurin,2,0
2021091600,1037,43010,Adam Humphries,2,3
2021091600,1037,47859,Terry McLaurin,2,0
2021091600,1037,53511,Dyami Brown,2,3
2021091600,1061,47859,Terry McLaurin,2,3
2021091600,1117,43329,Sterling Shepard,2,1
2021091600,1117,44908,Kenny Golladay,2,0
2021091600,1233,43010,Adam Humphries,2,3
2021091600,1233,47859,Terry McLaurin,2,0
2021091600,1233,53511,Dyami Brown,2,0
2021091600,1255,43010,Adam Humphries,2,3
2021091600,1255,47859,Terry McLaurin,2,3
2021091600,1255,53511,Dyami Brown,2,3
2021091600,1277,43010,Adam Humphries,2,3
2021091600,1277,47859,Terry McLaurin,2,3
2021091600,1277,53511,Dyami Brown,2,3
2021091600,1343,43329,Sterling Shepard,2,3
2021091600,1343,45255,C.J. Board,2,3
2021091600,1343,53449,Kadarius Toney,2,3
2021091600,1426,43329,Sterling Shepard,2,3
2021091600,1426,45255,C.J. Board,2,3
2021091600,1426,53449,Kadarius Toney,2,3
2021091600,1516,43329,Sterling Shepard,2,3
2021091600,1516,44908,Kenny Golladay,2,3
2021091600,1516,53449,Kadarius Toney,2,3
2021091600,1594,43329,Sterling Shepard,2,3
2021091600,1594,44908,Kenny Golladay,2,3
2021091600,1594,47954,Darius Slayton,2,3
2021091600,1682,46362,Cam Sims,2,3
2021091600,1682,47859,Terry McLaurin,2,3
2021091600,1682,53687,Dax Milne,2,2
2021091600,1706,43010,Adam Humphries,2,3
2021091600,1706,47859,Terry McLaurin,2,3
2021091600,1706,53511,Dyami Brown,2,3
2021091600,1759,43010,Adam Humphries,2,3
2021091600,1759,47859,Terry McLaurin,2,3
2021091600,1759,53511,Dyami Brown,2,1
2021091600,1885,43010,Adam Humphries,2,3
2021091600,1885,47859,Terry McLaurin,2,3
2021091600,1885,53511,Dyami Brown,2,3
2021091600,1909,43010,Adam Humphries,2,3
2021091600,1909,47859,Terry McLaurin,2,3
2021091600,1909,53511,Dyami Brown,2,3
2021091600,1950,43010,Adam Humphries,2,3
2021091600,1950,47859,Terry McLaurin,2,3
2021091600,1950,53511,Dyami Brown,2,3
2021091600,2161,43329,Sterling Shepard,2,3
2021091600,2161,44908,Kenny Golladay,2,3
2021091600,2185,43329,Sterling Shepard,2,0
2021091600,2185,44908,Kenny Golladay,2,1
2021091600,2185,47954,Darius Slayton,2,0
2021091600,2253,43329,Sterling Shepard,2,0
2021091600,2253,47954,Darius Slayton,2,0
2021091600,2298,43329,Sterling Shepard,2,3
2021091600,2298,44908,Kenny Golladay,2,3
2021091600,2298,47954,Darius Slayton,2,3
2021091600,2354,43329,Sterling Shepard,2,3
2021091600,2354,44908,Kenny Golladay,2,3
2021091600,2354,47954,Darius Slayton,2,3
2021091600,2378,43329,Sterling Shepard,2,3
2021091600,2378,44908,Kenny Golladay,2,3
2021091600,2378,47954,Darius Slayton,2,3
2021091600,2493,43010,Adam Humphries,2,2
2021091600,2493,47859,Terry McLaurin,2,0
2021091600,2493,53511,Dyami Brown,2,0
2021091600,2517,43010,Adam Humphries,2,3
2021091600,2517,47859,Terry McLaurin,2,3
2021091600,2517,53511,Dyami Brown,2,3
2021091600,2558,43329,Sterling Shepard,2,3
2021091600,2558,44908,Kenny Golladay,2,3
2021091600,2558,53449,Kadarius Toney,2,3
2021091600,2624,43329,Sterling Shepard,2,3
2021091600,2624,44908,Kenny Golladay,2,3
2021091600,2624,53449,Kadarius Toney,2,0
2021091600,2678,43329,Sterling Shepard,2,3
2021091600,2678,44908,Kenny Golladay,2,3
2021091600,2678,53449,Kadarius Toney,2,3
2021091600,2706,43329,Sterling Shepard,2,3
2021091600,2706,44908,Kenny Golladay,2,3
2021091600,2706,53449,Kadarius Toney,2,3
2021091600,2752,43329,Sterling Shepard,2,3
2021091600,2752,44908,Kenny Golladay,2,3
2021091600,2752,47954,Darius Slayton,2,3
2021091600,2834,43010,Adam Humphries,2,3
2021091600,2834,47859,Terry McLaurin,2,3
2021091600,2834,53511,Dyami Brown,2,3
2021091600,2873,43010,Adam Humphries,2,1
2021091600,2873,47859,Terry McLaurin,2,0
2021091600,2873,53511,Dyami Brown,2,1
2021091600,2923,43010,Adam Humphries,2,3
2021091600,2923,47859,Terry McLaurin,2,3
2021091600,2923,53511,Dyami Brown,2,3
2021091600,2966,43010,Adam Humphries,2,3
2021091600,2966,47859,Terry McLaurin,2,3
2021091600,2966,53511,Dyami Brown,2,3
2021091600,3061,43329,Sterling Shepard,2,3
2021091600,3061,44908,Kenny Golladay,2,3
2021091600,3061,47954,Darius Slayton,2,3
2021091600,3085,43329,Sterling Shepard,2,3
2021091600,3085,44908,Kenny Golladay,2,3
2021091600,3085,47954,Darius Slayton,2,3
2021091600,3142,43329,Sterling Shepard,2,3
2021091600,3142,44908,Kenny Golladay,2,3
2021091600,3142,47954,Darius Slayton,2,3
2021091600,3204,43329,Sterling Shepard,2,3
2021091600,3204,44908,Kenny Golladay,2,3
2021091600,3204,47954,Darius Slayton,2,3
2021091600,3316,43010,Adam Humphries,2,3
2021091600,3316,47859,Terry McLaurin,2,3
2021091600,3316,53511,Dyami Brown,2,1
2021091600,3440,42794,DeAndre Carter,2,3
2021091600,3440,47859,Terry McLaurin,2,3
2021091600,3440,53511,Dyami Brown,2,3
2021091600,3486,43010,Adam Humphries,2,3
2021091600,3486,47859,Terry McLaurin,2,3
2021091600,3486,53511,Dyami Brown,2,3
2021091600,3509,43010,Adam Humphries,2,3
2021091600,3509,47859,Terry McLaurin,2,3
2021091600,3509,53511,Dyami Brown,2,1
2021091600,3567,43329,Sterling Shepard,2,3
2021091600,3567,45255,C.J. Board,2,0
2021091600,3654,43329,Sterling Shepard,2,3
2021091600,3654,44908,Kenny Golladay,2,3
2021091600,3654,47954,Darius Slayton,2,0
2021091600,3798,43010,Adam Humphries,2,3
2021091600,3798,47859,Terry McLaurin,2,1
2021091600,3798,53511,Dyami Brown,2,3
2021091600,3827,47859,Terry McLaurin,2,0
2021091600,3827,53511,Dyami Brown,2,0
2021091600,3883,43329,Sterling Shepard,2,3
2021091600,3883,44908,Kenny Golladay,2,3
2021091600,3883,47954,Darius Slayton,2,1
2021091600,3905,43329,Sterling Shepard,2,3
2021091600,3905,44908,Kenny Golladay,2,3
2021091600,3905,47954,Darius Slayton,2,3
2021091600,3950,43329,Sterling Shepard,2,3
2021091600,3950,44908,Kenny Golladay,2,3
2021091600,3950,47954,Darius Slayton,2,3
2021091600,3972,43329,Sterling Shepard,2,0
2021091600,3972,44908,Kenny Golladay,2,1
2021091600,3972,47954,Darius Slayton,2,1
2021091600,4081,43010,Adam Humphries,2,2
2021091600,4081,47859,Terry McLaurin,2,3
2021091600,4081,53511,Dyami Brown,2,3
2021091600,4183,43329,Sterling Shepard,2,3
2021091600,4183,44908,Kenny Golladay,2,3
2021091600,4183,47954,Darius Slayton,2,3
2021091600,4254,43010,Adam Humphries,2,3
2021091600,4254,47859,Terry McLaurin,2,3
2021091600,4254,53511,Dyami Brown,2,3
2021091600,4278,43010,Adam Humphries,2,3
2021091600,4278,47859,Terry McLaurin,2,3
2021091600,4278,53511,Dyami Brown,2,3
2021091600,4300,43010,Adam Humphries,2,3
2021091600,4300,47859,Terry McLaurin,2,3
2021091600,4300,53511,Dyami Brown,2,3
2021091600,4345,43010,Adam Humphries,2,3
2021091600,4345,47859,Terry McLaurin,2,3
2021091600,4345,53511,Dyami Brown,2,3
2021091600,4409,43010,Adam Humphries,2,3
2021091600,4409,47859,Terry McLaurin,2,3
2021091600,4409,53511,Dyami Brown,2,3
2021091600,4431,43010,Adam Humphries,2,3
2021091600,4431,47859,Terry McLaurin,2,3
2021091600,4431,53511,Dyami Brown,2,3
2021091600,4489,43010,Adam Humphries,2,3
2021091600,4489,47859,Terry McLaurin,2,3
2021091600,4489,53511,Dyami Brown,2,3
2021091600,4518,43010,Adam Humphries,2,3
2021091600,4518,47859,Terry McLaurin,2,3
2021091600,4518,53511,Dyami Brown,2,3
2021091900,76,43808,Robby Anderson,2,3
2021091900,76,46093,D.J. Moore,2,1
2021091900,121,43808,Robby Anderson,2,0
2021091900,121,46093,D.J. Moore,2,0
2021091900,121,53488,Terrace Marshall,2,3
2021091900,145,43663,Alex Erickson,2,0
2021091900,145,44123,Brandon Zylstra,2,1
2021091900,262,48415,Deonte Harty,2,3
2021091900,262,53098,Marquez Callaway,2,3
2021091900,440,43808,Robby Anderson,2,1
2021091900,440,46093,D.J. Moore,2,3
2021091900,499,43808,Robby Anderson,2,3
2021091900,499,46093,D.J. Moore,2,3
2021091900,523,43808,Robby Anderson,2,0
2021091900,523,46093,D.J. Moore,2,1
2021091900,547,43808,Robby Anderson,2,3
2021091900,547,46093,D.J. Moore,2,3
2021091900,547,53488,Terrace Marshall,2,3
2021091900,571,43808,Robby Anderson,2,1
2021091900,571,46093,D.J. Moore,2,0
2021091900,571,53488,Terrace Marshall,2,2
2021091900,635,48541,Lil'Jordan Humphrey,2,1
2021091900,635,53098,Marquez Callaway,2,3
2021091900,659,37737,Chris Hogan,2,3
2021091900,659,48541,Lil'Jordan Humphrey,2,3
2021091900,659,53098,Marquez Callaway,2,3
2021091900,831,43663,Alex Erickson,2,3
2021091900,831,43808,Robby Anderson,2,3
2021091900,831,46093,D.J. Moore,2,3
2021091900,876,43808,Robby Anderson,2,1
2021091900,876,46093,D.J. Moore,2,0
2021091900,940,43808,Robby Anderson,2,0
2021091900,940,46093,D.J. Moore,2,3
2021091900,975,43808,Robby Anderson,2,3
2021091900,975,46093,D.J. Moore,2,3
2021091900,975,53488,Terrace Marshall,2,3
2021091900,1024,46093,D.J. Moore,2,0
2021091900,1155,37737,Chris Hogan,2,3
2021091900,1155,48541,Lil'Jordan Humphrey,2,0
2021091900,1198,48541,Lil'Jordan Humphrey,2,3
2021091900,1198,53098,Marquez Callaway,2,3
2021091900,1224,42437,Ty Montgomery,2,3
2021091900,1224,48415,Deonte Harty,2,3
2021091900,1224,53098,Marquez Callaway,2,3
2021091900,1273,43808,Robby Anderson,2,3
2021091900,1273,46093,D.J. Moore,2,3
2021091900,1273,53488,Terrace Marshall,2,3
2021091900,1323,43808,Robby Anderson,2,1
2021091900,1323,46093,D.J. Moore,2,3
2021091900,1323,53488,Terrace Marshall,2,3
2021091900,1459,43808,Robby Anderson,2,0
2021091900,1459,46093,D.J. Moore,2,1
2021091900,1459,53488,Terrace Marshall,2,0
2021091900,1558,43808,Robby Anderson,2,3
2021091900,1558,46093,D.J. Moore,2,3
2021091900,1558,53488,Terrace Marshall,2,3
2021091900,1621,48415,Deonte Harty,2,0
2021091900,1621,48541,Lil'Jordan Humphrey,2,0
2021091900,1621,53098,Marquez Callaway,2,1
2021091900,1654,48415,Deonte Harty,2,3
2021091900,1654,48541,Lil'Jordan Humphrey,2,3
2021091900,1654,53098,Marquez Callaway,2,3
2021091900,1671,48415,Deonte Harty,2,1
2021091900,1671,48541,Lil'Jordan Humphrey,2,0
2021091900,1671,53098,Marquez Callaway,2,1
2021091900,1735,48415,Deonte Harty,2,3
2021091900,1735,48541,Lil'Jordan Humphrey,2,3
2021091900,1735,53098,Marquez Callaway,2,3
2021091900,1757,42437,Ty Montgomery,2,3
2021091900,1757,48415,Deonte Harty,2,3
2021091900,1757,53098,Marquez Callaway,2,3
2021091900,1779,37737,Chris Hogan,2,3
2021091900,1779,48415,Deonte Harty,2,0
2021091900,1810,43808,Robby Anderson,2,0
2021091900,1810,46093,D.J. Moore,2,0
2021091900,1810,53488,Terrace Marshall,2,3
2021091900,1886,43808,Robby Anderson,2,3
2021091900,1886,46093,D.J. Moore,2,3
2021091900,1886,53488,Terrace Marshall,2,3
2021091900,2019,42437,Ty Montgomery,2,3
2021091900,2019,48415,Deonte Harty,2,3
2021091900,2019,53098,Marquez Callaway,2,3
2021091900,2098,43808,Robby Anderson,2,1
2021091900,2098,44123,Brandon Zylstra,2,2
2021091900,2098,46093,D.J. Moore,2,0
2021091900,2134,43808,Robby Anderson,2,3
2021091900,2134,46093,D.J. Moore,2,3
2021091900,2134,53488,Terrace Marshall,2,3
2021091900,2214,43808,Robby Anderson,2,3
2021091900,2214,46093,D.J. Moore,2,3
2021091900,2238,43808,Robby Anderson,2,1
2021091900,2238,46093,D.J. Moore,2,1
2021091900,2238,53488,Terrace Marshall,2,3
2021091900,2536,43808,Robby Anderson,2,0
2021091900,2536,46093,D.J. Moore,2,0
2021091900,2720,43808,Robby Anderson,2,3
2021091900,2720,46093,D.J. Moore,2,3
2021091900,2720,53488,Terrace Marshall,2,3
2021091900,2805,42437,Ty Montgomery,2,3
2021091900,2805,48415,Deonte Harty,2,3
2021091900,2805,53098,Marquez Callaway,2,3
2021091900,2953,43808,Robby Anderson,2,3
2021091900,2953,44123,Brandon Zylstra,2,3
2021091900,2953,46093,D.J. Moore,2,3
2021091900,2977,43808,Robby Anderson,2,1
2021091900,2977,46093,D.J. Moore,2,3
2021091900,2977,53488,Terrace Marshall,2,3
2021091900,3006,43663,Alex Erickson,2,3
2021091900,3006,44123,Brandon Zylstra,2,3
2021091900,3051,43808,Robby Anderson,2,3
2021091900,3051,44123,Brandon Zylstra,2,3
2021091900,3051,46093,D.J. Moore,2,3
2021091900,3148,53098,Marquez Callaway,2,3
2021091900,3288,43808,Robby Anderson,2,3
2021091900,3288,46093,D.J. Moore,2,3
2021091900,3310,43808,Robby Anderson,2,3
2021091900,3310,46093,D.J. Moore,2,0
2021091900,3355,43808,Robby Anderson,2,3
2021091900,3355,46093,D.J. Moore,2,3
2021091900,3399,43808,Robby Anderson,2,3
2021091900,3399,46093,D.J. Moore,2,3
2021091900,3399,53488,Terrace Marshall,2,3
2021091900,3444,43808,Robby Anderson,2,3
2021091900,3444,44123,Brandon Zylstra,2,3
2021091900,3444,46093,D.J. Moore,2,3
2021091900,3538,48415,Deonte Harty,2,3
2021091900,3538,48541,Lil'Jordan Humphrey,2,3
2021091900,3538,53098,Marquez Callaway,2,3
2021091900,3562,48415,Deonte Harty,2,3
2021091900,3562,48541,Lil'Jordan Humphrey,2,3
2021091900,3562,53098,Marquez Callaway,2,3
2021091900,3603,48415,Deonte Harty,2,0
2021091900,3603,48541,Lil'Jordan Humphrey,2,0
2021091900,3603,53098,Marquez Callaway,2,0
2021091900,3689,43808,Robby Anderson,2,3
2021091900,3689,46093,D.J. Moore,2,3
2021091900,3689,53488,Terrace Marshall,2,3
2021091900,3776,42437,Ty Montgomery,2,3
2021091900,3776,48541,Lil'Jordan Humphrey,2,3
2021091900,3776,53098,Marquez Callaway,2,3
2021091900,3800,42437,Ty Montgomery,2,0
2021091900,3800,48541,Lil'Jordan Humphrey,2,0
2021091900,3800,53098,Marquez Callaway,2,0
2021091901,59,41290,Allen Robinson,2,0
2021091901,59,52581,Darnell Mooney,2,0
2021091901,102,40026,Marquise Goodwin,2,3
2021091901,102,41290,Allen Robinson,2,3
2021091901,102,52581,Darnell Mooney,2,3
2021091901,126,40026,Marquise Goodwin,2,0
2021091901,126,42899,Damiere Byrd,2,2
2021091901,126,52581,Darnell Mooney,2,1
2021091901,174,41290,Allen Robinson,2,3
2021091901,174,52581,Darnell Mooney,2,3
2021091901,198,40026,Marquise Goodwin,2,0
2021091901,198,41290,Allen Robinson,2,3
2021091901,198,42899,Damiere Byrd,2,1
2021091901,198,52581,Darnell Mooney,2,3
2021091901,248,41290,Allen Robinson,2,3
2021091901,293,41290,Allen Robinson,2,3
2021091901,293,42899,Damiere Byrd,2,3
2021091901,293,52581,Darnell Mooney,2,3
2021091901,384,43344,Tyler Boyd,2,3
2021091901,384,52441,Tee Higgins,2,3
2021091901,384,53434,Ja'Marr Chase,2,3
2021091901,408,52441,Tee Higgins,2,3
2021091901,408,53434,Ja'Marr Chase,2,3
2021091901,500,43344,Tyler Boyd,2,3
2021091901,500,52441,Tee Higgins,2,3
2021091901,500,53434,Ja'Marr Chase,2,3
2021091901,533,43344,Tyler Boyd,2,3
2021091901,533,52441,Tee Higgins,2,3
2021091901,533,53434,Ja'Marr Chase,2,3
2021091901,578,43344,Tyler Boyd,2,3
2021091901,578,52441,Tee Higgins,2,3
2021091901,602,43344,Tyler Boyd,2,3
2021091901,602,52441,Tee Higgins,2,1
2021091901,624,43344,Tyler Boyd,2,3
2021091901,624,43495,Mike Thomas,2,3
2021091901,624,46322,Auden Tate,2,3
2021091901,624,52441,Tee Higgins,2,3
2021091901,624,53434,Ja'Marr Chase,2,3
2021091901,771,41290,Allen Robinson,2,3
2021091901,771,42899,Damiere Byrd,2,3
2021091901,771,52581,Darnell Mooney,2,3
2021091901,870,40026,Marquise Goodwin,2,2
2021091901,870,52581,Darnell Mooney,2,3
2021091901,910,40026,Marquise Goodwin,2,1
2021091901,910,52581,Darnell Mooney,2,3
2021091901,1205,43344,Tyler Boyd,2,3
2021091901,1205,52441,Tee Higgins,2,3
2021091901,1205,53434,Ja'Marr Chase,2,3
2021091901,1229,43344,Tyler Boyd,2,3
2021091901,1229,52441,Tee Higgins,2,3
2021091901,1229,53434,Ja'Marr Chase,2,3
2021091901,1274,43344,Tyler Boyd,2,3
2021091901,1274,52441,Tee Higgins,2,3
2021091901,1274,53434,Ja'Marr Chase,2,3
2021091901,1313,52581,Darnell Mooney,2,3
2021091901,1328,52441,Tee Higgins,2,3
2021091901,1328,53434,Ja'Marr Chase,2,3
2021091901,1409,41290,Allen Robinson,2,3
2021091901,1409,42899,Damiere Byrd,2,3
2021091901,1409,52581,Darnell Mooney,2,3
2021091901,1499,43344,Tyler Boyd,2,3
2021091901,1499,43495,Mike Thomas,2,3
2021091901,1499,46322,Auden Tate,2,3
2021091901,1499,52441,Tee Higgins,2,3
2021091901,1499,53434,Ja'Marr Chase,2,3
2021091901,1551,43344,Tyler Boyd,2,3
2021091901,1551,52441,Tee Higgins,2,3
2021091901,1551,53434,Ja'Marr Chase,2,3
2021091901,1609,43344,Tyler Boyd,2,3
2021091901,1609,52441,Tee Higgins,2,3
2021091901,1609,53434,Ja'Marr Chase,2,3
2021091901,1767,40026,Marquise Goodwin,2,1
2021091901,1767,41290,Allen Robinson,2,3
2021091901,1767,52581,Darnell Mooney,2,3
2021091901,1815,40026,Marquise Goodwin,2,3
2021091901,1815,41290,Allen Robinson,2,3
2021091901,1815,52581,Darnell Mooney,2,3
2021091901,1856,40026,Marquise Goodwin,2,0
2021091901,1856,41290,Allen Robinson,2,1
2021091901,1856,52581,Darnell Mooney,2,0
2021091901,2089,43344,Tyler Boyd,2,3
2021091901,2089,46322,Auden Tate,2,3
2021091901,2089,52441,Tee Higgins,2,1
2021091901,2113,43344,Tyler Boyd,2,3
2021091901,2113,52441,Tee Higgins,2,3
2021091901,2113,53434,Ja'Marr Chase,2,3
2021091901,2240,43344,Tyler Boyd,2,0
2021091901,2240,53434,Ja'Marr Chase,2,1
2021091901,2281,43344,Tyler Boyd,2,3
2021091901,2281,52441,Tee Higgins,2,3
2021091901,2281,53434,Ja'Marr Chase,2,3
2021091901,2443,40026,Marquise Goodwin,2,0
2021091901,2443,52581,Darnell Mooney,2,3
2021091901,2585,43344,Tyler Boyd,2,3
2021091901,2585,52441,Tee Higgins,2,3
2021091901,2585,53434,Ja'Marr Chase,2,3
2021091901,2690,41290,Allen Robinson,2,3
2021091901,2690,42899,Damiere Byrd,2,3
2021091901,2690,52581,Darnell Mooney,2,3
2021091901,2714,40026,Marquise Goodwin,2,1
2021091901,2714,41290,Allen Robinson,2,1
2021091901,2714,52581,Darnell Mooney,2,3
2021091901,2832,41290,Allen Robinson,2,3
2021091901,2832,42899,Damiere Byrd,2,3
2021091901,2832,52581,Darnell Mooney,2,3
2021091901,2952,43344,Tyler Boyd,2,3
2021091901,2952,52441,Tee Higgins,2,3
2021091901,2952,53434,Ja'Marr Chase,2,3
2021091901,3018,43344,Tyler Boyd,2,3
2021091901,3018,52441,Tee Higgins,2,3
2021091901,3018,53434,Ja'Marr Chase,2,3
2021091901,3112,43344,Tyler Boyd,2,3
2021091901,3112,52441,Tee Higgins,2,3
2021091901,3112,53434,Ja'Marr Chase,2,3
2021091901,3176,41290,Allen Robinson,2,3
2021091901,3176,42899,Damiere Byrd,2,3
2021091901,3176,52581,Darnell Mooney,2,3
2021091901,3198,40026,Marquise Goodwin,2,3
2021091901,3198,41290,Allen Robinson,2,3
2021091901,3198,52581,Darnell Mooney,2,3
2021091901,3233,41290,Allen Robinson,2,3
2021091901,3233,42899,Damiere Byrd,2,3
2021091901,3233,52581,Darnell Mooney,2,0
2021091901,3291,43344,Tyler Boyd,2,3
2021091901,3291,52441,Tee Higgins,2,3
2021091901,3291,53434,Ja'Marr Chase,2,3
2021091901,3370,40026,Marquise Goodwin,2,3
2021091901,3370,41290,Allen Robinson,2,3
2021091901,3370,52581,Darnell Mooney,2,3
2021091901,3441,43344,Tyler Boyd,2,3
2021091901,3441,52441,Tee Higgins,2,3
2021091901,3441,53434,Ja'Marr Chase,2,3
2021091901,3492,43344,Tyler Boyd,2,3
2021091901,3492,43495,Mike Thomas,2,3
2021091901,3492,53434,Ja'Marr Chase,2,3
2021091901,3535,43344,Tyler Boyd,2,3
2021091901,3535,43495,Mike Thomas,2,3
2021091901,3535,53434,Ja'Marr Chase,2,3
2021091901,3564,43344,Tyler Boyd,2,3
2021091901,3564,46322,Auden Tate,2,3
2021091901,3564,53434,Ja'Marr Chase,2,3
2021091901,3691,40026,Marquise Goodwin,2,3
2021091901,3691,41290,Allen Robinson,2,3
2021091901,3691,52581,Darnell Mooney,2,3
2021091901,3717,43344,Tyler Boyd,2,3
2021091901,3717,52441,Tee Higgins,2,3
2021091901,3717,53434,Ja'Marr Chase,2,3
2021091901,3811,41290,Allen Robinson,2,3
2021091901,3811,42899,Damiere Byrd,2,3
2021091901,3811,52581,Darnell Mooney,2,3
2021091902,231,53520,Anthony Schwartz,2,3
2021091902,260,43461,Rashard Higgins,2,3
2021091902,260,52595,Donovan Peoples-Jones,2,3
2021091902,389,41246,Brandin Cooks,2,0
2021091902,389,53518,Nico Collins,2,0
2021091902,434,33566,Danny Amendola,2,3
2021091902,434,41246,Brandin Cooks,2,3
2021091902,434,42419,Chris Conley,2,3
2021091902,479,33566,Danny Amendola,2,3
2021091902,479,41246,Brandin Cooks,2,3
2021091902,479,42419,Chris Conley,2,3
2021091902,503,41246,Brandin Cooks,2,3
2021091902,503,42419,Chris Conley,2,3
2021091902,676,52595,Donovan Peoples-Jones,2,3
2021091902,704,43461,Rashard Higgins,2,3
2021091902,704,52595,Donovan Peoples-Jones,2,3
2021091902,704,53520,Anthony Schwartz,2,3
2021091902,1005,43461,Rashard Higgins,2,3
2021091902,1005,52595,Donovan Peoples-Jones,2,3
2021091902,1005,53520,Anthony Schwartz,2,3
2021091902,1050,52595,Donovan Peoples-Jones,2,3
2021091902,1116,52595,Donovan Peoples-Jones,2,3
2021091902,1138,43461,Rashard Higgins,2,3
2021091902,1138,52595,Donovan Peoples-Jones,2,3
2021091902,1138,53520,Anthony Schwartz,2,1
2021091902,1210,33566,Danny Amendola,2,3
2021091902,1210,41246,Brandin Cooks,2,3
2021091902,1210,42419,Chris Conley,2,3
2021091902,1234,41246,Brandin Cooks,2,1
2021091902,1263,33566,Danny Amendola,2,3
2021091902,1263,41246,Brandin Cooks,2,3
2021091902,1263,42419,Chris Conley,2,3
2021091902,1366,41246,Brandin Cooks,2,3
2021091902,1366,42419,Chris Conley,2,3
2021091902,1436,43461,Rashard Higgins,2,3
2021091902,1595,43461,Rashard Higgins,2,0
2021091902,1595,52595,Donovan Peoples-Jones,2,0
2021091902,1751,33566,Danny Amendola,2,0
2021091902,1751,41246,Brandin Cooks,2,0
2021091902,1751,42419,Chris Conley,2,0
2021091902,2015,35527,Andre Roberts,2,3
2021091902,2015,41246,Brandin Cooks,2,3
2021091902,2015,42419,Chris Conley,2,3
2021091902,2094,53520,Anthony Schwartz,2,3
2021091902,2118,43461,Rashard Higgins,2,3
2021091902,2118,52595,Donovan Peoples-Jones,2,3
2021091902,2118,53520,Anthony Schwartz,2,3
2021091902,2142,43461,Rashard Higgins,2,3
2021091902,2142,52595,Donovan Peoples-Jones,2,3
2021091902,2264,43461,Rashard Higgins,2,1
2021091902,2264,52595,Donovan Peoples-Jones,2,1
2021091902,2444,35527,Andre Roberts,2,3
2021091902,2444,41246,Brandin Cooks,2,3
2021091902,2444,42419,Chris Conley,2,3
2021091902,2635,41246,Brandin Cooks,2,0
2021091902,2635,42419,Chris Conley,2,0
2021091902,2678,35527,Andre Roberts,2,3
2021091902,2678,41246,Brandin Cooks,2,3
2021091902,2678,42419,Chris Conley,2,3
2021091902,2713,35527,Andre Roberts,2,3
2021091902,2713,42419,Chris Conley,2,1
2021091902,2795,41246,Brandin Cooks,2,0
2021091902,2795,42419,Chris Conley,2,1
2021091902,2898,35527,Andre Roberts,2,3
2021091902,2898,41246,Brandin Cooks,2,1
2021091902,2898,42419,Chris Conley,2,3
2021091902,2965,41246,Brandin Cooks,2,3
2021091902,2965,42419,Chris Conley,2,3
2021091902,3052,35527,Andre Roberts,2,3
2021091902,3052,41246,Brandin Cooks,2,3
2021091902,3052,42419,Chris Conley,2,3
2021091902,3136,43461,Rashard Higgins,2,3
2021091902,3136,52595,Donovan Peoples-Jones,2,3
2021091902,3392,35527,Andre Roberts,2,3
2021091902,3392,41246,Brandin Cooks,2,3
2021091902,3392,42419,Chris Conley,2,3
2021091902,3414,35527,Andre Roberts,2,2
2021091902,3414,41246,Brandin Cooks,2,3
2021091902,3414,42419,Chris Conley,2,0
2021091902,3447,35527,Andre Roberts,2,0
2021091902,3447,41246,Brandin Cooks,2,1
2021091902,3447,42419,Chris Conley,2,0
2021091902,3548,43461,Rashard Higgins,2,3
2021091902,3548,52595,Donovan Peoples-Jones,2,3
2021091902,3548,53520,Anthony Schwartz,2,3
2021091902,3651,35527,Andre Roberts,2,3
2021091902,3651,41246,Brandin Cooks,2,3
2021091902,3651,42419,Chris Conley,2,3
2021091902,3675,35527,Andre Roberts,2,3
2021091902,3675,41246,Brandin Cooks,2,1
2021091902,3675,42419,Chris Conley,2,3
2021091902,3710,35527,Andre Roberts,2,0
2021091902,3710,41246,Brandin Cooks,2,0
2021091902,3710,42419,Chris Conley,2,0
2021091902,3732,35527,Andre Roberts,2,1
2021091902,3732,41246,Brandin Cooks,2,0
2021091902,3732,42419,Chris Conley,2,0
2021091902,3761,35527,Andre Roberts,2,0
2021091902,3761,41246,Brandin Cooks,2,0
2021091902,3761,42419,Chris Conley,2,1
2021091902,3852,35527,Andre Roberts,2,3
2021091902,3852,41246,Brandin Cooks,2,3
2021091902,3852,42419,Chris Conley,2,3
2021091903,62,45102,Zach Pascal,2,2
2021091903,62,48118,Ashton Dulin,2,3
2021091903,62,52442,Michael Pittman,2,3
2021091903,181,45102,Zach Pascal,2,3
2021091903,181,52442,Michael Pittman,2,3
2021091903,181,53658,Mike Strachan,2,3
2021091903,329,39989,Robert Woods,2,3
2021091903,329,44881,Cooper Kupp,2,3
2021091903,329,52465,Van Jefferson,2,3
2021091903,353,44881,Cooper Kupp,2,0
2021091903,353,52465,Van Jefferson,2,1
2021091903,377,39989,Robert Woods,2,3
2021091903,377,44881,Cooper Kupp,2,3
2021091903,377,52465,Van Jefferson,2,0
2021091903,471,39989,Robert Woods,2,1
2021091903,471,44881,Cooper Kupp,2,3
2021091903,471,52465,Van Jefferson,2,3
2021091903,564,45102,Zach Pascal,2,3
2021091903,564,52442,Michael Pittman,2,3
2021091903,564,53658,Mike Strachan,2,3
2021091903,588,45102,Zach Pascal,2,3
2021091903,588,52442,Michael Pittman,2,0
2021091903,588,53658,Mike Strachan,2,1
2021091903,633,45102,Zach Pascal,2,3
2021091903,633,52442,Michael Pittman,2,3
2021091903,633,53658,Mike Strachan,2,3
2021091903,676,45102,Zach Pascal,2,3
2021091903,676,52442,Michael Pittman,2,3
2021091903,761,39989,Robert Woods,2,3
2021091903,761,44881,Cooper Kupp,2,3
2021091903,761,52465,Van Jefferson,2,3
2021091903,874,45102,Zach Pascal,2,3
2021091903,874,52442,Michael Pittman,2,3
2021091903,874,53658,Mike Strachan,2,3
2021091903,945,39989,Robert Woods,2,3
2021091903,945,44881,Cooper Kupp,2,1
2021091903,945,52465,Van Jefferson,2,3
2021091903,990,39989,Robert Woods,2,0
2021091903,990,44881,Cooper Kupp,2,1
2021091903,990,52465,Van Jefferson,2,0
2021091903,1035,39989,Robert Woods,2,3
2021091903,1035,44881,Cooper Kupp,2,3
2021091903,1035,52465,Van Jefferson,2,3
2021091903,1080,39989,Robert Woods,2,3
2021091903,1080,44881,Cooper Kupp,2,3
2021091903,1080,52465,Van Jefferson,2,3
2021091903,1149,39989,Robert Woods,2,3
2021091903,1149,44881,Cooper Kupp,2,3
2021091903,1149,52465,Van Jefferson,2,3
2021091903,1199,39989,Robert Woods,2,3
2021091903,1199,44881,Cooper Kupp,2,3
2021091903,1199,52465,Van Jefferson,2,3
2021091903,1266,39989,Robert Woods,2,0
2021091903,1266,44881,Cooper Kupp,2,1
2021091903,1266,52465,Van Jefferson,2,0
2021091903,1352,39989,Robert Woods,2,3
2021091903,1352,44881,Cooper Kupp,2,3
2021091903,1352,52465,Van Jefferson,2,3
2021091903,1380,45102,Zach Pascal,2,3
2021091903,1380,52442,Michael Pittman,2,3
2021091903,1380,53658,Mike Strachan,2,3
2021091903,1404,45102,Zach Pascal,2,0
2021091903,1404,52442,Michael Pittman,2,3
2021091903,1404,53658,Mike Strachan,2,0
2021091903,1426,45102,Zach Pascal,2,0
2021091903,1426,52442,Michael Pittman,2,0
2021091903,1426,53658,Mike Strachan,2,0
2021091903,1515,45102,Zach Pascal,2,3
2021091903,1515,48118,Ashton Dulin,2,3
2021091903,1515,52442,Michael Pittman,2,3
2021091903,1539,45102,Zach Pascal,2,3
2021091903,1539,48118,Ashton Dulin,2,3
2021091903,1539,52442,Michael Pittman,2,3
2021091903,1568,45102,Zach Pascal,2,0
2021091903,1568,48118,Ashton Dulin,2,0
2021091903,1568,52442,Michael Pittman,2,0
2021091903,1613,45102,Zach Pascal,2,3
2021091903,1613,52442,Michael Pittman,2,3
2021091903,1613,53658,Mike Strachan,2,3
2021091903,1694,39989,Robert Woods,2,3
2021091903,1694,44881,Cooper Kupp,2,3
2021091903,1694,52465,Van Jefferson,2,3
2021091903,1898,45102,Zach Pascal,2,3
2021091903,1898,48118,Ashton Dulin,2,3
2021091903,1898,52442,Michael Pittman,2,3
2021091903,1988,39989,Robert Woods,2,3
2021091903,1988,44881,Cooper Kupp,2,3
2021091903,1988,52465,Van Jefferson,2,3
2021091903,2010,39989,Robert Woods,2,3
2021091903,2010,44881,Cooper Kupp,2,1
2021091903,2010,52465,Van Jefferson,2,3
2021091903,2148,45102,Zach Pascal,2,0
2021091903,2148,52442,Michael Pittman,2,1
2021091903,2172,45102,Zach Pascal,2,3
2021091903,2172,52442,Michael Pittman,2,3
2021091903,2172,53658,Mike Strachan,2,3
2021091903,2319,45102,Zach Pascal,2,3
2021091903,2319,48118,Ashton Dulin,2,3
2021091903,2319,52442,Michael Pittman,2,3
2021091903,2387,39989,Robert Woods,2,1
2021091903,2387,44881,Cooper Kupp,2,0
2021091903,2387,52465,Van Jefferson,2,3
2021091903,2409,39989,Robert Woods,2,0
2021091903,2409,44881,Cooper Kupp,2,0
2021091903,2409,52465,Van Jefferson,2,0
2021091903,2449,45102,Zach Pascal,2,3
2021091903,2449,52442,Michael Pittman,2,1
2021091903,2485,45102,Zach Pascal,2,3
2021091903,2485,52442,Michael Pittman,2,3
2021091903,2485,53658,Mike Strachan,2,3
2021091903,2509,48118,Ashton Dulin,2,0
2021091903,2552,45102,Zach Pascal,2,3
2021091903,2552,52442,Michael Pittman,2,0
2021091903,2552,53658,Mike Strachan,2,0
2021091903,2657,39989,Robert Woods,2,3
2021091903,2657,44881,Cooper Kupp,2,3
2021091903,2657,52465,Van Jefferson,2,3
2021091903,2755,39989,Robert Woods,2,3
2021091903,2755,44881,Cooper Kupp,2,3
2021091903,2755,52465,Van Jefferson,2,3
2021091903,2800,39989,Robert Woods,2,0
2021091903,2800,44881,Cooper Kupp,2,3
2021091903,2800,52465,Van Jefferson,2,0
2021091903,2829,39989,Robert Woods,2,3
2021091903,2829,44881,Cooper Kupp,2,3
2021091903,2829,52465,Van Jefferson,2,3
2021091903,3003,45102,Zach Pascal,2,3
2021091903,3003,48118,Ashton Dulin,2,0
2021091903,3003,53658,Mike Strachan,2,1
2021091903,3086,45102,Zach Pascal,2,0
2021091903,3086,48118,Ashton Dulin,2,3
2021091903,3086,52442,Michael Pittman,2,1
2021091903,3142,39989,Robert Woods,2,3
2021091903,3142,44881,Cooper Kupp,2,3
2021091903,3142,52465,Van Jefferson,2,3
2021091903,3164,39989,Robert Woods,2,3
2021091903,3164,44881,Cooper Kupp,2,3
2021091903,3164,52465,Van Jefferson,2,3
2021091903,3209,39989,Robert Woods,2,3
2021091903,3209,44881,Cooper Kupp,2,3
2021091903,3209,52465,Van Jefferson,2,3
2021091903,3233,39989,Robert Woods,2,3
2021091903,3233,44881,Cooper Kupp,2,1
2021091903,3233,52465,Van Jefferson,2,1
2021091903,3479,45102,Zach Pascal,2,3
2021091903,3479,52442,Michael Pittman,2,3
2021091903,3479,53658,Mike Strachan,2,3
2021091903,3501,45102,Zach Pascal,2,3
2021091903,3501,52442,Michael Pittman,2,0
2021091903,3501,53658,Mike Strachan,2,3
2021091903,3662,45102,Zach Pascal,2,3
2021091903,3662,52442,Michael Pittman,2,0
2021091903,3662,53658,Mike Strachan,2,0
2021091903,3684,45102,Zach Pascal,2,3
2021091903,3684,52442,Michael Pittman,2,3
2021091903,3684,53658,Mike Strachan,2,3
2021091904,107,38696,Marvin Jones,2,3
2021091904,107,46130,D.J. Chark,2,3
2021091904,107,52450,Laviska Shenault,2,3
2021091904,131,38696,Marvin Jones,2,3
2021091904,131,44978,Jamal Agnew,2,2
2021091904,131,52450,Laviska Shenault,2,3
2021091904,174,38696,Marvin Jones,2,3
2021091904,174,46130,D.J. Chark,2,3
2021091904,174,52450,Laviska Shenault,2,3
2021091904,237,43312,Laquon Treadwell,2,3
2021091904,237,48601,Tyron Johnson,2,3
2021091904,237,52450,Laviska Shenault,2,3
2021091904,259,38696,Marvin Jones,2,3
2021091904,259,44978,Jamal Agnew,2,3
2021091904,259,46130,D.J. Chark,2,3
2021091904,348,38696,Marvin Jones,2,3
2021091904,348,46130,D.J. Chark,2,3
2021091904,348,52450,Laviska Shenault,2,3
2021091904,420,45267,Tim Patrick,2,1
2021091904,420,46109,Courtland Sutton,2,3
2021091904,444,45267,Tim Patrick,2,1
2021091904,444,46109,Courtland Sutton,2,3
2021091904,498,45267,Tim Patrick,2,3
2021091904,498,46109,Courtland Sutton,2,3
2021091904,498,52454,K.J. Hamler,2,2
2021091904,522,45267,Tim Patrick,2,3
2021091904,594,45267,Tim Patrick,2,0
2021091904,658,45267,Tim Patrick,2,3
2021091904,658,46109,Courtland Sutton,2,3
2021091904,658,52454,K.J. Hamler,2,3
2021091904,682,45267,Tim Patrick,2,3
2021091904,682,46109,Courtland Sutton,2,3
2021091904,682,52454,K.J. Hamler,2,3
2021091904,740,38696,Marvin Jones,2,3
2021091904,740,46130,D.J. Chark,2,1
2021091904,783,38696,Marvin Jones,2,3
2021091904,783,46130,D.J. Chark,2,3
2021091904,783,52450,Laviska Shenault,2,3
2021091904,805,46130,D.J. Chark,2,0
2021091904,805,48601,Tyron Johnson,2,0
2021091904,805,52450,Laviska Shenault,2,0
2021091904,846,45267,Tim Patrick,2,3
2021091904,912,46109,Courtland Sutton,2,1
2021091904,912,52454,K.J. Hamler,2,1
2021091904,936,45267,Tim Patrick,2,3
2021091904,936,46109,Courtland Sutton,2,0
2021091904,936,52454,K.J. Hamler,2,3
2021091904,1058,38696,Marvin Jones,2,1
2021091904,1058,46130,D.J. Chark,2,3
2021091904,1058,52450,Laviska Shenault,2,3
2021091904,1091,38696,Marvin Jones,2,3
2021091904,1091,44978,Jamal Agnew,2,0
2021091904,1091,46130,D.J. Chark,2,3
2021091904,1091,52450,Laviska Shenault,2,1
2021091904,1136,38696,Marvin Jones,2,3
2021091904,1136,46130,D.J. Chark,2,3
2021091904,1136,52450,Laviska Shenault,2,1
2021091904,1200,45267,Tim Patrick,2,0
2021091904,1200,46109,Courtland Sutton,2,0
2021091904,1222,42051,Diontae Spencer,2,3
2021091904,1222,52454,K.J. Hamler,2,3
2021091904,1222,52766,Kendall Hinton,2,3
2021091904,1311,38696,Marvin Jones,2,3
2021091904,1311,46130,D.J. Chark,2,3
2021091904,1311,52450,Laviska Shenault,2,3
2021091904,1379,45267,Tim Patrick,2,3
2021091904,1379,46109,Courtland Sutton,2,3
2021091904,1403,45267,Tim Patrick,2,3
2021091904,1403,46109,Courtland Sutton,2,3
2021091904,1403,52454,K.J. Hamler,2,0
2021091904,1448,45267,Tim Patrick,2,0
2021091904,1448,46109,Courtland Sutton,2,1
2021091904,1448,52454,K.J. Hamler,2,0
2021091904,1472,42051,Diontae Spencer,2,3
2021091904,1472,45267,Tim Patrick,2,3
2021091904,1472,52454,K.J. Hamler,2,1
2021091904,1494,46109,Courtland Sutton,2,3
2021091904,1494,52454,K.J. Hamler,2,3
2021091904,1494,52766,Kendall Hinton,2,3
2021091904,1535,45267,Tim Patrick,2,3
2021091904,1535,46109,Courtland Sutton,2,1
2021091904,1586,38696,Marvin Jones,2,3
2021091904,1586,46130,D.J. Chark,2,3
2021091904,1586,52450,Laviska Shenault,2,3
2021091904,1636,38696,Marvin Jones,2,3
2021091904,1636,46130,D.J. Chark,2,3
2021091904,1636,52450,Laviska Shenault,2,3
2021091904,1660,38696,Marvin Jones,2,3
2021091904,1660,46130,D.J. Chark,2,3
2021091904,1660,52450,Laviska Shenault,2,0
2021091904,1733,38696,Marvin Jones,2,0
2021091904,1733,46130,D.J. Chark,2,0
2021091904,1733,52450,Laviska Shenault,2,3
2021091904,1794,38696,Marvin Jones,2,3
2021091904,1794,46130,D.J. Chark,2,3
2021091904,1794,52450,Laviska Shenault,2,3
2021091904,1854,38696,Marvin Jones,2,3
2021091904,1854,46130,D.J. Chark,2,3
2021091904,1854,52450,Laviska Shenault,2,1
2021091904,1876,38696,Marvin Jones,2,3
2021091904,1876,46130,D.J. Chark,2,3
2021091904,1876,52450,Laviska Shenault,2,3
2021091904,1898,38696,Marvin Jones,2,0
2021091904,1898,46130,D.J. Chark,2,0
2021091904,1898,52450,Laviska Shenault,2,1
2021091904,1940,45267,Tim Patrick,2,0
2021091904,1940,46109,Courtland Sutton,2,3
2021091904,1940,52454,K.J. Hamler,2,3
2021091904,1962,45267,Tim Patrick,2,3
2021091904,1962,46109,Courtland Sutton,2,3
2021091904,1962,52454,K.J. Hamler,2,3
2021091904,1991,45267,Tim Patrick,2,3
2021091904,1991,46109,Courtland Sutton,2,3
2021091904,1991,52454,K.J. Hamler,2,3
2021091904,2030,45267,Tim Patrick,2,0
2021091904,2030,46109,Courtland Sutton,2,0
2021091904,2030,52454,K.J. Hamler,2,0
2021091904,2120,45267,Tim Patrick,2,0
2021091904,2120,46109,Courtland Sutton,2,0
2021091904,2120,52454,K.J. Hamler,2,1
2021091904,2165,45267,Tim Patrick,2,3
2021091904,2216,38696,Marvin Jones,2,3
2021091904,2216,46130,D.J. Chark,2,3
2021091904,2216,52450,Laviska Shenault,2,3
2021091904,2382,45267,Tim Patrick,2,0
2021091904,2382,46109,Courtland Sutton,2,1
2021091904,2382,52454,K.J. Hamler,2,0
2021091904,2616,45267,Tim Patrick,2,3
2021091904,2616,46109,Courtland Sutton,2,3
2021091904,2616,52454,K.J. Hamler,2,3
2021091904,2682,45267,Tim Patrick,2,0
2021091904,2682,46109,Courtland Sutton,2,0
2021091904,2682,52454,K.J. Hamler,2,0
2021091904,2723,45267,Tim Patrick,2,3
2021091904,2723,46109,Courtland Sutton,2,3
2021091904,2723,52454,K.J. Hamler,2,3
2021091904,2841,38696,Marvin Jones,2,3
2021091904,2841,46130,D.J. Chark,2,3
2021091904,2841,52450,Laviska Shenault,2,3
2021091904,2865,38696,Marvin Jones,2,3
2021091904,2865,46130,D.J. Chark,2,3
2021091904,2865,52450,Laviska Shenault,2,3
2021091904,2887,38696,Marvin Jones,2,0
2021091904,2887,46130,D.J. Chark,2,0
2021091904,2887,52450,Laviska Shenault,2,3
2021091904,2939,52454,K.J. Hamler,2,1
2021091904,3049,38696,Marvin Jones,2,3
2021091904,3049,46130,D.J. Chark,2,3
2021091904,3049,52450,Laviska Shenault,2,3
2021091904,3113,38696,Marvin Jones,2,0
2021091904,3113,43312,Laquon Treadwell,2,0
2021091904,3215,38696,Marvin Jones,2,3
2021091904,3215,46130,D.J. Chark,2,3
2021091904,3268,43312,Laquon Treadwell,2,3
2021091904,3268,48601,Tyron Johnson,2,3
2021091904,3268,52450,Laviska Shenault,2,3
2021091904,3336,45267,Tim Patrick,2,0
2021091904,3336,52454,K.J. Hamler,2,3
2021091904,3432,45267,Tim Patrick,2,3
2021091904,3432,46109,Courtland Sutton,2,3
2021091904,3432,52454,K.J. Hamler,2,3
2021091904,3533,45267,Tim Patrick,2,3
2021091904,3533,46109,Courtland Sutton,2,3
2021091904,3533,52454,K.J. Hamler,2,3
2021091904,3676,46109,Courtland Sutton,2,3
2021091904,3676,52454,K.J. Hamler,2,3
2021091905,139,35521,Emmanuel Sanders,2,3
2021091905,139,38947,Cole Beasley,2,3
2021091905,139,42489,Stefon Diggs,2,3
2021091905,247,42357,DeVante Parker,2,3
2021091905,247,53435,Jaylen Waddle,2,2
2021091905,350,41506,Albert Wilson,2,3
2021091905,350,42357,DeVante Parker,2,3
2021091905,350,53435,Jaylen Waddle,2,3
2021091905,378,38947,Cole Beasley,2,3
2021091905,378,44985,Isaiah McKenzie,2,3
2021091905,378,52536,Gabe Davis,2,3
2021091905,448,35521,Emmanuel Sanders,2,3
2021091905,448,42489,Stefon Diggs,2,3
2021091905,472,35521,Emmanuel Sanders,2,0
2021091905,472,38947,Cole Beasley,2,0
2021091905,472,42489,Stefon Diggs,2,0
2021091905,515,35521,Emmanuel Sanders,2,1
2021091905,515,42489,Stefon Diggs,2,2
2021091905,515,44985,Isaiah McKenzie,2,1
2021091905,709,35521,Emmanuel Sanders,2,3
2021091905,709,38947,Cole Beasley,2,3
2021091905,709,42489,Stefon Diggs,2,3
2021091905,805,41506,Albert Wilson,2,3
2021091905,805,42357,DeVante Parker,2,3
2021091905,805,53435,Jaylen Waddle,2,3
2021091905,876,41506,Albert Wilson,2,3
2021091905,876,53435,Jaylen Waddle,2,3
2021091905,923,35521,Emmanuel Sanders,2,1
2021091905,923,38947,Cole Beasley,2,2
2021091905,923,42489,Stefon Diggs,2,1
2021091905,945,35521,Emmanuel Sanders,2,3
2021091905,945,38947,Cole Beasley,2,1
2021091905,945,42489,Stefon Diggs,2,1
2021091905,1008,41506,Albert Wilson,2,3
2021091905,1008,42357,DeVante Parker,2,3
2021091905,1008,53435,Jaylen Waddle,2,3
2021091905,1054,41506,Albert Wilson,2,1
2021091905,1054,42357,DeVante Parker,2,3
2021091905,1054,53435,Jaylen Waddle,2,1
2021091905,1123,41506,Albert Wilson,2,3
2021091905,1123,42357,DeVante Parker,2,3
2021091905,1123,53435,Jaylen Waddle,2,3
2021091905,1189,41506,Albert Wilson,2,3
2021091905,1189,42357,DeVante Parker,2,3
2021091905,1189,53435,Jaylen Waddle,2,3
2021091905,1213,42357,DeVante Parker,2,0
2021091905,1213,48480,Preston Williams,2,0
2021091905,1235,41506,Albert Wilson,2,3
2021091905,1235,53435,Jaylen Waddle,2,3
2021091905,1345,41506,Albert Wilson,2,3
2021091905,1345,42357,DeVante Parker,2,3
2021091905,1345,53435,Jaylen Waddle,2,3
2021091905,1367,41506,Albert Wilson,2,3
2021091905,1367,42357,DeVante Parker,2,3
2021091905,1367,43475,Jakeem Grant,2,3
2021091905,1452,35521,Emmanuel Sanders,2,3
2021091905,1452,38947,Cole Beasley,2,3
2021091905,1452,42489,Stefon Diggs,2,3
2021091905,1452,52536,Gabe Davis,2,3
2021091905,1499,35521,Emmanuel Sanders,2,3
2021091905,1499,38947,Cole Beasley,2,3
2021091905,1499,42489,Stefon Diggs,2,3
2021091905,1521,35521,Emmanuel Sanders,2,3
2021091905,1521,38947,Cole Beasley,2,3
2021091905,1521,42489,Stefon Diggs,2,3
2021091905,1521,52536,Gabe Davis,2,3
2021091905,1587,41506,Albert Wilson,2,3
2021091905,1587,42357,DeVante Parker,2,3
2021091905,1587,53435,Jaylen Waddle,2,3
2021091905,1767,42357,DeVante Parker,2,3
2021091905,1767,53435,Jaylen Waddle,2,3
2021091905,1791,42357,DeVante Parker,2,0
2021091905,1791,53435,Jaylen Waddle,2,3
2021091905,1832,41506,Albert Wilson,2,3
2021091905,1832,42357,DeVante Parker,2,1
2021091905,1832,53435,Jaylen Waddle,2,3
2021091905,1867,41506,Albert Wilson,2,3
2021091905,1867,42357,DeVante Parker,2,3
2021091905,1867,53435,Jaylen Waddle,2,3
2021091905,1910,41506,Albert Wilson,2,3
2021091905,1910,42357,DeVante Parker,2,3
2021091905,1910,53435,Jaylen Waddle,2,3
2021091905,1934,41506,Albert Wilson,2,3
2021091905,1934,42357,DeVante Parker,2,3
2021091905,1934,53435,Jaylen Waddle,2,3
2021091905,1956,42357,DeVante Parker,2,1
2021091905,1956,43475,Jakeem Grant,2,0
2021091905,1956,44931,Mack Hollins,2,0
2021091905,2172,35521,Emmanuel Sanders,2,0
2021091905,2172,38947,Cole Beasley,2,0
2021091905,2172,42489,Stefon Diggs,2,1
2021091905,2261,35521,Emmanuel Sanders,2,1
2021091905,2261,38947,Cole Beasley,2,1
2021091905,2261,42489,Stefon Diggs,2,0
2021091905,2283,35521,Emmanuel Sanders,2,1
2021091905,2283,38947,Cole Beasley,2,3
2021091905,2283,42489,Stefon Diggs,2,3
2021091905,2324,35521,Emmanuel Sanders,2,3
2021091905,2324,38947,Cole Beasley,2,3
2021091905,2324,42489,Stefon Diggs,2,3
2021091905,2438,35521,Emmanuel Sanders,2,3
2021091905,2438,38947,Cole Beasley,2,3
2021091905,2438,42489,Stefon Diggs,2,1
2021091905,2462,35521,Emmanuel Sanders,2,1
2021091905,2462,38947,Cole Beasley,2,3
2021091905,2462,42489,Stefon Diggs,2,3
2021091905,2486,35521,Emmanuel Sanders,2,0
2021091905,2486,38947,Cole Beasley,2,3
2021091905,2486,42489,Stefon Diggs,2,1
2021091905,2543,35521,Emmanuel Sanders,2,2
2021091905,2543,42489,Stefon Diggs,2,3
2021091905,2543,52536,Gabe Davis,2,0
2021091905,2598,35521,Emmanuel Sanders,2,1
2021091905,2598,38947,Cole Beasley,2,3
2021091905,2598,42489,Stefon Diggs,2,3
2021091905,2598,44985,Isaiah McKenzie,2,1
2021091905,2598,52536,Gabe Davis,2,1
2021091905,2623,35521,Emmanuel Sanders,2,3
2021091905,2623,42489,Stefon Diggs,2,3
2021091905,2623,44985,Isaiah McKenzie,2,1
2021091905,2690,41506,Albert Wilson,2,3
2021091905,2690,53435,Jaylen Waddle,2,3
2021091905,2736,41506,Albert Wilson,2,3
2021091905,2736,42357,DeVante Parker,2,3
2021091905,2736,53435,Jaylen Waddle,2,3
2021091905,2826,41506,Albert Wilson,2,3
2021091905,2826,42357,DeVante Parker,2,3
2021091905,2826,53435,Jaylen Waddle,2,3
2021091905,2958,35521,Emmanuel Sanders,2,3
2021091905,2958,38947,Cole Beasley,2,3
2021091905,2958,42489,Stefon Diggs,2,3
2021091905,3049,42357,DeVante Parker,2,3
2021091905,3049,48480,Preston Williams,2,1
2021091905,3049,53435,Jaylen Waddle,2,3
2021091905,3074,42357,DeVante Parker,2,3
2021091905,3074,48480,Preston Williams,2,3
2021091905,3074,53435,Jaylen Waddle,2,3
2021091905,3098,42357,DeVante Parker,2,3
2021091905,3098,48480,Preston Williams,2,3
2021091905,3098,53435,Jaylen Waddle,2,3
2021091905,3122,42357,DeVante Parker,2,3
2021091905,3122,48480,Preston Williams,2,3
2021091905,3122,53435,Jaylen Waddle,2,3
2021091905,3146,42357,DeVante Parker,2,0
2021091905,3146,48480,Preston Williams,2,3
2021091905,3146,53435,Jaylen Waddle,2,0
2021091905,3168,42357,DeVante Parker,2,3
2021091905,3168,48480,Preston Williams,2,3
2021091905,3168,53435,Jaylen Waddle,2,3
2021091905,3281,35521,Emmanuel Sanders,2,0
2021091905,3281,42489,Stefon Diggs,2,3
2021091905,3281,44985,Isaiah McKenzie,2,2
2021091905,3388,35521,Emmanuel Sanders,2,1
2021091905,3388,52536,Gabe Davis,2,3
2021091905,3525,41506,Albert Wilson,2,1
2021091905,3525,42357,DeVante Parker,2,0
2021091905,3525,53435,Jaylen Waddle,2,1
2021091905,3616,35521,Emmanuel Sanders,2,0
2021091905,3616,42489,Stefon Diggs,2,0
2021091905,3659,35521,Emmanuel Sanders,2,3
2021091905,3659,38947,Cole Beasley,2,3
2021091905,3659,52536,Gabe Davis,2,3
2021091905,3730,42818,Jake Kumerow,2,3
2021091905,3730,44985,Isaiah McKenzie,2,1
2021091905,3925,41506,Albert Wilson,2,3
2021091905,3925,44931,Mack Hollins,2,3
2021091905,4000,41506,Albert Wilson,2,3
2021091905,4000,44931,Mack Hollins,2,3
2021091905,4000,48480,Preston Williams,2,0
2021091905,4151,41506,Albert Wilson,2,1
2021091905,4151,44931,Mack Hollins,2,0
2021091905,4151,48480,Preston Williams,2,0
2021091905,4175,41506,Albert Wilson,2,3
2021091905,4175,44931,Mack Hollins,2,3
2021091905,4175,48480,Preston Williams,2,3
2021091905,4203,41506,Albert Wilson,2,1
2021091905,4203,44931,Mack Hollins,2,0
2021091905,4203,48480,Preston Williams,2,0
2021091906,76,42363,Nelson Agholor,2,3
2021091906,76,45185,Kendrick Bourne,2,3
2021091906,76,48097,Jakobi Meyers,2,3
2021091906,126,42363,Nelson Agholor,2,0
2021091906,126,48097,Jakobi Meyers,2,1
2021091906,155,42363,Nelson Agholor,2,3
2021091906,155,45185,Kendrick Bourne,2,3
2021091906,155,48097,Jakobi Meyers,2,3
2021091906,179,42363,Nelson Agholor,2,0
2021091906,179,45185,Kendrick Bourne,2,0
2021091906,238,42363,Nelson Agholor,2,3
2021091906,238,48097,Jakobi Meyers,2,3
2021091906,342,44817,Corey Davis,2,3
2021091906,342,53463,Elijah Moore,2,3
2021091906,568,44817,Corey Davis,2,1
2021091906,568,53463,Elijah Moore,2,1
2021091906,639,42363,Nelson Agholor,2,1
2021091906,639,45185,Kendrick Bourne,2,0
2021091906,924,44817,Corey Davis,2,1
2021091906,924,46279,Braxton Berrios,2,3
2021091906,924,53463,Elijah Moore,2,3
2021091906,1260,44817,Corey Davis,2,3
2021091906,1260,46279,Braxton Berrios,2,1
2021091906,1260,53463,Elijah Moore,2,3
2021091906,1331,42363,Nelson Agholor,2,3
2021091906,1331,45185,Kendrick Bourne,2,3
2021091906,1331,48097,Jakobi Meyers,2,3
2021091906,1360,42363,Nelson Agholor,2,3
2021091906,1360,45185,Kendrick Bourne,2,3
2021091906,1360,48097,Jakobi Meyers,2,3
2021091906,1442,44817,Corey Davis,2,3
2021091906,1442,46279,Braxton Berrios,2,3
2021091906,1442,48657,Jeff Smith,2,3
2021091906,1492,44817,Corey Davis,2,3
2021091906,1492,46279,Braxton Berrios,2,3
2021091906,1492,53463,Elijah Moore,2,3
2021091906,1592,42363,Nelson Agholor,2,3
2021091906,1592,45185,Kendrick Bourne,2,3
2021091906,1592,48097,Jakobi Meyers,2,3
2021091906,1616,42363,Nelson Agholor,2,3
2021091906,1616,45185,Kendrick Bourne,2,3
2021091906,1616,48097,Jakobi Meyers,2,3
2021091906,1645,42363,Nelson Agholor,2,1
2021091906,1645,45185,Kendrick Bourne,2,0
2021091906,1645,48097,Jakobi Meyers,2,0
2021091906,1710,45185,Kendrick Bourne,2,2
2021091906,1710,48097,Jakobi Meyers,2,0
2021091906,1710,48988,Gunner Olszewski,2,0
2021091906,1732,42363,Nelson Agholor,2,3
2021091906,1732,45185,Kendrick Bourne,2,3
2021091906,1732,48097,Jakobi Meyers,2,3
2021091906,1761,42363,Nelson Agholor,2,0
2021091906,1761,45185,Kendrick Bourne,2,1
2021091906,1761,48097,Jakobi Meyers,2,3
2021091906,1911,44817,Corey Davis,2,0
2021091906,1911,53463,Elijah Moore,2,0
2021091906,1956,44817,Corey Davis,2,1
2021091906,1956,53463,Elijah Moore,2,2
2021091906,2063,44817,Corey Davis,2,3
2021091906,2063,46279,Braxton Berrios,2,3
2021091906,2063,53463,Elijah Moore,2,3
2021091906,2098,44817,Corey Davis,2,0
2021091906,2098,46279,Braxton Berrios,2,2
2021091906,2098,53463,Elijah Moore,2,0
2021091906,2134,42363,Nelson Agholor,2,0
2021091906,2134,48097,Jakobi Meyers,2,1
2021091906,2298,44817,Corey Davis,2,3
2021091906,2298,46279,Braxton Berrios,2,3
2021091906,2298,53463,Elijah Moore,2,3
2021091906,2373,44817,Corey Davis,2,1
2021091906,2373,53463,Elijah Moore,2,0
2021091906,2427,44817,Corey Davis,2,0
2021091906,2427,53463,Elijah Moore,2,2
2021091906,2512,42363,Nelson Agholor,2,3
2021091906,2512,48097,Jakobi Meyers,2,3
2021091906,2568,42363,Nelson Agholor,2,3
2021091906,2568,45185,Kendrick Bourne,2,3
2021091906,2568,48097,Jakobi Meyers,2,3
2021091906,2649,42363,Nelson Agholor,2,3
2021091906,2649,45185,Kendrick Bourne,2,3
2021091906,2649,48097,Jakobi Meyers,2,1
2021091906,2671,42363,Nelson Agholor,2,3
2021091906,2671,45185,Kendrick Bourne,2,3
2021091906,2671,48097,Jakobi Meyers,2,3
2021091906,2736,44817,Corey Davis,2,3
2021091906,2736,53463,Elijah Moore,2,3
2021091906,2760,44817,Corey Davis,2,1
2021091906,2760,53463,Elijah Moore,2,3
2021091906,2819,45555,Keelan Cole,2,0
2021091906,2819,53463,Elijah Moore,2,1
2021091906,2852,44817,Corey Davis,2,3
2021091906,2852,46279,Braxton Berrios,2,3
2021091906,2852,53463,Elijah Moore,2,3
2021091906,2876,44817,Corey Davis,2,0
2021091906,2876,46279,Braxton Berrios,2,3
2021091906,2876,53463,Elijah Moore,2,0
2021091906,2909,45555,Keelan Cole,2,0
2021091906,2909,46279,Braxton Berrios,2,1
2021091906,2909,48657,Jeff Smith,2,0
2021091906,2955,44817,Corey Davis,2,3
2021091906,2955,46279,Braxton Berrios,2,1
2021091906,2955,53463,Elijah Moore,2,3
2021091906,2979,44817,Corey Davis,2,3
2021091906,2979,46279,Braxton Berrios,2,3
2021091906,2979,53463,Elijah Moore,2,3
2021091906,3050,42363,Nelson Agholor,2,0
2021091906,3050,45185,Kendrick Bourne,2,1
2021091906,3050,48097,Jakobi Meyers,2,1
2021091906,3134,44817,Corey Davis,2,3
2021091906,3134,46279,Braxton Berrios,2,3
2021091906,3134,53463,Elijah Moore,2,1
2021091906,3156,44817,Corey Davis,2,3
2021091906,3156,46279,Braxton Berrios,2,3
2021091906,3156,48657,Jeff Smith,2,3
2021091906,3243,44817,Corey Davis,2,0
2021091906,3243,48657,Jeff Smith,2,1
2021091906,3243,53463,Elijah Moore,2,1
2021091906,3293,45555,Keelan Cole,2,3
2021091906,3293,46279,Braxton Berrios,2,3
2021091906,3293,53463,Elijah Moore,2,3
2021091906,3437,42363,Nelson Agholor,2,3
2021091906,3437,45185,Kendrick Bourne,2,3
2021091906,3437,48097,Jakobi Meyers,2,3
2021091906,3459,42363,Nelson Agholor,2,3
2021091906,3459,45185,Kendrick Bourne,2,3
2021091906,3459,48097,Jakobi Meyers,2,3
2021091906,3500,44817,Corey Davis,2,3
2021091906,3500,46279,Braxton Berrios,2,3
2021091906,3500,53463,Elijah Moore,2,1
2021091906,3522,45555,Keelan Cole,2,3
2021091906,3522,46279,Braxton Berrios,2,3
2021091906,3522,53463,Elijah Moore,2,3
2021091906,3546,45555,Keelan Cole,2,3
2021091906,3546,46279,Braxton Berrios,2,3
2021091906,3546,53463,Elijah Moore,2,3
2021091906,3568,45555,Keelan Cole,2,1
2021091906,3568,46279,Braxton Berrios,2,3
2021091906,3568,48657,Jeff Smith,2,0
2021091906,3807,45555,Keelan Cole,2,3
2021091906,3807,46279,Braxton Berrios,2,3
2021091906,3807,48657,Jeff Smith,2,3
2021091906,3836,45555,Keelan Cole,2,0
2021091906,3836,46279,Braxton Berrios,2,3
2021091906,3836,48657,Jeff Smith,2,3
2021091906,3877,45555,Keelan Cole,2,0
2021091906,3877,46279,Braxton Berrios,2,0
2021091906,3877,48657,Jeff Smith,2,0
2021091906,3942,46279,Braxton Berrios,2,3
2021091906,3942,48657,Jeff Smith,2,1
2021091906,3942,53463,Elijah Moore,2,3
2021091906,3971,46279,Braxton Berrios,2,3
2021091906,3971,48657,Jeff Smith,2,3
2021091906,3971,53463,Elijah Moore,2,3
2021091907,98,38613,Mohamed Sanu,2,3
2021091907,98,47819,Deebo Samuel,2,3
2021091907,98,52433,Brandon Aiyuk,2,3
2021091907,194,52608,Quez Watkins,2,3
2021091907,194,53439,DeVonta Smith,2,3
2021091907,233,52608,Quez Watkins,2,0
2021091907,233,53439,DeVonta Smith,2,0
2021091907,360,38613,Mohamed Sanu,2,3
2021091907,360,47819,Deebo Samuel,2,3
2021091907,360,52433,Brandon Aiyuk,2,3
2021091907,418,52608,Quez Watkins,2,1
2021091907,418,53439,DeVonta Smith,2,3
2021091907,463,45607,Greg Ward,2,3
2021091907,463,52429,Jalen Reagor,2,3
2021091907,463,53439,DeVonta Smith,2,3
2021091907,567,45607,Greg Ward,2,1
2021091907,567,52429,Jalen Reagor,2,1
2021091907,567,53439,DeVonta Smith,2,1
2021091907,711,46671,Trent Sherfield,2,3
2021091907,735,52433,Brandon Aiyuk,2,3
2021091907,757,38613,Mohamed Sanu,2,0
2021091907,757,47819,Deebo Samuel,2,3
2021091907,757,52433,Brandon Aiyuk,2,0
2021091907,821,52429,Jalen Reagor,2,3
2021091907,821,53439,DeVonta Smith,2,3
2021091907,869,45607,Greg Ward,2,0
2021091907,869,52429,Jalen Reagor,2,0
2021091907,869,53439,DeVonta Smith,2,0
2021091907,919,52429,Jalen Reagor,2,3
2021091907,919,52608,Quez Watkins,2,0
2021091907,919,53439,DeVonta Smith,2,0
2021091907,960,52429,Jalen Reagor,2,3
2021091907,960,52608,Quez Watkins,2,3
2021091907,960,53439,DeVonta Smith,2,3
2021091907,1134,47819,Deebo Samuel,2,3
2021091907,1134,52433,Brandon Aiyuk,2,3
2021091907,1215,47819,Deebo Samuel,2,3
2021091907,1270,46671,Trent Sherfield,2,3
2021091907,1270,47819,Deebo Samuel,2,3
2021091907,1348,46671,Trent Sherfield,2,0
2021091907,1348,47819,Deebo Samuel,2,1
2021091907,1374,46671,Trent Sherfield,2,0
2021091907,1374,47819,Deebo Samuel,2,3
2021091907,1438,52429,Jalen Reagor,2,3
2021091907,1438,52608,Quez Watkins,2,3
2021091907,1438,53439,DeVonta Smith,2,3
2021091907,1507,52429,Jalen Reagor,2,3
2021091907,1507,53439,DeVonta Smith,2,3
2021091907,1675,38613,Mohamed Sanu,2,3
2021091907,1675,47819,Deebo Samuel,2,3
2021091907,1675,52433,Brandon Aiyuk,2,3
2021091907,1812,38613,Mohamed Sanu,2,3
2021091907,1812,47819,Deebo Samuel,2,3
2021091907,1812,52433,Brandon Aiyuk,2,3
2021091907,1925,38613,Mohamed Sanu,2,3
2021091907,1925,46671,Trent Sherfield,2,3
2021091907,1925,47819,Deebo Samuel,2,3
2021091907,1954,38613,Mohamed Sanu,2,1
2021091907,1954,46671,Trent Sherfield,2,3
2021091907,1954,52625,Jauan Jennings,2,3
2021091907,2086,52608,Quez Watkins,2,0
2021091907,2115,45607,Greg Ward,2,0
2021091907,2115,52429,Jalen Reagor,2,1
2021091907,2115,53439,DeVonta Smith,2,0
2021091907,2217,46671,Trent Sherfield,2,3
2021091907,2217,47819,Deebo Samuel,2,1
2021091907,2334,38613,Mohamed Sanu,2,3
2021091907,2334,47819,Deebo Samuel,2,3
2021091907,2334,52433,Brandon Aiyuk,2,3
2021091907,2527,52429,Jalen Reagor,2,3
2021091907,2527,52608,Quez Watkins,2,3
2021091907,2527,53439,DeVonta Smith,2,3
2021091907,2572,52429,Jalen Reagor,2,3
2021091907,2572,52608,Quez Watkins,2,3
2021091907,2572,53439,DeVonta Smith,2,3
2021091907,2594,52429,Jalen Reagor,2,3
2021091907,2594,52608,Quez Watkins,2,3
2021091907,2594,53439,DeVonta Smith,2,3
2021091907,2641,47819,Deebo Samuel,2,2
2021091907,2641,52433,Brandon Aiyuk,2,3
2021091907,2731,38613,Mohamed Sanu,2,3
2021091907,2731,47819,Deebo Samuel,2,3
2021091907,2731,52433,Brandon Aiyuk,2,3
2021091907,2819,38613,Mohamed Sanu,2,3
2021091907,2819,47819,Deebo Samuel,2,3
2021091907,2819,52433,Brandon Aiyuk,2,3
2021091907,3014,38613,Mohamed Sanu,2,3
2021091907,3014,47819,Deebo Samuel,2,3
2021091907,3014,52433,Brandon Aiyuk,2,3
2021091907,3156,45607,Greg Ward,2,0
2021091907,3156,52429,Jalen Reagor,2,0
2021091907,3156,53439,DeVonta Smith,2,3
2021091907,3202,52608,Quez Watkins,2,0
2021091907,3202,53439,DeVonta Smith,2,0
2021091907,3603,45607,Greg Ward,2,3
2021091907,3603,52429,Jalen Reagor,2,3
2021091907,3603,53439,DeVonta Smith,2,0
2021091907,3690,52429,Jalen Reagor,2,2
2021091907,3690,52608,Quez Watkins,2,3
2021091907,3690,53439,DeVonta Smith,2,1
2021091907,3804,46671,Trent Sherfield,2,1
2021091907,3804,47819,Deebo Samuel,2,3
2021091908,62,44874,JuJu Smith-Schuster,2,3
2021091908,62,47849,Diontae Johnson,2,3
2021091908,62,52457,Chase Claypool,2,3
2021091908,107,44874,JuJu Smith-Schuster,2,3
2021091908,107,46129,James Washington,2,3
2021091908,107,52457,Chase Claypool,2,3
2021091908,152,44874,JuJu Smith-Schuster,2,3
2021091908,152,47849,Diontae Johnson,2,3
2021091908,152,52457,Chase Claypool,2,3
2021091908,176,44874,JuJu Smith-Schuster,2,3
2021091908,176,47849,Diontae Johnson,2,3
2021091908,176,52457,Chase Claypool,2,3
2021091908,217,52420,Henry Ruggs,2,0
2021091908,248,52420,Henry Ruggs,2,3
2021091908,317,47932,Hunter Renfrow,2,3
2021091908,317,52420,Henry Ruggs,2,3
2021091908,317,52489,Bryan Edwards,2,3
2021091908,409,44874,JuJu Smith-Schuster,2,1
2021091908,409,47849,Diontae Johnson,2,3
2021091908,409,52457,Chase Claypool,2,1
2021091908,473,44874,JuJu Smith-Schuster,2,3
2021091908,473,47849,Diontae Johnson,2,3
2021091908,473,52457,Chase Claypool,2,3
2021091908,497,44874,JuJu Smith-Schuster,2,0
2021091908,497,47849,Diontae Johnson,2,0
2021091908,497,52457,Chase Claypool,2,0
2021091908,523,47932,Hunter Renfrow,2,3
2021091908,523,52420,Henry Ruggs,2,3
2021091908,523,52489,Bryan Edwards,2,3
2021091908,630,47932,Hunter Renfrow,2,3
2021091908,630,52420,Henry Ruggs,2,3
2021091908,630,52489,Bryan Edwards,2,3
2021091908,695,44874,JuJu Smith-Schuster,2,3
2021091908,695,47849,Diontae Johnson,2,3
2021091908,754,44874,JuJu Smith-Schuster,2,3
2021091908,754,47849,Diontae Johnson,2,3
2021091908,918,44874,JuJu Smith-Schuster,2,3
2021091908,918,47849,Diontae Johnson,2,3
2021091908,918,52457,Chase Claypool,2,3
2021091908,959,44874,JuJu Smith-Schuster,2,3
2021091908,959,47849,Diontae Johnson,2,3
2021091908,959,52457,Chase Claypool,2,3
2021091908,985,44874,JuJu Smith-Schuster,2,3
2021091908,985,47849,Diontae Johnson,2,0
2021091908,985,52457,Chase Claypool,2,0
2021091908,1081,47932,Hunter Renfrow,2,3
2021091908,1081,52489,Bryan Edwards,2,3
2021091908,1175,52489,Bryan Edwards,2,3
2021091908,1231,44874,JuJu Smith-Schuster,2,3
2021091908,1231,47849,Diontae Johnson,2,3
2021091908,1231,52457,Chase Claypool,2,1
2021091908,1302,44874,JuJu Smith-Schuster,2,3
2021091908,1302,46129,James Washington,2,3
2021091908,1302,47849,Diontae Johnson,2,3
2021091908,1326,44874,JuJu Smith-Schuster,2,3
2021091908,1326,47849,Diontae Johnson,2,3
2021091908,1326,52457,Chase Claypool,2,3
2021091908,1443,52420,Henry Ruggs,2,3
2021091908,1443,52489,Bryan Edwards,2,3
2021091908,1472,47932,Hunter Renfrow,2,3
2021091908,1472,52420,Henry Ruggs,2,0
2021091908,1472,52489,Bryan Edwards,2,3
2021091908,1496,52420,Henry Ruggs,2,3
2021091908,1520,52489,Bryan Edwards,2,3
2021091908,1554,47932,Hunter Renfrow,2,3
2021091908,1554,52420,Henry Ruggs,2,1
2021091908,1554,52489,Bryan Edwards,2,1
2021091908,1578,47932,Hunter Renfrow,2,3
2021091908,1578,52420,Henry Ruggs,2,3
2021091908,1578,52489,Bryan Edwards,2,3
2021091908,1640,47932,Hunter Renfrow,2,3
2021091908,1640,52489,Bryan Edwards,2,3
2021091908,1686,41500,Willie Snead,2,3
2021091908,1686,52420,Henry Ruggs,2,3
2021091908,1686,52489,Bryan Edwards,2,3
2021091908,1796,52420,Henry Ruggs,2,3
2021091908,1796,52489,Bryan Edwards,2,3
2021091908,1832,47932,Hunter Renfrow,2,3
2021091908,1832,52420,Henry Ruggs,2,3
2021091908,1832,52489,Bryan Edwards,2,3
2021091908,1991,52420,Henry Ruggs,2,3
2021091908,2036,41500,Willie Snead,2,3
2021091908,2036,47932,Hunter Renfrow,2,3
2021091908,2036,52489,Bryan Edwards,2,3
2021091908,2060,47932,Hunter Renfrow,2,3
2021091908,2060,52420,Henry Ruggs,2,3
2021091908,2060,52489,Bryan Edwards,2,3
2021091908,2103,47932,Hunter Renfrow,2,0
2021091908,2103,52420,Henry Ruggs,2,0
2021091908,2103,52489,Bryan Edwards,2,0
2021091908,2144,44874,JuJu Smith-Schuster,2,3
2021091908,2144,47849,Diontae Johnson,2,3
2021091908,2144,52457,Chase Claypool,2,3
2021091908,2195,44874,JuJu Smith-Schuster,2,3
2021091908,2195,46129,James Washington,2,3
2021091908,2195,47849,Diontae Johnson,2,3
2021091908,2259,44874,JuJu Smith-Schuster,2,3
2021091908,2259,47849,Diontae Johnson,2,1
2021091908,2259,52457,Chase Claypool,2,3
2021091908,2308,44849,Zay Jones,2,3
2021091908,2308,52489,Bryan Edwards,2,3
2021091908,2332,52420,Henry Ruggs,2,3
2021091908,2332,52489,Bryan Edwards,2,3
2021091908,2375,47932,Hunter Renfrow,2,3
2021091908,2375,52420,Henry Ruggs,2,3
2021091908,2375,52489,Bryan Edwards,2,3
2021091908,2420,41500,Willie Snead,2,3
2021091908,2420,52420,Henry Ruggs,2,3
2021091908,2420,52489,Bryan Edwards,2,3
2021091908,2444,44849,Zay Jones,2,3
2021091908,2444,47932,Hunter Renfrow,2,3
2021091908,2531,44874,JuJu Smith-Schuster,2,3
2021091908,2531,47849,Diontae Johnson,2,3
2021091908,2593,44874,JuJu Smith-Schuster,2,3
2021091908,2593,47849,Diontae Johnson,2,3
2021091908,2593,52457,Chase Claypool,2,3
2021091908,2643,44874,JuJu Smith-Schuster,2,3
2021091908,2643,47849,Diontae Johnson,2,3
2021091908,2643,52457,Chase Claypool,2,3
2021091908,2665,44874,JuJu Smith-Schuster,2,3
2021091908,2665,46129,James Washington,2,3
2021091908,2665,47849,Diontae Johnson,2,1
2021091908,2706,52420,Henry Ruggs,2,3
2021091908,2706,52489,Bryan Edwards,2,3
2021091908,2754,47932,Hunter Renfrow,2,3
2021091908,2754,52420,Henry Ruggs,2,3
2021091908,2754,52489,Bryan Edwards,2,3
2021091908,2803,52420,Henry Ruggs,2,3
2021091908,2803,52489,Bryan Edwards,2,3
2021091908,2827,47932,Hunter Renfrow,2,3
2021091908,2827,52420,Henry Ruggs,2,3
2021091908,2827,52489,Bryan Edwards,2,3
2021091908,2872,47932,Hunter Renfrow,2,3
2021091908,2872,52420,Henry Ruggs,2,3
2021091908,2872,52489,Bryan Edwards,2,3
2021091908,2932,44874,JuJu Smith-Schuster,2,0
2021091908,2932,47849,Diontae Johnson,2,3
2021091908,2932,52457,Chase Claypool,2,3
2021091908,3009,44874,JuJu Smith-Schuster,2,3
2021091908,3009,46129,James Washington,2,1
2021091908,3009,47849,Diontae Johnson,2,1
2021091908,3031,44874,JuJu Smith-Schuster,2,3
2021091908,3031,47849,Diontae Johnson,2,3
2021091908,3031,52457,Chase Claypool,2,3
2021091908,3110,47932,Hunter Renfrow,2,3
2021091908,3134,47932,Hunter Renfrow,2,3
2021091908,3134,52420,Henry Ruggs,2,3
2021091908,3134,52489,Bryan Edwards,2,3
2021091908,3158,47932,Hunter Renfrow,2,3
2021091908,3158,52420,Henry Ruggs,2,3
2021091908,3158,52489,Bryan Edwards,2,3
2021091908,3203,47932,Hunter Renfrow,2,3
2021091908,3203,52420,Henry Ruggs,2,3
2021091908,3203,52489,Bryan Edwards,2,3
2021091908,3229,47932,Hunter Renfrow,2,3
2021091908,3229,52420,Henry Ruggs,2,3
2021091908,3229,52489,Bryan Edwards,2,3
2021091908,3285,44874,JuJu Smith-Schuster,2,3
2021091908,3285,46129,James Washington,2,3
2021091908,3285,47849,Diontae Johnson,2,3
2021091908,3336,44874,JuJu Smith-Schuster,2,3
2021091908,3336,47849,Diontae Johnson,2,3
2021091908,3336,52457,Chase Claypool,2,1
2021091908,3511,44874,JuJu Smith-Schuster,2,3
2021091908,3511,47849,Diontae Johnson,2,3
2021091908,3511,52457,Chase Claypool,2,3
2021091908,3535,44874,JuJu Smith-Schuster,2,3
2021091908,3535,47849,Diontae Johnson,2,3
2021091908,3535,52457,Chase Claypool,2,3
2021091908,3583,44874,JuJu Smith-Schuster,2,3
2021091908,3583,47849,Diontae Johnson,2,3
2021091908,3583,52457,Chase Claypool,2,3
2021091908,3631,44874,JuJu Smith-Schuster,2,3
2021091908,3631,47849,Diontae Johnson,2,0
2021091908,3631,52457,Chase Claypool,2,0
2021091908,3667,44874,JuJu Smith-Schuster,2,3
2021091908,3667,47849,Diontae Johnson,2,3
2021091908,3667,52457,Chase Claypool,2,3
2021091908,3761,52489,Bryan Edwards,2,3
2021091909,75,40488,Adam Thielen,2,3
2021091909,75,52430,Justin Jefferson,2,3
2021091909,75,52584,K.J. Osborn,2,1
2021091909,146,39973,DeAndre Hopkins,2,3
2021091909,146,46116,Christian Kirk,2,3
2021091909,146,53478,Rondale Moore,2,1
2021091909,362,40488,Adam Thielen,2,3
2021091909,362,52430,Justin Jefferson,2,3
2021091909,386,40488,Adam Thielen,2,3
2021091909,386,52430,Justin Jefferson,2,3
2021091909,386,52584,K.J. Osborn,2,3
2021091909,476,37077,A.J. Green,2,3
2021091909,476,39973,DeAndre Hopkins,2,3
2021091909,476,53478,Rondale Moore,2,3
2021091909,545,37077,A.J. Green,2,3
2021091909,545,39973,DeAndre Hopkins,2,3
2021091909,545,46116,Christian Kirk,2,3
2021091909,545,53478,Rondale Moore,2,1
2021091909,619,37077,A.J. Green,2,0
2021091909,619,39973,DeAndre Hopkins,2,0
2021091909,619,46116,Christian Kirk,2,0
2021091909,641,37077,A.J. Green,2,0
2021091909,641,39973,DeAndre Hopkins,2,1
2021091909,641,46116,Christian Kirk,2,1
2021091909,641,53478,Rondale Moore,2,2
2021091909,754,40488,Adam Thielen,2,0
2021091909,754,52430,Justin Jefferson,2,1
2021091909,889,40488,Adam Thielen,2,3
2021091909,889,52430,Justin Jefferson,2,3
2021091909,1243,40488,Adam Thielen,2,0
2021091909,1243,52430,Justin Jefferson,2,0
2021091909,1325,37077,A.J. Green,2,1
2021091909,1325,39973,DeAndre Hopkins,2,0
2021091909,1325,46116,Christian Kirk,2,0
2021091909,1351,37077,A.J. Green,2,3
2021091909,1351,39973,DeAndre Hopkins,2,3
2021091909,1351,46116,Christian Kirk,2,3
2021091909,1396,37077,A.J. Green,2,3
2021091909,1396,39973,DeAndre Hopkins,2,3
2021091909,1396,46116,Christian Kirk,2,3
2021091909,1441,37077,A.J. Green,2,3
2021091909,1441,39973,DeAndre Hopkins,2,3
2021091909,1441,46116,Christian Kirk,2,3
2021091909,1460,37077,A.J. Green,2,0
2021091909,1460,39973,DeAndre Hopkins,2,0
2021091909,1460,46116,Christian Kirk,2,0
2021091909,1460,53478,Rondale Moore,2,0
2021091909,1797,37077,A.J. Green,2,0
2021091909,1797,39973,DeAndre Hopkins,2,0
2021091909,1797,46116,Christian Kirk,2,0
2021091909,1797,53478,Rondale Moore,2,0
2021091909,1868,40488,Adam Thielen,2,3
2021091909,1868,52430,Justin Jefferson,2,3
2021091909,1868,52584,K.J. Osborn,2,3
2021091909,1897,40488,Adam Thielen,2,1
2021091909,1897,52430,Justin Jefferson,2,3
2021091909,1897,52584,K.J. Osborn,2,3
2021091909,1943,40488,Adam Thielen,2,1
2021091909,1943,52430,Justin Jefferson,2,3
2021091909,1943,52584,K.J. Osborn,2,3
2021091909,2031,40488,Adam Thielen,2,3
2021091909,2031,52430,Justin Jefferson,2,3
2021091909,2031,52584,K.J. Osborn,2,3
2021091909,2053,40488,Adam Thielen,2,3
2021091909,2053,52430,Justin Jefferson,2,3
2021091909,2053,52584,K.J. Osborn,2,3
2021091909,2152,37077,A.J. Green,2,1
2021091909,2152,39973,DeAndre Hopkins,2,3
2021091909,2152,46116,Christian Kirk,2,0
2021091909,2152,53478,Rondale Moore,2,3
2021091909,2273,37077,A.J. Green,2,3
2021091909,2273,39973,DeAndre Hopkins,2,3
2021091909,2273,46116,Christian Kirk,2,3
2021091909,2273,53478,Rondale Moore,2,3
2021091909,2392,39973,DeAndre Hopkins,2,3
2021091909,2392,53478,Rondale Moore,2,2
2021091909,2437,37077,A.J. Green,2,3
2021091909,2437,39973,DeAndre Hopkins,2,3
2021091909,2437,46116,Christian Kirk,2,3
2021091909,2437,53478,Rondale Moore,2,3
2021091909,2482,37077,A.J. Green,2,3
2021091909,2482,39973,DeAndre Hopkins,2,3
2021091909,2605,40488,Adam Thielen,2,3
2021091909,2605,52430,Justin Jefferson,2,3
2021091909,2747,37077,A.J. Green,2,0
2021091909,2747,39973,DeAndre Hopkins,2,3
2021091909,2747,46116,Christian Kirk,2,1
2021091909,2792,37077,A.J. Green,2,3
2021091909,2792,39973,DeAndre Hopkins,2,3
2021091909,2792,46116,Christian Kirk,2,3
2021091909,2847,39973,DeAndre Hopkins,2,0
2021091909,2847,46116,Christian Kirk,2,0
2021091909,2847,53478,Rondale Moore,2,1
2021091909,2895,40488,Adam Thielen,2,3
2021091909,2895,52430,Justin Jefferson,2,3
2021091909,2938,40488,Adam Thielen,2,3
2021091909,2938,52430,Justin Jefferson,2,3
2021091909,2938,52584,K.J. Osborn,2,3
2021091909,3017,40488,Adam Thielen,2,3
2021091909,3017,52430,Justin Jefferson,2,3
2021091909,3017,52584,K.J. Osborn,2,3
2021091909,3056,40488,Adam Thielen,2,3
2021091909,3056,44923,Dede Westbrook,2,3
2021091909,3056,52430,Justin Jefferson,2,3
2021091909,3056,52584,K.J. Osborn,2,3
2021091909,3249,37077,A.J. Green,2,0
2021091909,3249,39973,DeAndre Hopkins,2,0
2021091909,3249,53478,Rondale Moore,2,0
2021091909,3383,40488,Adam Thielen,2,3
2021091909,3383,52430,Justin Jefferson,2,3
2021091909,3433,40488,Adam Thielen,2,3
2021091909,3433,52430,Justin Jefferson,2,3
2021091909,3433,52584,K.J. Osborn,2,3
2021091909,3517,37077,A.J. Green,2,3
2021091909,3517,39973,DeAndre Hopkins,2,3
2021091909,3517,46116,Christian Kirk,2,3
2021091909,3541,37077,A.J. Green,2,3
2021091909,3541,39973,DeAndre Hopkins,2,3
2021091909,3541,46116,Christian Kirk,2,3
2021091909,3589,39973,DeAndre Hopkins,2,3
2021091909,3589,46116,Christian Kirk,2,3
2021091909,3613,37077,A.J. Green,2,1
2021091909,3613,39973,DeAndre Hopkins,2,0
2021091909,3613,46116,Christian Kirk,2,0
2021091909,3613,53478,Rondale Moore,2,1
2021091909,3635,37077,A.J. Green,2,3
2021091909,3635,39973,DeAndre Hopkins,2,3
2021091909,3635,46116,Christian Kirk,2,3
2021091909,3635,53478,Rondale Moore,2,3
2021091909,3697,37077,A.J. Green,2,3
2021091909,3697,39973,DeAndre Hopkins,2,3
2021091909,3697,46116,Christian Kirk,2,3
2021091909,3719,37077,A.J. Green,2,3
2021091909,3719,39973,DeAndre Hopkins,2,3
2021091909,3719,46116,Christian Kirk,2,3
2021091909,3822,40488,Adam Thielen,2,0
2021091909,3822,52430,Justin Jefferson,2,0
2021091909,3822,52584,K.J. Osborn,2,1
2021091909,3867,40488,Adam Thielen,2,3
2021091909,3867,52430,Justin Jefferson,2,3
2021091909,3867,52584,K.J. Osborn,2,3
2021091909,3970,37077,A.J. Green,2,3
2021091909,3970,39973,DeAndre Hopkins,2,1
2021091909,3970,46116,Christian Kirk,2,0
2021091909,3970,53478,Rondale Moore,2,0
2021091909,4036,40488,Adam Thielen,2,3
2021091909,4036,52430,Justin Jefferson,2,3
2021091909,4036,52584,K.J. Osborn,2,3
2021091909,4127,40488,Adam Thielen,2,3
2021091909,4127,52430,Justin Jefferson,2,3
2021091909,4127,52584,K.J. Osborn,2,3
2021091909,4149,40488,Adam Thielen,2,3
2021091909,4149,52430,Justin Jefferson,2,3
2021091909,4149,52584,K.J. Osborn,2,3
2021091909,4180,40488,Adam Thielen,2,3
2021091909,4180,52430,Justin Jefferson,2,1
2021091909,4180,52584,K.J. Osborn,2,1
2021091910,54,41233,Mike Evans,2,0
2021091910,54,44896,Chris Godwin,2,0
2021091910,101,41233,Mike Evans,2,3
2021091910,101,44896,Chris Godwin,2,3
2021091910,125,35634,Antonio Brown,2,1
2021091910,125,41233,Mike Evans,2,3
2021091910,125,44896,Chris Godwin,2,3
2021091910,168,35634,Antonio Brown,2,3
2021091910,168,41233,Mike Evans,2,3
2021091910,168,44896,Chris Godwin,2,3
2021091910,231,46095,Calvin Ridley,2,0
2021091910,281,46095,Calvin Ridley,2,3
2021091910,281,46263,Russell Gage,2,3
2021091910,281,48374,Olamide Zaccheaus,2,3
2021091910,325,35634,Antonio Brown,2,3
2021091910,325,41233,Mike Evans,2,3
2021091910,325,44896,Chris Godwin,2,3
2021091910,404,41233,Mike Evans,2,3
2021091910,404,44896,Chris Godwin,2,1
2021091910,404,52569,Tyler Johnson,2,3
2021091910,451,35634,Antonio Brown,2,3
2021091910,451,41233,Mike Evans,2,3
2021091910,451,44896,Chris Godwin,2,3
2021091910,473,44896,Chris Godwin,2,3
2021091910,508,35634,Antonio Brown,2,0
2021091910,508,41233,Mike Evans,2,0
2021091910,508,44896,Chris Godwin,2,0
2021091910,508,47991,Scott Miller,2,0
2021091910,537,46095,Calvin Ridley,2,3
2021091910,582,46095,Calvin Ridley,2,3
2021091910,582,46263,Russell Gage,2,3
2021091910,582,48374,Olamide Zaccheaus,2,3
2021091910,606,46095,Calvin Ridley,2,0
2021091910,606,46263,Russell Gage,2,3
2021091910,606,48374,Olamide Zaccheaus,2,3
2021091910,628,46095,Calvin Ridley,2,0
2021091910,734,35634,Antonio Brown,2,3
2021091910,734,41233,Mike Evans,2,3
2021091910,734,44896,Chris Godwin,2,3
2021091910,756,41233,Mike Evans,2,3
2021091910,756,44896,Chris Godwin,2,1
2021091910,756,47991,Scott Miller,2,0
2021091910,824,46095,Calvin Ridley,2,3
2021091910,824,46263,Russell Gage,2,3
2021091910,976,35634,Antonio Brown,2,3
2021091910,976,41233,Mike Evans,2,3
2021091910,976,44896,Chris Godwin,2,3
2021091910,1025,41233,Mike Evans,2,3
2021091910,1025,44896,Chris Godwin,2,1
2021091910,1125,46095,Calvin Ridley,2,3
2021091910,1125,46263,Russell Gage,2,3
2021091910,1173,46095,Calvin Ridley,2,0
2021091910,1206,48374,Olamide Zaccheaus,2,3
2021091910,1290,41233,Mike Evans,2,0
2021091910,1290,44896,Chris Godwin,2,0
2021091910,1312,35634,Antonio Brown,2,3
2021091910,1312,44896,Chris Godwin,2,3
2021091910,1362,35634,Antonio Brown,2,3
2021091910,1362,41233,Mike Evans,2,3
2021091910,1362,44896,Chris Godwin,2,3
2021091910,1362,47991,Scott Miller,2,3
2021091910,1384,35634,Antonio Brown,2,3
2021091910,1384,44896,Chris Godwin,2,3
2021091910,1384,47991,Scott Miller,2,3
2021091910,1384,52569,Tyler Johnson,2,3
2021091910,1408,35634,Antonio Brown,2,3
2021091910,1408,44896,Chris Godwin,2,3
2021091910,1408,47991,Scott Miller,2,3
2021091910,1408,52569,Tyler Johnson,2,3
2021091910,1449,46095,Calvin Ridley,2,0
2021091910,1449,46263,Russell Gage,2,0
2021091910,1488,43429,Tajae Sharpe,2,3
2021091910,1488,46095,Calvin Ridley,2,3
2021091910,1488,46263,Russell Gage,2,3
2021091910,1552,46095,Calvin Ridley,2,3
2021091910,1552,46263,Russell Gage,2,3
2021091910,1552,48374,Olamide Zaccheaus,2,3
2021091910,1597,46095,Calvin Ridley,2,3
2021091910,1597,48374,Olamide Zaccheaus,2,3
2021091910,1621,46095,Calvin Ridley,2,0
2021091910,1621,48374,Olamide Zaccheaus,2,0
2021091910,1671,46095,Calvin Ridley,2,3
2021091910,1754,35634,Antonio Brown,2,3
2021091910,1754,41233,Mike Evans,2,3
2021091910,1754,44896,Chris Godwin,2,3
2021091910,1799,35634,Antonio Brown,2,0
2021091910,1799,41233,Mike Evans,2,3
2021091910,1799,44896,Chris Godwin,2,3
2021091910,1840,44896,Chris Godwin,2,1
2021091910,1942,41233,Mike Evans,2,3
2021091910,1942,44896,Chris Godwin,2,3
2021091910,2009,46095,Calvin Ridley,2,3
2021091910,2009,46394,Christian Blake,2,3
2021091910,2009,48374,Olamide Zaccheaus,2,3
2021091910,2033,46095,Calvin Ridley,2,3
2021091910,2033,46394,Christian Blake,2,3
2021091910,2033,48374,Olamide Zaccheaus,2,3
2021091910,2074,46095,Calvin Ridley,2,3
2021091910,2074,46394,Christian Blake,2,3
2021091910,2074,48374,Olamide Zaccheaus,2,3
2021091910,2125,46095,Calvin Ridley,2,3
2021091910,2125,46394,Christian Blake,2,3
2021091910,2125,48374,Olamide Zaccheaus,2,3
2021091910,2158,46095,Calvin Ridley,2,3
2021091910,2158,46394,Christian Blake,2,3
2021091910,2158,48374,Olamide Zaccheaus,2,3
2021091910,2287,46095,Calvin Ridley,2,3
2021091910,2287,46263,Russell Gage,2,3
2021091910,2313,35634,Antonio Brown,2,3
2021091910,2313,41233,Mike Evans,2,3
2021091910,2313,44896,Chris Godwin,2,3
2021091910,2335,41233,Mike Evans,2,3
2021091910,2335,44896,Chris Godwin,2,3
2021091910,2380,41233,Mike Evans,2,1
2021091910,2380,44896,Chris Godwin,2,2
2021091910,2471,46095,Calvin Ridley,2,3
2021091910,2471,46263,Russell Gage,2,0
2021091910,2519,46095,Calvin Ridley,2,3
2021091910,2519,46263,Russell Gage,2,3
2021091910,2548,46095,Calvin Ridley,2,3
2021091910,2548,46263,Russell Gage,2,3
2021091910,2582,43429,Tajae Sharpe,2,3
2021091910,2582,46263,Russell Gage,2,3
2021091910,2582,48374,Olamide Zaccheaus,2,3
2021091910,2611,46095,Calvin Ridley,2,3
2021091910,2611,46263,Russell Gage,2,3
2021091910,2661,46095,Calvin Ridley,2,3
2021091910,2683,46095,Calvin Ridley,2,0
2021091910,2683,46263,Russell Gage,2,3
2021091910,2683,48374,Olamide Zaccheaus,2,3
2021091910,2707,46095,Calvin Ridley,2,3
2021091910,2707,46263,Russell Gage,2,3
2021091910,2757,46095,Calvin Ridley,2,3
2021091910,2757,46263,Russell Gage,2,3
2021091910,2757,48374,Olamide Zaccheaus,2,3
2021091910,2781,46095,Calvin Ridley,2,3
2021091910,2781,46263,Russell Gage,2,3
2021091910,2781,48374,Olamide Zaccheaus,2,3
2021091910,2885,35634,Antonio Brown,2,3
2021091910,2885,41233,Mike Evans,2,3
2021091910,2885,44896,Chris Godwin,2,3
2021091910,2885,47991,Scott Miller,2,3
2021091910,3027,46095,Calvin Ridley,2,3
2021091910,3027,46263,Russell Gage,2,3
2021091910,3027,48374,Olamide Zaccheaus,2,3
2021091910,3049,46095,Calvin Ridley,2,3
2021091910,3049,46263,Russell Gage,2,3
2021091910,3049,48374,Olamide Zaccheaus,2,3
2021091910,3094,46095,Calvin Ridley,2,3
2021091910,3094,46263,Russell Gage,2,3
2021091910,3129,46263,Russell Gage,2,3
2021091910,3129,46394,Christian Blake,2,0
2021091910,3195,41233,Mike Evans,2,3
2021091910,3195,44896,Chris Godwin,2,3
2021091910,3195,47991,Scott Miller,2,1
2021091910,3343,41233,Mike Evans,2,3
2021091910,3343,44896,Chris Godwin,2,3
2021091910,3427,46095,Calvin Ridley,2,3
2021091910,3451,46095,Calvin Ridley,2,3
2021091910,3451,46263,Russell Gage,2,3
2021091910,3514,41233,Mike Evans,2,1
2021091910,3540,35634,Antonio Brown,2,3
2021091910,3540,44896,Chris Godwin,2,1
2021091910,3540,47991,Scott Miller,2,3
2021091910,3564,35634,Antonio Brown,2,3
2021091910,3564,41233,Mike Evans,2,3
2021091910,3564,44896,Chris Godwin,2,3
2021091910,3644,46095,Calvin Ridley,2,0
2021091910,3644,48374,Olamide Zaccheaus,2,2
2021091910,3672,46095,Calvin Ridley,2,3
2021091910,3672,46263,Russell Gage,2,3
2021091910,3672,48374,Olamide Zaccheaus,2,3
2021091910,3730,46095,Calvin Ridley,2,3
2021091910,3730,48374,Olamide Zaccheaus,2,3
2021091910,3775,43429,Tajae Sharpe,2,3
2021091910,3775,46095,Calvin Ridley,2,3
2021091910,3775,48374,Olamide Zaccheaus,2,3
2021091910,3804,43429,Tajae Sharpe,2,0
2021091910,3804,46095,Calvin Ridley,2,3
2021091910,3804,48374,Olamide Zaccheaus,2,0
2021091910,3828,43429,Tajae Sharpe,2,3
2021091910,3828,46095,Calvin Ridley,2,3
2021091910,3828,48374,Olamide Zaccheaus,2,3
2021091910,3871,41233,Mike Evans,2,3
2021091910,3871,44896,Chris Godwin,2,3
2021091910,3893,41233,Mike Evans,2,3
2021091910,3893,44896,Chris Godwin,2,3
2021091910,3893,47991,Scott Miller,2,3
2021091910,3938,43429,Tajae Sharpe,2,3
2021091910,3938,46095,Calvin Ridley,2,3
2021091910,3938,48374,Olamide Zaccheaus,2,3
2021091910,4078,43429,Tajae Sharpe,2,3
2021091910,4078,46394,Christian Blake,2,3
2021091910,4138,43429,Tajae Sharpe,2,3
2021091910,4138,46394,Christian Blake,2,3
2021091910,4138,48374,Olamide Zaccheaus,2,3
2021091911,82,42347,Amari Cooper,2,3
2021091911,82,52425,CeeDee Lamb,2,3
2021091911,127,42347,Amari Cooper,2,3
2021091911,127,46277,Cedrick Wilson,2,2
2021091911,127,52425,CeeDee Lamb,2,3
2021091911,202,42347,Amari Cooper,2,3
2021091911,202,46277,Cedrick Wilson,2,3
2021091911,202,52425,CeeDee Lamb,2,3
2021091911,256,42347,Amari Cooper,2,3
2021091911,256,46277,Cedrick Wilson,2,3
2021091911,256,52425,CeeDee Lamb,2,3
2021091911,322,42347,Amari Cooper,2,3
2021091911,322,46277,Cedrick Wilson,2,1
2021091911,322,52425,CeeDee Lamb,2,3
2021091911,367,42347,Amari Cooper,2,3
2021091911,367,46277,Cedrick Wilson,2,3
2021091911,367,52425,CeeDee Lamb,2,3
2021091911,389,42347,Amari Cooper,2,3
2021091911,389,46277,Cedrick Wilson,2,3
2021091911,389,52425,CeeDee Lamb,2,3
2021091911,492,40024,Keenan Allen,2,0
2021091911,492,44819,Mike Williams,2,0
2021091911,492,48556,Jalen Guyton,2,1
2021091911,521,40024,Keenan Allen,2,3
2021091911,521,44819,Mike Williams,2,3
2021091911,521,48556,Jalen Guyton,2,1
2021091911,547,42347,Amari Cooper,2,1
2021091911,547,52425,CeeDee Lamb,2,0
2021091911,597,42347,Amari Cooper,2,0
2021091911,597,52425,CeeDee Lamb,2,1
2021091911,652,40024,Keenan Allen,2,1
2021091911,652,44819,Mike Williams,2,1
2021091911,807,42347,Amari Cooper,2,3
2021091911,807,52425,CeeDee Lamb,2,3
2021091911,857,42347,Amari Cooper,2,3
2021091911,857,52425,CeeDee Lamb,2,3
2021091911,881,42347,Amari Cooper,2,1
2021091911,881,52425,CeeDee Lamb,2,3
2021091911,1021,40024,Keenan Allen,2,0
2021091911,1021,48556,Jalen Guyton,2,0
2021091911,1021,53506,Josh Palmer,2,3
2021091911,1080,48556,Jalen Guyton,2,3
2021091911,1143,40024,Keenan Allen,2,3
2021091911,1143,44819,Mike Williams,2,3
2021091911,1171,40024,Keenan Allen,2,3
2021091911,1171,44819,Mike Williams,2,3
2021091911,1171,48556,Jalen Guyton,2,3
2021091911,1238,40024,Keenan Allen,2,3
2021091911,1238,44819,Mike Williams,2,3
2021091911,1238,48556,Jalen Guyton,2,3
2021091911,1323,40024,Keenan Allen,2,0
2021091911,1323,44819,Mike Williams,2,0
2021091911,1323,48556,Jalen Guyton,2,0
2021091911,1433,42347,Amari Cooper,2,3
2021091911,1433,46277,Cedrick Wilson,2,3
2021091911,1433,52425,CeeDee Lamb,2,3
2021091911,1499,42347,Amari Cooper,2,3
2021091911,1499,46277,Cedrick Wilson,2,2
2021091911,1499,52425,CeeDee Lamb,2,3
2021091911,1544,42347,Amari Cooper,2,0
2021091911,1544,46277,Cedrick Wilson,2,3
2021091911,1544,52425,CeeDee Lamb,2,1
2021091911,1647,42347,Amari Cooper,2,3
2021091911,1647,46277,Cedrick Wilson,2,1
2021091911,1647,52425,CeeDee Lamb,2,0
2021091911,1671,42347,Amari Cooper,2,3
2021091911,1671,46277,Cedrick Wilson,2,3
2021091911,1671,52425,CeeDee Lamb,2,3
2021091911,1714,40024,Keenan Allen,2,3
2021091911,1714,44819,Mike Williams,2,3
2021091911,1714,48556,Jalen Guyton,2,3
2021091911,1794,40024,Keenan Allen,2,3
2021091911,1794,48556,Jalen Guyton,2,1
2021091911,1794,53506,Josh Palmer,2,3
2021091911,1924,40024,Keenan Allen,2,3
2021091911,1924,44819,Mike Williams,2,3
2021091911,1924,48556,Jalen Guyton,2,3
2021091911,1948,40024,Keenan Allen,2,3
2021091911,1948,44819,Mike Williams,2,3
2021091911,1948,48556,Jalen Guyton,2,3
2021091911,1998,40024,Keenan Allen,2,3
2021091911,1998,48556,Jalen Guyton,2,3
2021091911,1998,53506,Josh Palmer,2,3
2021091911,2062,40024,Keenan Allen,2,0
2021091911,2062,44819,Mike Williams,2,0
2021091911,2062,48556,Jalen Guyton,2,0
2021091911,2084,40024,Keenan Allen,2,3
2021091911,2084,44819,Mike Williams,2,3
2021091911,2084,48556,Jalen Guyton,2,3
2021091911,2271,40024,Keenan Allen,2,3
2021091911,2271,44819,Mike Williams,2,3
2021091911,2343,40024,Keenan Allen,2,1
2021091911,2343,44819,Mike Williams,2,0
2021091911,2417,40024,Keenan Allen,2,3
2021091911,2417,44819,Mike Williams,2,3
2021091911,2417,48556,Jalen Guyton,2,1
2021091911,2439,40024,Keenan Allen,2,0
2021091911,2439,48556,Jalen Guyton,2,0
2021091911,2439,53506,Josh Palmer,2,3
2021091911,2468,44819,Mike Williams,2,1
2021091911,2468,48556,Jalen Guyton,2,3
2021091911,2513,40024,Keenan Allen,2,3
2021091911,2513,44819,Mike Williams,2,3
2021091911,2558,40024,Keenan Allen,2,3
2021091911,2558,44819,Mike Williams,2,3
2021091911,2558,48556,Jalen Guyton,2,3
2021091911,2558,53506,Josh Palmer,2,3
2021091911,2635,42347,Amari Cooper,2,3
2021091911,2635,46277,Cedrick Wilson,2,2
2021091911,2635,52425,CeeDee Lamb,2,3
2021091911,2842,40024,Keenan Allen,2,3
2021091911,2842,44819,Mike Williams,2,3
2021091911,2842,48556,Jalen Guyton,2,3
2021091911,2866,44819,Mike Williams,2,1
2021091911,2890,48556,Jalen Guyton,2,1
2021091911,2890,53506,Josh Palmer,2,3
2021091911,2944,40024,Keenan Allen,2,3
2021091911,2944,44819,Mike Williams,2,0
2021091911,2966,40024,Keenan Allen,2,3
2021091911,2966,48556,Jalen Guyton,2,3
2021091911,2966,53506,Josh Palmer,2,3
2021091911,3024,40024,Keenan Allen,2,2
2021091911,3024,44819,Mike Williams,2,1
2021091911,3066,40024,Keenan Allen,2,3
2021091911,3066,48556,Jalen Guyton,2,3
2021091911,3066,53506,Josh Palmer,2,3
2021091911,3101,40024,Keenan Allen,2,3
2021091911,3101,44819,Mike Williams,2,3
2021091911,3101,48556,Jalen Guyton,2,3
2021091911,3136,40024,Keenan Allen,2,3
2021091911,3136,44819,Mike Williams,2,3
2021091911,3136,48556,Jalen Guyton,2,1
2021091911,3158,40024,Keenan Allen,2,3
2021091911,3158,44819,Mike Williams,2,3
2021091911,3158,48556,Jalen Guyton,2,3
2021091911,3323,42347,Amari Cooper,2,3
2021091911,3323,45052,Noah Brown,2,3
2021091911,3323,52425,CeeDee Lamb,2,3
2021091911,3368,42347,Amari Cooper,2,3
2021091911,3368,45052,Noah Brown,2,1
2021091911,3368,52425,CeeDee Lamb,2,3
2021091911,3506,40024,Keenan Allen,2,1
2021091911,3506,44819,Mike Williams,2,3
2021091911,3506,48556,Jalen Guyton,2,3
2021091911,3530,40024,Keenan Allen,2,3
2021091911,3530,44819,Mike Williams,2,3
2021091911,3530,53506,Josh Palmer,2,3
2021091911,3629,40024,Keenan Allen,2,0
2021091911,3629,44819,Mike Williams,2,0
2021091911,3707,40024,Keenan Allen,2,3
2021091911,3707,44819,Mike Williams,2,3
2021091911,3707,48556,Jalen Guyton,2,3
2021091911,3758,40024,Keenan Allen,2,3
2021091911,3758,48556,Jalen Guyton,2,3
2021091911,3758,53506,Josh Palmer,2,3
2021091911,3855,42347,Amari Cooper,2,3
2021091911,3855,46277,Cedrick Wilson,2,3
2021091911,3855,52425,CeeDee Lamb,2,3
2021091911,3879,42347,Amari Cooper,2,3
2021091911,3879,46277,Cedrick Wilson,2,3
2021091911,3879,52425,CeeDee Lamb,2,3
2021091911,3988,42347,Amari Cooper,2,3
2021091911,3988,46277,Cedrick Wilson,2,3
2021091911,3988,52425,CeeDee Lamb,2,3
2021091911,4012,42347,Amari Cooper,2,3
2021091911,4012,46277,Cedrick Wilson,2,3
2021091911,4012,52425,CeeDee Lamb,2,3
2021091911,4057,45052,Noah Brown,2,3
2021091911,4057,46277,Cedrick Wilson,2,3
2021091911,4057,52425,CeeDee Lamb,2,3
2021091912,76,42412,Tyler Lockett,2,3
2021091912,76,47847,DK Metcalf,2,3
2021091912,204,37079,Julio Jones,2,3
2021091912,204,43556,Chester Rogers,2,3
2021091912,204,47834,A.J. Brown,2,3
2021091912,255,42412,Tyler Lockett,2,0
2021091912,255,47847,DK Metcalf,2,0
2021091912,321,42412,Tyler Lockett,2,0
2021091912,321,47847,DK Metcalf,2,2
2021091912,321,52622,Freddie Swain,2,2
2021091912,391,37079,Julio Jones,2,3
2021091912,391,47834,A.J. Brown,2,3
2021091912,391,53074,Nick Westbrook-Ikhine,2,3
2021091912,465,37079,Julio Jones,2,0
2021091912,465,47834,A.J. Brown,2,0
2021091912,508,37079,Julio Jones,2,1
2021091912,508,43556,Chester Rogers,2,0
2021091912,508,47834,A.J. Brown,2,0
2021091912,532,37079,Julio Jones,2,3
2021091912,532,47834,A.J. Brown,2,3
2021091912,577,37079,Julio Jones,2,3
2021091912,577,43556,Chester Rogers,2,3
2021091912,577,47834,A.J. Brown,2,3
2021091912,601,37079,Julio Jones,2,3
2021091912,601,43556,Chester Rogers,2,3
2021091912,601,47834,A.J. Brown,2,3
2021091912,673,37079,Julio Jones,2,3
2021091912,673,43556,Chester Rogers,2,0
2021091912,673,47834,A.J. Brown,2,1
2021091912,695,37079,Julio Jones,2,3
2021091912,695,43556,Chester Rogers,2,3
2021091912,695,47834,A.J. Brown,2,3
2021091912,796,42412,Tyler Lockett,2,3
2021091912,796,47847,DK Metcalf,2,3
2021091912,796,52622,Freddie Swain,2,3
2021091912,841,42412,Tyler Lockett,2,3
2021091912,841,47847,DK Metcalf,2,3
2021091912,841,52622,Freddie Swain,2,3
2021091912,884,42412,Tyler Lockett,2,3
2021091912,884,47847,DK Metcalf,2,3
2021091912,884,52622,Freddie Swain,2,3
2021091912,1091,37079,Julio Jones,2,0
2021091912,1091,47834,A.J. Brown,2,0
2021091912,1115,37079,Julio Jones,2,1
2021091912,1115,47834,A.J. Brown,2,0
2021091912,1282,42412,Tyler Lockett,2,3
2021091912,1282,47847,DK Metcalf,2,3
2021091912,1327,42412,Tyler Lockett,2,0
2021091912,1327,47847,DK Metcalf,2,1
2021091912,1327,52622,Freddie Swain,2,1
2021091912,1411,37079,Julio Jones,2,0
2021091912,1411,47834,A.J. Brown,2,0
2021091912,1597,37079,Julio Jones,2,3
2021091912,1597,47834,A.J. Brown,2,3
2021091912,1642,44930,Josh Reynolds,2,3
2021091912,1642,53074,Nick Westbrook-Ikhine,2,3
2021091912,1746,37079,Julio Jones,2,3
2021091912,1746,43556,Chester Rogers,2,1
2021091912,1746,47834,A.J. Brown,2,3
2021091912,1839,42412,Tyler Lockett,2,3
2021091912,1839,47847,DK Metcalf,2,3
2021091912,1839,52622,Freddie Swain,2,3
2021091912,1897,42412,Tyler Lockett,2,3
2021091912,1897,47847,DK Metcalf,2,3
2021091912,1897,52622,Freddie Swain,2,3
2021091912,1943,42412,Tyler Lockett,2,3
2021091912,1943,47847,DK Metcalf,2,3
2021091912,1943,52622,Freddie Swain,2,3
2021091912,1993,42412,Tyler Lockett,2,3
2021091912,1993,47847,DK Metcalf,2,3
2021091912,1993,52622,Freddie Swain,2,3
2021091912,2015,42412,Tyler Lockett,2,3
2021091912,2015,47847,DK Metcalf,2,3
2021091912,2015,52622,Freddie Swain,2,3
2021091912,2243,37079,Julio Jones,2,3
2021091912,2243,47834,A.J. Brown,2,3
2021091912,2243,53074,Nick Westbrook-Ikhine,2,3
2021091912,2288,37079,Julio Jones,2,3
2021091912,2288,47834,A.J. Brown,2,3
2021091912,2288,53074,Nick Westbrook-Ikhine,2,3
2021091912,2333,37079,Julio Jones,2,3
2021091912,2333,47834,A.J. Brown,2,3
2021091912,2373,37079,Julio Jones,2,3
2021091912,2373,47834,A.J. Brown,2,3
2021091912,2537,42412,Tyler Lockett,2,3
2021091912,2537,47847,DK Metcalf,2,3
2021091912,2537,52622,Freddie Swain,2,3
2021091912,2561,42412,Tyler Lockett,2,0
2021091912,2561,47847,DK Metcalf,2,0
2021091912,2561,52622,Freddie Swain,2,0
2021091912,2618,42412,Tyler Lockett,2,3
2021091912,2618,47847,DK Metcalf,2,3
2021091912,2618,52622,Freddie Swain,2,3
2021091912,2740,37079,Julio Jones,2,3
2021091912,2740,43556,Chester Rogers,2,1
2021091912,2740,47834,A.J. Brown,2,3
2021091912,2764,43556,Chester Rogers,2,3
2021091912,2764,44930,Josh Reynolds,2,3
2021091912,2764,53074,Nick Westbrook-Ikhine,2,3
2021091912,2830,37079,Julio Jones,2,3
2021091912,2830,47834,A.J. Brown,2,3
2021091912,2830,53074,Nick Westbrook-Ikhine,2,3
2021091912,2852,37079,Julio Jones,2,3
2021091912,2852,43556,Chester Rogers,2,3
2021091912,2852,47834,A.J. Brown,2,3
2021091912,2874,37079,Julio Jones,2,3
2021091912,2874,43556,Chester Rogers,2,3
2021091912,2874,47834,A.J. Brown,2,3
2021091912,2919,37079,Julio Jones,2,3
2021091912,2919,43556,Chester Rogers,2,3
2021091912,2919,47834,A.J. Brown,2,3
2021091912,2943,37079,Julio Jones,2,0
2021091912,2943,43556,Chester Rogers,2,0
2021091912,2943,47834,A.J. Brown,2,0
2021091912,3078,42412,Tyler Lockett,2,3
2021091912,3078,47847,DK Metcalf,2,3
2021091912,3078,52622,Freddie Swain,2,3
2021091912,3102,42412,Tyler Lockett,2,1
2021091912,3102,47847,DK Metcalf,2,0
2021091912,3102,52622,Freddie Swain,2,0
2021091912,3158,37079,Julio Jones,2,3
2021091912,3158,47834,A.J. Brown,2,3
2021091912,3261,47847,DK Metcalf,2,3
2021091912,3261,52622,Freddie Swain,2,3
2021091912,3285,42412,Tyler Lockett,2,3
2021091912,3285,47847,DK Metcalf,2,3
2021091912,3285,52622,Freddie Swain,2,3
2021091912,3443,37079,Julio Jones,2,3
2021091912,3443,47834,A.J. Brown,2,0
2021091912,3516,37079,Julio Jones,2,0
2021091912,3516,43556,Chester Rogers,2,3
2021091912,3516,47834,A.J. Brown,2,3
2021091912,3540,37079,Julio Jones,2,0
2021091912,3540,43556,Chester Rogers,2,0
2021091912,3540,47834,A.J. Brown,2,0
2021091912,3597,42412,Tyler Lockett,2,3
2021091912,3597,48119,Penny Hart,2,3
2021091912,3597,52622,Freddie Swain,2,3
2021091912,3619,42412,Tyler Lockett,2,3
2021091912,3619,47847,DK Metcalf,2,3
2021091912,3619,52622,Freddie Swain,2,3
2021091912,3725,37079,Julio Jones,2,3
2021091912,3725,43556,Chester Rogers,2,3
2021091912,3725,47834,A.J. Brown,2,3
2021091912,3773,37079,Julio Jones,2,3
2021091912,3773,43556,Chester Rogers,2,3
2021091912,3773,47834,A.J. Brown,2,3
2021091912,3797,37079,Julio Jones,2,3
2021091912,3797,43556,Chester Rogers,2,3
2021091912,3797,53074,Nick Westbrook-Ikhine,2,3
2021091912,3842,37079,Julio Jones,2,3
2021091912,3842,43556,Chester Rogers,2,3
2021091912,3842,53074,Nick Westbrook-Ikhine,2,3
2021091912,3929,43556,Chester Rogers,2,3
2021091912,3929,44930,Josh Reynolds,2,3
2021091912,3929,47834,A.J. Brown,2,1
2021091912,3953,43556,Chester Rogers,2,3
2021091912,3953,44930,Josh Reynolds,2,3
2021091912,3953,47834,A.J. Brown,2,1
2021091912,4126,42412,Tyler Lockett,2,0
2021091912,4126,47847,DK Metcalf,2,3
2021091912,4126,52622,Freddie Swain,2,0
2021091912,4167,42412,Tyler Lockett,2,0
2021091912,4167,47847,DK Metcalf,2,0
2021091912,4167,52622,Freddie Swain,2,0
2021091912,4335,37079,Julio Jones,2,3
2021091912,4380,37079,Julio Jones,2,3
2021091912,4380,43556,Chester Rogers,2,3
2021091912,4380,47834,A.J. Brown,2,3
2021091912,4445,47834,A.J. Brown,2,1
2021091912,4445,53634,Racey McMath,2,3
2021091912,4489,37079,Julio Jones,2,3
2021091912,4489,43556,Chester Rogers,2,3
2021091912,4489,47834,A.J. Brown,2,1
2021091912,4530,42412,Tyler Lockett,2,2
2021091912,4530,47847,DK Metcalf,2,1
2021091912,4552,42412,Tyler Lockett,2,3
2021091912,4552,47847,DK Metcalf,2,3
2021091912,4552,52622,Freddie Swain,2,3
2021091912,4574,42412,Tyler Lockett,2,0
2021091912,4574,47847,DK Metcalf,2,0
2021091912,4574,52622,Freddie Swain,2,1
2021091913,77,41230,Sammy Watkins,2,3
2021091913,77,47808,Marquise Brown,2,1
2021091913,99,41230,Sammy Watkins,2,3
2021091913,99,52500,Devin Duvernay,2,3
2021091913,99,52609,James Proche,2,3
2021091913,99,53560,Tylan Wallace,2,3
2021091913,397,43415,Demarcus Robinson,2,3
2021091913,397,43454,Tyreek Hill,2,1
2021091913,421,43454,Tyreek Hill,2,0
2021091913,421,46522,Byron Pringle,2,0
2021091913,421,47839,Mecole Hardman,2,3
2021091913,523,43415,Demarcus Robinson,2,0
2021091913,523,43454,Tyreek Hill,2,0
2021091913,579,41230,Sammy Watkins,2,3
2021091913,579,47808,Marquise Brown,2,2
2021091913,734,41230,Sammy Watkins,2,3
2021091913,780,41230,Sammy Watkins,2,3
2021091913,780,47808,Marquise Brown,2,3
2021091913,806,43454,Tyreek Hill,2,0
2021091913,806,47839,Mecole Hardman,2,1
2021091913,865,43454,Tyreek Hill,2,1
2021091913,865,46522,Byron Pringle,2,1
2021091913,865,47839,Mecole Hardman,2,1
2021091913,952,43415,Demarcus Robinson,2,3
2021091913,952,43454,Tyreek Hill,2,3
2021091913,1022,41230,Sammy Watkins,2,3
2021091913,1022,47808,Marquise Brown,2,3
2021091913,1022,52500,Devin Duvernay,2,3
2021091913,1107,43454,Tyreek Hill,2,3
2021091913,1107,46522,Byron Pringle,2,3
2021091913,1107,47839,Mecole Hardman,2,3
2021091913,1152,43415,Demarcus Robinson,2,3
2021091913,1152,43454,Tyreek Hill,2,3
2021091913,1152,47839,Mecole Hardman,2,3
2021091913,1176,43454,Tyreek Hill,2,0
2021091913,1176,47839,Mecole Hardman,2,3
2021091913,1198,43415,Demarcus Robinson,2,3
2021091913,1198,43454,Tyreek Hill,2,3
2021091913,1198,47839,Mecole Hardman,2,1
2021091913,1220,43415,Demarcus Robinson,2,1
2021091913,1220,43454,Tyreek Hill,2,0
2021091913,1220,47839,Mecole Hardman,2,0
2021091913,1328,41230,Sammy Watkins,2,3
2021091913,1328,47808,Marquise Brown,2,0
2021091913,1328,52500,Devin Duvernay,2,0
2021091913,1352,41230,Sammy Watkins,2,3
2021091913,1399,41230,Sammy Watkins,2,3
2021091913,1399,47808,Marquise Brown,2,2
2021091913,1453,41230,Sammy Watkins,2,3
2021091913,1477,41230,Sammy Watkins,2,1
2021091913,1477,47808,Marquise Brown,2,3
2021091913,1606,43454,Tyreek Hill,2,3
2021091913,1606,46522,Byron Pringle,2,3
2021091913,1606,47839,Mecole Hardman,2,3
2021091913,1719,43454,Tyreek Hill,2,3
2021091913,1719,46522,Byron Pringle,2,3
2021091913,1719,47839,Mecole Hardman,2,3
2021091913,1802,41230,Sammy Watkins,2,3
2021091913,1802,47808,Marquise Brown,2,3
2021091913,1802,52500,Devin Duvernay,2,3
2021091913,1866,41230,Sammy Watkins,2,0
2021091913,1866,47808,Marquise Brown,2,3
2021091913,1866,52500,Devin Duvernay,2,3
2021091913,1939,41230,Sammy Watkins,2,3
2021091913,1939,47808,Marquise Brown,2,1
2021091913,1939,52500,Devin Duvernay,2,3
2021091913,2012,41230,Sammy Watkins,2,3
2021091913,2012,47808,Marquise Brown,2,3
2021091913,2012,52609,James Proche,2,3
2021091913,2186,43454,Tyreek Hill,2,3
2021091913,2186,46522,Byron Pringle,2,3
2021091913,2186,47839,Mecole Hardman,2,3
2021091913,2210,43415,Demarcus Robinson,2,3
2021091913,2210,43454,Tyreek Hill,2,3
2021091913,2255,43454,Tyreek Hill,2,3
2021091913,2255,46522,Byron Pringle,2,3
2021091913,2255,47839,Mecole Hardman,2,3
2021091913,2388,41230,Sammy Watkins,2,3
2021091913,2388,47808,Marquise Brown,2,1
2021091913,2388,52609,James Proche,2,3
2021091913,2412,41230,Sammy Watkins,2,3
2021091913,2412,47808,Marquise Brown,2,3
2021091913,2412,52609,James Proche,2,3
2021091913,2537,43454,Tyreek Hill,2,3
2021091913,2537,46522,Byron Pringle,2,3
2021091913,2537,47839,Mecole Hardman,2,3
2021091913,2593,43454,Tyreek Hill,2,3
2021091913,2593,47839,Mecole Hardman,2,3
2021091913,2615,43415,Demarcus Robinson,2,0
2021091913,2615,43454,Tyreek Hill,2,0
2021091913,2615,46522,Byron Pringle,2,1
2021091913,2698,41230,Sammy Watkins,2,0
2021091913,2698,47808,Marquise Brown,2,0
2021091913,2876,43454,Tyreek Hill,2,3
2021091913,2876,46522,Byron Pringle,2,3
2021091913,2876,47839,Mecole Hardman,2,3
2021091913,2933,43415,Demarcus Robinson,2,3
2021091913,2933,43454,Tyreek Hill,2,0
2021091913,2933,47839,Mecole Hardman,2,0
2021091913,3004,41230,Sammy Watkins,2,3
2021091913,3004,47808,Marquise Brown,2,3
2021091913,3004,52500,Devin Duvernay,2,3
2021091913,3068,41230,Sammy Watkins,2,3
2021091913,3139,41230,Sammy Watkins,2,3
2021091913,3139,47808,Marquise Brown,2,1
2021091913,3139,52500,Devin Duvernay,2,3
2021091913,3211,43415,Demarcus Robinson,2,3
2021091913,3211,43454,Tyreek Hill,2,3
2021091913,3211,47839,Mecole Hardman,2,3
2021091913,3256,43415,Demarcus Robinson,2,3
2021091913,3256,43454,Tyreek Hill,2,3
2021091913,3256,47839,Mecole Hardman,2,3
2021091913,3280,43415,Demarcus Robinson,2,3
2021091913,3280,43454,Tyreek Hill,2,3
2021091913,3280,47839,Mecole Hardman,2,3
2021091913,3364,41230,Sammy Watkins,2,3
2021091913,3364,47808,Marquise Brown,2,3
2021091913,3458,41230,Sammy Watkins,2,3
2021091913,3458,47808,Marquise Brown,2,3
2021091913,3555,41230,Sammy Watkins,2,3
2021091913,3555,47808,Marquise Brown,2,3
2021091913,3676,41230,Sammy Watkins,2,1
2021091913,3676,47808,Marquise Brown,2,3
2021091913,3705,43454,Tyreek Hill,2,3
2021091913,3705,46522,Byron Pringle,2,3
2021091913,3705,47839,Mecole Hardman,2,3
2021091913,3729,43415,Demarcus Robinson,2,3
2021091913,3729,43454,Tyreek Hill,2,3
2021091913,3729,47839,Mecole Hardman,2,3
2021091913,3907,41230,Sammy Watkins,2,3
2021091913,3907,47808,Marquise Brown,2,3
2021091913,3907,52500,Devin Duvernay,2,3
2021092000,76,43584,Kalif Raymond,2,3
2021092000,76,52574,Quintez Cephus,2,3
2021092000,76,53541,Amon-Ra St. Brown,2,3
2021092000,105,43584,Kalif Raymond,2,0
2021092000,105,52574,Quintez Cephus,2,1
2021092000,105,53541,Amon-Ra St. Brown,2,0
2021092000,134,43584,Kalif Raymond,2,2
2021092000,134,52574,Quintez Cephus,2,3
2021092000,201,43584,Kalif Raymond,2,0
2021092000,201,52574,Quintez Cephus,2,3
2021092000,201,53541,Amon-Ra St. Brown,2,1
2021092000,325,41282,Davante Adams,2,3
2021092000,325,46243,Marquez Valdes-Scantling,2,3
2021092000,325,46705,Allen Lazard,2,3
2021092000,579,43584,Kalif Raymond,2,1
2021092000,579,52574,Quintez Cephus,2,3
2021092000,579,53541,Amon-Ra St. Brown,2,3
2021092000,624,43584,Kalif Raymond,2,3
2021092000,624,52574,Quintez Cephus,2,1
2021092000,624,53541,Amon-Ra St. Brown,2,3
2021092000,750,43584,Kalif Raymond,2,0
2021092000,750,52574,Quintez Cephus,2,2
2021092000,750,53541,Amon-Ra St. Brown,2,3
2021092000,817,43584,Kalif Raymond,2,0
2021092000,817,52574,Quintez Cephus,2,1
2021092000,817,53541,Amon-Ra St. Brown,2,1
2021092000,924,41282,Davante Adams,2,3
2021092000,924,46243,Marquez Valdes-Scantling,2,3
2021092000,946,41282,Davante Adams,2,3
2021092000,946,46705,Allen Lazard,2,3
2021092000,1028,48053,Trinity Benson,2,0
2021092000,1147,43584,Kalif Raymond,2,2
2021092000,1147,52574,Quintez Cephus,2,3
2021092000,1147,53541,Amon-Ra St. Brown,2,3
2021092000,1197,48053,Trinity Benson,2,3
2021092000,1197,52574,Quintez Cephus,2,3
2021092000,1197,53541,Amon-Ra St. Brown,2,3
2021092000,1357,41282,Davante Adams,2,3
2021092000,1357,46243,Marquez Valdes-Scantling,2,3
2021092000,1491,41282,Davante Adams,2,3
2021092000,1491,46243,Marquez Valdes-Scantling,2,3
2021092000,1596,43584,Kalif Raymond,2,0
2021092000,1596,48053,Trinity Benson,2,0
2021092000,1637,43584,Kalif Raymond,2,3
2021092000,1637,48053,Trinity Benson,2,3
2021092000,1637,52574,Quintez Cephus,2,3
2021092000,1678,43584,Kalif Raymond,2,3
2021092000,1678,52574,Quintez Cephus,2,1
2021092000,1678,53541,Amon-Ra St. Brown,2,1
2021092000,1700,43584,Kalif Raymond,2,3
2021092000,1700,52574,Quintez Cephus,2,3
2021092000,1700,53541,Amon-Ra St. Brown,2,3
2021092000,1873,41282,Davante Adams,2,3
2021092000,1873,46243,Marquez Valdes-Scantling,2,3
2021092000,1873,46705,Allen Lazard,2,3
2021092000,1942,41282,Davante Adams,2,0
2021092000,1942,46243,Marquez Valdes-Scantling,2,0
2021092000,1942,46705,Allen Lazard,2,0
2021092000,2041,41282,Davante Adams,2,3
2021092000,2041,46243,Marquez Valdes-Scantling,2,3
2021092000,2041,46705,Allen Lazard,2,3
2021092000,2119,43584,Kalif Raymond,2,1
2021092000,2119,52574,Quintez Cephus,2,3
2021092000,2164,43584,Kalif Raymond,2,3
2021092000,2164,52574,Quintez Cephus,2,3
2021092000,2164,53541,Amon-Ra St. Brown,2,3
2021092000,2188,48053,Trinity Benson,2,0
2021092000,2248,43584,Kalif Raymond,2,3
2021092000,2248,52574,Quintez Cephus,2,3
2021092000,2248,53541,Amon-Ra St. Brown,2,3
2021092000,2272,43584,Kalif Raymond,2,3
2021092000,2272,52574,Quintez Cephus,2,3
2021092000,2272,53541,Amon-Ra St. Brown,2,3
2021092000,2294,41282,Davante Adams,2,3
2021092000,2294,46243,Marquez Valdes-Scantling,2,3
2021092000,2337,37139,Randall Cobb,2,3
2021092000,2337,41282,Davante Adams,2,3
2021092000,2337,46705,Allen Lazard,2,3
2021092000,2404,41282,Davante Adams,2,3
2021092000,2404,46243,Marquez Valdes-Scantling,2,3
2021092000,2404,46705,Allen Lazard,2,3
2021092000,2437,41282,Davante Adams,2,0
2021092000,2437,46243,Marquez Valdes-Scantling,2,0
2021092000,2483,37139,Randall Cobb,2,1
2021092000,2483,41282,Davante Adams,2,3
2021092000,2483,46243,Marquez Valdes-Scantling,2,3
2021092000,2531,41282,Davante Adams,2,3
2021092000,2531,46243,Marquez Valdes-Scantling,2,0
2021092000,2645,37139,Randall Cobb,2,3
2021092000,2645,41282,Davante Adams,2,3
2021092000,2645,46705,Allen Lazard,2,3
2021092000,2842,37139,Randall Cobb,2,3
2021092000,2842,41282,Davante Adams,2,3
2021092000,2842,46243,Marquez Valdes-Scantling,2,3
2021092000,2959,43584,Kalif Raymond,2,3
2021092000,2959,48680,Tom Kennedy,2,3
2021092000,2959,52574,Quintez Cephus,2,3
2021092000,2983,43584,Kalif Raymond,2,3
2021092000,2983,52574,Quintez Cephus,2,3
2021092000,2983,53541,Amon-Ra St. Brown,2,3
2021092000,3030,43584,Kalif Raymond,2,3
2021092000,3030,52574,Quintez Cephus,2,3
2021092000,3030,53541,Amon-Ra St. Brown,2,3
2021092000,3054,43584,Kalif Raymond,2,0
2021092000,3054,52574,Quintez Cephus,2,3
2021092000,3054,53541,Amon-Ra St. Brown,2,3
2021092000,3157,41282,Davante Adams,2,1
2021092000,3157,46243,Marquez Valdes-Scantling,2,0
2021092000,3157,46705,Allen Lazard,2,1
2021092000,3203,41282,Davante Adams,2,0
2021092000,3203,46243,Marquez Valdes-Scantling,2,0
2021092000,3343,48053,Trinity Benson,2,3
2021092000,3343,52574,Quintez Cephus,2,1
2021092000,3343,53541,Amon-Ra St. Brown,2,3
2021092000,3391,48053,Trinity Benson,2,0
2021092000,3391,52574,Quintez Cephus,2,0
2021092000,3391,53541,Amon-Ra St. Brown,2,0
2021092000,3498,41282,Davante Adams,2,3
2021092000,3498,46243,Marquez Valdes-Scantling,2,3
2021092000,3498,46705,Allen Lazard,2,3
2021092000,3546,48053,Trinity Benson,2,3
2021092000,3546,52574,Quintez Cephus,2,3
2021092000,3546,53541,Amon-Ra St. Brown,2,3
2021092000,3575,48053,Trinity Benson,2,3
2021092000,3575,52574,Quintez Cephus,2,3
2021092000,3575,53541,Amon-Ra St. Brown,2,3
2021092000,3599,48053,Trinity Benson,2,3
2021092000,3599,52574,Quintez Cephus,2,3
2021092000,3599,53541,Amon-Ra St. Brown,2,3
2021092000,3623,48053,Trinity Benson,2,3
2021092000,3623,52574,Quintez Cephus,2,3
2021092000,3623,53541,Amon-Ra St. Brown,2,3
2021092000,3647,48053,Trinity Benson,2,3
2021092000,3647,52574,Quintez Cephus,2,3
2021092000,3647,53541,Amon-Ra St. Brown,2,3
2021092000,3669,43584,Kalif Raymond,2,3
2021092000,3669,48680,Tom Kennedy,2,3
2021092000,3669,52574,Quintez Cephus,2,3
2021092000,3710,48053,Trinity Benson,2,1
2021092000,3710,48680,Tom Kennedy,2,3
2021092000,3710,52574,Quintez Cephus,2,1
2021092000,3759,48053,Trinity Benson,2,0
2021092000,3759,48680,Tom Kennedy,2,3
2021092000,3759,52574,Quintez Cephus,2,1
2021092300,54,43808,Robby Anderson,3,3
2021092300,54,46093,D.J. Moore,3,3
2021092300,78,43808,Robby Anderson,3,3
2021092300,78,46093,D.J. Moore,3,3
2021092300,78,53488,Terrace Marshall,3,3
2021092300,100,43808,Robby Anderson,3,3
2021092300,100,46093,D.J. Moore,3,3
2021092300,100,53488,Terrace Marshall,3,3
2021092300,319,43808,Robby Anderson,3,0
2021092300,319,46093,D.J. Moore,3,0
2021092300,319,53488,Terrace Marshall,3,0
2021092300,341,43808,Robby Anderson,3,0
2021092300,341,46093,D.J. Moore,3,0
2021092300,341,53488,Terrace Marshall,3,0
2021092300,365,43808,Robby Anderson,3,1
2021092300,365,46093,D.J. Moore,3,0
2021092300,365,53488,Terrace Marshall,3,3
2021092300,415,46093,D.J. Moore,3,3
2021092300,415,53488,Terrace Marshall,3,3
2021092300,596,41246,Brandin Cooks,3,3
2021092300,596,42419,Chris Conley,3,3
2021092300,596,46120,Anthony Miller,3,3
2021092300,692,43808,Robby Anderson,3,3
2021092300,692,46093,D.J. Moore,3,3
2021092300,692,53488,Terrace Marshall,3,3
2021092300,737,43808,Robby Anderson,3,3
2021092300,737,46093,D.J. Moore,3,3
2021092300,737,53488,Terrace Marshall,3,3
2021092300,838,43808,Robby Anderson,3,0
2021092300,838,46093,D.J. Moore,3,0
2021092300,904,43808,Robby Anderson,3,0
2021092300,904,46093,D.J. Moore,3,3
2021092300,926,43808,Robby Anderson,3,0
2021092300,926,46093,D.J. Moore,3,0
2021092300,971,43808,Robby Anderson,3,3
2021092300,971,46093,D.J. Moore,3,3
2021092300,971,53488,Terrace Marshall,3,3
2021092300,1023,43808,Robby Anderson,3,3
2021092300,1023,46093,D.J. Moore,3,3
2021092300,1023,53488,Terrace Marshall,3,3
2021092300,1068,41246,Brandin Cooks,3,3
2021092300,1068,42419,Chris Conley,3,3
2021092300,1213,41246,Brandin Cooks,3,3
2021092300,1213,46120,Anthony Miller,3,1
2021092300,1359,43808,Robby Anderson,3,1
2021092300,1359,46093,D.J. Moore,3,0
2021092300,1395,43808,Robby Anderson,3,3
2021092300,1395,46093,D.J. Moore,3,3
2021092300,1395,53488,Terrace Marshall,3,3
2021092300,1530,41246,Brandin Cooks,3,0
2021092300,1530,42419,Chris Conley,3,0
2021092300,1530,46120,Anthony Miller,3,0
2021092300,1573,43808,Robby Anderson,3,3
2021092300,1573,46093,D.J. Moore,3,3
2021092300,1573,53488,Terrace Marshall,3,1
2021092300,1595,43808,Robby Anderson,3,3
2021092300,1595,46093,D.J. Moore,3,3
2021092300,1595,53488,Terrace Marshall,3,3
2021092300,1697,41246,Brandin Cooks,3,3
2021092300,1697,42419,Chris Conley,3,3
2021092300,1697,46120,Anthony Miller,3,3
2021092300,1721,41246,Brandin Cooks,3,3
2021092300,1721,42419,Chris Conley,3,3
2021092300,1721,46120,Anthony Miller,3,3
2021092300,1766,41246,Brandin Cooks,3,3
2021092300,1766,42419,Chris Conley,3,3
2021092300,1766,46120,Anthony Miller,3,3
2021092300,1812,41246,Brandin Cooks,3,3
2021092300,1812,42419,Chris Conley,3,3
2021092300,1812,46120,Anthony Miller,3,3
2021092300,1853,41246,Brandin Cooks,3,3
2021092300,1853,42419,Chris Conley,3,3
2021092300,1853,46120,Anthony Miller,3,3
2021092300,1904,43808,Robby Anderson,3,3
2021092300,1904,46093,D.J. Moore,3,1
2021092300,1904,53488,Terrace Marshall,3,3
2021092300,2015,41246,Brandin Cooks,3,1
2021092300,2015,42419,Chris Conley,3,3
2021092300,2037,41246,Brandin Cooks,3,3
2021092300,2037,42419,Chris Conley,3,3
2021092300,2037,46120,Anthony Miller,3,3
2021092300,2084,41246,Brandin Cooks,3,3
2021092300,2084,42419,Chris Conley,3,3
2021092300,2108,41246,Brandin Cooks,3,3
2021092300,2108,42419,Chris Conley,3,3
2021092300,2108,46120,Anthony Miller,3,3
2021092300,2132,41246,Brandin Cooks,3,3
2021092300,2132,42419,Chris Conley,3,3
2021092300,2132,46120,Anthony Miller,3,3
2021092300,2175,41246,Brandin Cooks,3,3
2021092300,2175,42419,Chris Conley,3,3
2021092300,2175,46120,Anthony Miller,3,3
2021092300,2233,41246,Brandin Cooks,3,3
2021092300,2233,46120,Anthony Miller,3,0
2021092300,2266,41246,Brandin Cooks,3,0
2021092300,2266,42419,Chris Conley,3,3
2021092300,2292,41246,Brandin Cooks,3,0
2021092300,2292,42419,Chris Conley,3,3
2021092300,2292,46120,Anthony Miller,3,3
2021092300,2377,43808,Robby Anderson,3,3
2021092300,2377,46093,D.J. Moore,3,3
2021092300,2377,53488,Terrace Marshall,3,3
2021092300,2476,43808,Robby Anderson,3,3
2021092300,2476,46093,D.J. Moore,3,3
2021092300,2476,53488,Terrace Marshall,3,3
2021092300,2524,43663,Alex Erickson,3,1
2021092300,2524,44123,Brandon Zylstra,3,0
2021092300,2750,43808,Robby Anderson,3,3
2021092300,2750,46093,D.J. Moore,3,3
2021092300,2750,53488,Terrace Marshall,3,3
2021092300,2774,43808,Robby Anderson,3,3
2021092300,2774,46093,D.J. Moore,3,3
2021092300,2774,53488,Terrace Marshall,3,3
2021092300,2819,43808,Robby Anderson,3,3
2021092300,2819,46093,D.J. Moore,3,3
2021092300,2819,53488,Terrace Marshall,3,3
2021092300,2896,43808,Robby Anderson,3,0
2021092300,2896,46093,D.J. Moore,3,3
2021092300,2952,43808,Robby Anderson,3,3
2021092300,2952,46093,D.J. Moore,3,3
2021092300,2952,53488,Terrace Marshall,3,3
2021092300,2974,43808,Robby Anderson,3,3
2021092300,2974,46093,D.J. Moore,3,3
2021092300,2974,53488,Terrace Marshall,3,3
2021092300,3049,41246,Brandin Cooks,3,3
2021092300,3049,42419,Chris Conley,3,3
2021092300,3073,41246,Brandin Cooks,3,3
2021092300,3073,42419,Chris Conley,3,3
2021092300,3097,42419,Chris Conley,3,0
2021092300,3097,46120,Anthony Miller,3,3
2021092300,3119,41246,Brandin Cooks,3,3
2021092300,3119,42419,Chris Conley,3,3
2021092300,3119,46120,Anthony Miller,3,3
2021092300,3143,41246,Brandin Cooks,3,3
2021092300,3143,42419,Chris Conley,3,3
2021092300,3143,46120,Anthony Miller,3,3
2021092300,3165,41246,Brandin Cooks,3,3
2021092300,3165,42419,Chris Conley,3,0
2021092300,3165,46120,Anthony Miller,3,0
2021092300,3263,43808,Robby Anderson,3,3
2021092300,3263,44123,Brandon Zylstra,3,3
2021092300,3263,46093,D.J. Moore,3,3
2021092300,3329,46093,D.J. Moore,3,0
2021092300,3351,43808,Robby Anderson,3,0
2021092300,3351,44123,Brandon Zylstra,3,0
2021092300,3351,53488,Terrace Marshall,3,0
2021092300,3375,44123,Brandon Zylstra,3,0
2021092300,3375,53488,Terrace Marshall,3,1
2021092300,3458,43663,Alex Erickson,3,3
2021092300,3458,43808,Robby Anderson,3,3
2021092300,3458,46093,D.J. Moore,3,3
2021092300,3573,41246,Brandin Cooks,3,3
2021092300,3573,42419,Chris Conley,3,3
2021092300,3573,46120,Anthony Miller,3,3
2021092300,3602,41246,Brandin Cooks,3,3
2021092300,3602,42419,Chris Conley,3,3
2021092300,3602,46120,Anthony Miller,3,3
2021092300,3665,41246,Brandin Cooks,3,3
2021092300,3665,42419,Chris Conley,3,3
2021092300,3665,46120,Anthony Miller,3,0
2021092300,3716,41246,Brandin Cooks,3,3
2021092300,3716,42419,Chris Conley,3,3
2021092300,3716,46120,Anthony Miller,3,3
2021092600,80,35521,Emmanuel Sanders,3,3
2021092600,80,38947,Cole Beasley,3,3
2021092600,80,42489,Stefon Diggs,3,3
2021092600,125,35521,Emmanuel Sanders,3,0
2021092600,125,42489,Stefon Diggs,3,0
2021092600,125,52536,Gabe Davis,3,0
2021092600,149,35521,Emmanuel Sanders,3,0
2021092600,149,42818,Jake Kumerow,3,0
2021092600,149,44985,Isaiah McKenzie,3,0
2021092600,170,35521,Emmanuel Sanders,3,3
2021092600,170,38947,Cole Beasley,3,3
2021092600,170,42489,Stefon Diggs,3,3
2021092600,194,38947,Cole Beasley,3,3
2021092600,194,42489,Stefon Diggs,3,3
2021092600,194,52536,Gabe Davis,3,3
2021092600,223,35521,Emmanuel Sanders,3,0
2021092600,223,38947,Cole Beasley,3,1
2021092600,223,42489,Stefon Diggs,3,0
2021092600,258,35521,Emmanuel Sanders,3,0
2021092600,258,42489,Stefon Diggs,3,0
2021092600,258,44985,Isaiah McKenzie,3,1
2021092600,346,47859,Terry McLaurin,3,1
2021092600,346,53511,Dyami Brown,3,3
2021092600,370,43010,Adam Humphries,3,3
2021092600,370,47859,Terry McLaurin,3,1
2021092600,370,53511,Dyami Brown,3,3
2021092600,489,42489,Stefon Diggs,3,3
2021092600,489,42818,Jake Kumerow,3,3
2021092600,555,42489,Stefon Diggs,3,3
2021092600,555,44985,Isaiah McKenzie,3,1
2021092600,610,35521,Emmanuel Sanders,3,3
2021092600,610,38947,Cole Beasley,3,3
2021092600,610,42489,Stefon Diggs,3,3
2021092600,638,38947,Cole Beasley,3,0
2021092600,638,42489,Stefon Diggs,3,0
2021092600,638,52536,Gabe Davis,3,0
2021092600,660,35521,Emmanuel Sanders,3,3
2021092600,660,38947,Cole Beasley,3,3
2021092600,660,42818,Jake Kumerow,3,3
2021092600,660,52536,Gabe Davis,3,3
2021092600,729,43010,Adam Humphries,3,3
2021092600,729,47859,Terry McLaurin,3,1
2021092600,729,53511,Dyami Brown,3,3
2021092600,772,43010,Adam Humphries,3,1
2021092600,772,47859,Terry McLaurin,3,0
2021092600,772,53511,Dyami Brown,3,0
2021092600,854,35521,Emmanuel Sanders,3,1
2021092600,854,38947,Cole Beasley,3,3
2021092600,854,42489,Stefon Diggs,3,3
2021092600,887,35521,Emmanuel Sanders,3,3
2021092600,887,38947,Cole Beasley,3,3
2021092600,887,52536,Gabe Davis,3,3
2021092600,972,35521,Emmanuel Sanders,3,3
2021092600,972,38947,Cole Beasley,3,3
2021092600,972,42489,Stefon Diggs,3,3
2021092600,1017,35521,Emmanuel Sanders,3,0
2021092600,1017,38947,Cole Beasley,3,3
2021092600,1017,42489,Stefon Diggs,3,0
2021092600,1077,47859,Terry McLaurin,3,1
2021092600,1077,53511,Dyami Brown,3,0
2021092600,1127,43010,Adam Humphries,3,3
2021092600,1127,47859,Terry McLaurin,3,2
2021092600,1127,53511,Dyami Brown,3,0
2021092600,1174,35521,Emmanuel Sanders,3,0
2021092600,1174,38947,Cole Beasley,3,1
2021092600,1174,42489,Stefon Diggs,3,0
2021092600,1200,35521,Emmanuel Sanders,3,3
2021092600,1200,38947,Cole Beasley,3,3
2021092600,1200,42489,Stefon Diggs,3,3
2021092600,1394,43010,Adam Humphries,3,1
2021092600,1394,47859,Terry McLaurin,3,3
2021092600,1394,53511,Dyami Brown,3,3
2021092600,1418,47859,Terry McLaurin,3,1
2021092600,1418,53511,Dyami Brown,3,3
2021092600,1497,35521,Emmanuel Sanders,3,0
2021092600,1497,38947,Cole Beasley,3,1
2021092600,1497,42489,Stefon Diggs,3,0
2021092600,1547,35521,Emmanuel Sanders,3,2
2021092600,1547,38947,Cole Beasley,3,2
2021092600,1547,52536,Gabe Davis,3,1
2021092600,1571,35521,Emmanuel Sanders,3,3
2021092600,1571,38947,Cole Beasley,3,3
2021092600,1571,42489,Stefon Diggs,3,3
2021092600,1683,43010,Adam Humphries,3,1
2021092600,1683,47859,Terry McLaurin,3,3
2021092600,1683,53511,Dyami Brown,3,3
2021092600,1758,35521,Emmanuel Sanders,3,3
2021092600,1758,38947,Cole Beasley,3,3
2021092600,1758,42489,Stefon Diggs,3,1
2021092600,1925,35521,Emmanuel Sanders,3,3
2021092600,1925,38947,Cole Beasley,3,2
2021092600,1925,42489,Stefon Diggs,3,1
2021092600,1925,52536,Gabe Davis,3,1
2021092600,2022,43010,Adam Humphries,3,3
2021092600,2022,47859,Terry McLaurin,3,3
2021092600,2022,53511,Dyami Brown,3,0
2021092600,2084,43010,Adam Humphries,3,3
2021092600,2084,47859,Terry McLaurin,3,3
2021092600,2084,53511,Dyami Brown,3,3
2021092600,2108,43010,Adam Humphries,3,3
2021092600,2108,47859,Terry McLaurin,3,3
2021092600,2108,53511,Dyami Brown,3,3
2021092600,2130,43010,Adam Humphries,3,3
2021092600,2130,47859,Terry McLaurin,3,3
2021092600,2130,53511,Dyami Brown,3,3
2021092600,2173,35521,Emmanuel Sanders,3,3
2021092600,2173,38947,Cole Beasley,3,3
2021092600,2173,42489,Stefon Diggs,3,0
2021092600,2202,35521,Emmanuel Sanders,3,0
2021092600,2202,38947,Cole Beasley,3,0
2021092600,2202,42489,Stefon Diggs,3,0
2021092600,2243,35521,Emmanuel Sanders,3,3
2021092600,2243,38947,Cole Beasley,3,3
2021092600,2243,42489,Stefon Diggs,3,0
2021092600,2289,35521,Emmanuel Sanders,3,3
2021092600,2289,38947,Cole Beasley,3,3
2021092600,2289,42489,Stefon Diggs,3,3
2021092600,2369,47859,Terry McLaurin,3,3
2021092600,2369,53511,Dyami Brown,3,3
2021092600,2441,43010,Adam Humphries,3,3
2021092600,2441,47859,Terry McLaurin,3,3
2021092600,2441,53511,Dyami Brown,3,3
2021092600,2507,35521,Emmanuel Sanders,3,3
2021092600,2507,38947,Cole Beasley,3,3
2021092600,2507,42489,Stefon Diggs,3,3
2021092600,2531,35521,Emmanuel Sanders,3,3
2021092600,2531,38947,Cole Beasley,3,3
2021092600,2531,42489,Stefon Diggs,3,3
2021092600,2576,35521,Emmanuel Sanders,3,3
2021092600,2576,38947,Cole Beasley,3,3
2021092600,2576,42489,Stefon Diggs,3,3
2021092600,2690,35521,Emmanuel Sanders,3,3
2021092600,2690,38947,Cole Beasley,3,3
2021092600,2690,42489,Stefon Diggs,3,3
2021092600,2712,35521,Emmanuel Sanders,3,3
2021092600,2712,38947,Cole Beasley,3,3
2021092600,2712,42489,Stefon Diggs,3,3
2021092600,2736,35521,Emmanuel Sanders,3,3
2021092600,2736,38947,Cole Beasley,3,3
2021092600,2736,42489,Stefon Diggs,3,3
2021092600,2879,35521,Emmanuel Sanders,3,3
2021092600,2879,38947,Cole Beasley,3,3
2021092600,2879,52536,Gabe Davis,3,3
2021092600,2904,35521,Emmanuel Sanders,3,3
2021092600,2904,38947,Cole Beasley,3,3
2021092600,2904,42489,Stefon Diggs,3,3
2021092600,3063,43010,Adam Humphries,3,0
2021092600,3063,47859,Terry McLaurin,3,0
2021092600,3063,53511,Dyami Brown,3,0
2021092600,3089,42818,Jake Kumerow,3,0
2021092600,3089,44985,Isaiah McKenzie,3,1
2021092600,3136,35521,Emmanuel Sanders,3,3
2021092600,3136,38947,Cole Beasley,3,3
2021092600,3136,42489,Stefon Diggs,3,3
2021092600,3278,43010,Adam Humphries,3,3
2021092600,3278,47859,Terry McLaurin,3,3
2021092600,3278,53511,Dyami Brown,3,3
2021092600,3325,35521,Emmanuel Sanders,3,3
2021092600,3325,42818,Jake Kumerow,3,3
2021092600,3325,52536,Gabe Davis,3,3
2021092600,3387,35521,Emmanuel Sanders,3,0
2021092600,3387,38947,Cole Beasley,3,0
2021092600,3387,42489,Stefon Diggs,3,0
2021092600,3449,43010,Adam Humphries,3,3
2021092600,3449,46362,Cam Sims,3,3
2021092600,3449,47859,Terry McLaurin,3,1
2021092600,3471,43010,Adam Humphries,3,3
2021092600,3471,46362,Cam Sims,3,3
2021092600,3471,47859,Terry McLaurin,3,3
2021092600,3516,43010,Adam Humphries,3,3
2021092600,3516,46362,Cam Sims,3,3
2021092600,3516,47859,Terry McLaurin,3,3
2021092600,3590,35521,Emmanuel Sanders,3,3
2021092600,3590,38947,Cole Beasley,3,3
2021092600,3590,42489,Stefon Diggs,3,3
2021092600,3793,43010,Adam Humphries,3,3
2021092600,3793,46362,Cam Sims,3,3
2021092600,3793,47859,Terry McLaurin,3,3
2021092600,3838,43010,Adam Humphries,3,3
2021092600,3838,46362,Cam Sims,3,0
2021092600,3838,47859,Terry McLaurin,3,0
2021092600,3875,43010,Adam Humphries,3,3
2021092600,3875,46362,Cam Sims,3,3
2021092600,3875,47859,Terry McLaurin,3,3
2021092600,3899,43010,Adam Humphries,3,1
2021092600,3899,46362,Cam Sims,3,2
2021092600,3899,47859,Terry McLaurin,3,0
2021092600,3968,43010,Adam Humphries,3,3
2021092600,3968,46362,Cam Sims,3,3
2021092600,3968,47859,Terry McLaurin,3,3
2021092600,4095,42818,Jake Kumerow,3,3
2021092600,4095,44985,Isaiah McKenzie,3,3
2021092600,4095,52536,Gabe Davis,3,3
2021092601,55,41238,Odell Beckham,3,2
2021092601,77,41238,Odell Beckham,3,3
2021092601,99,41238,Odell Beckham,3,3
2021092601,99,43461,Rashard Higgins,3,3
2021092601,99,52595,Donovan Peoples-Jones,3,3
2021092601,144,53520,Anthony Schwartz,3,3
2021092601,252,41238,Odell Beckham,3,3
2021092601,252,43461,Rashard Higgins,3,3
2021092601,252,52595,Donovan Peoples-Jones,3,3
2021092601,473,41238,Odell Beckham,3,1
2021092601,473,43461,Rashard Higgins,3,3
2021092601,473,53520,Anthony Schwartz,3,3
2021092601,506,52595,Donovan Peoples-Jones,3,2
2021092601,506,53520,Anthony Schwartz,3,3
2021092601,553,41238,Odell Beckham,3,3
2021092601,553,43461,Rashard Higgins,3,3
2021092601,553,52595,Donovan Peoples-Jones,3,3
2021092601,603,41238,Odell Beckham,3,3
2021092601,603,52595,Donovan Peoples-Jones,3,3
2021092601,627,43461,Rashard Higgins,3,3
2021092601,627,52595,Donovan Peoples-Jones,3,3
2021092601,733,41290,Allen Robinson,3,3
2021092601,733,42899,Damiere Byrd,3,3
2021092601,733,52581,Darnell Mooney,3,3
2021092601,799,41238,Odell Beckham,3,0
2021092601,799,52595,Donovan Peoples-Jones,3,0
2021092601,982,41238,Odell Beckham,3,3
2021092601,982,43461,Rashard Higgins,3,3
2021092601,982,53520,Anthony Schwartz,3,3
2021092601,1205,53520,Anthony Schwartz,3,3
2021092601,1227,41238,Odell Beckham,3,3
2021092601,1227,43461,Rashard Higgins,3,3
2021092601,1227,53520,Anthony Schwartz,3,0
2021092601,1255,41238,Odell Beckham,3,0
2021092601,1255,43461,Rashard Higgins,3,3
2021092601,1255,52595,Donovan Peoples-Jones,3,0
2021092601,1321,41238,Odell Beckham,3,3
2021092601,1321,43461,Rashard Higgins,3,3
2021092601,1321,52595,Donovan Peoples-Jones,3,3
2021092601,1467,41290,Allen Robinson,3,3
2021092601,1467,42899,Damiere Byrd,3,0
2021092601,1467,52581,Darnell Mooney,3,0
2021092601,1650,41238,Odell Beckham,3,3
2021092601,1650,43461,Rashard Higgins,3,3
2021092601,1650,52595,Donovan Peoples-Jones,3,3
2021092601,1695,41238,Odell Beckham,3,3
2021092601,1695,43461,Rashard Higgins,3,1
2021092601,1695,52595,Donovan Peoples-Jones,3,3
2021092601,1742,41238,Odell Beckham,3,3
2021092601,1742,43461,Rashard Higgins,3,3
2021092601,1742,52595,Donovan Peoples-Jones,3,3
2021092601,1783,41238,Odell Beckham,3,3
2021092601,1783,43461,Rashard Higgins,3,3
2021092601,1783,52595,Donovan Peoples-Jones,3,3
2021092601,1824,41238,Odell Beckham,3,3
2021092601,1824,43461,Rashard Higgins,3,3
2021092601,1824,52595,Donovan Peoples-Jones,3,3
2021092601,1930,41238,Odell Beckham,3,3
2021092601,1930,43461,Rashard Higgins,3,3
2021092601,1930,52595,Donovan Peoples-Jones,3,3
2021092601,2063,40026,Marquise Goodwin,3,3
2021092601,2063,41290,Allen Robinson,3,3
2021092601,2063,52581,Darnell Mooney,3,3
2021092601,2085,40026,Marquise Goodwin,3,3
2021092601,2085,41290,Allen Robinson,3,3
2021092601,2085,52581,Darnell Mooney,3,3
2021092601,2193,41238,Odell Beckham,3,3
2021092601,2193,43461,Rashard Higgins,3,3
2021092601,2193,53520,Anthony Schwartz,3,3
2021092601,2382,40026,Marquise Goodwin,3,0
2021092601,2568,41290,Allen Robinson,3,0
2021092601,2568,42899,Damiere Byrd,3,3
2021092601,2568,52581,Darnell Mooney,3,2
2021092601,2612,41290,Allen Robinson,3,3
2021092601,2612,42899,Damiere Byrd,3,3
2021092601,2612,52581,Darnell Mooney,3,3
2021092601,2636,41290,Allen Robinson,3,3
2021092601,2636,42899,Damiere Byrd,3,3
2021092601,2636,52581,Darnell Mooney,3,3
2021092601,2726,40026,Marquise Goodwin,3,0
2021092601,2726,41290,Allen Robinson,3,0
2021092601,2726,52581,Darnell Mooney,3,0
2021092601,2810,41290,Allen Robinson,3,3
2021092601,2810,52581,Darnell Mooney,3,3
2021092601,2889,41238,Odell Beckham,3,3
2021092601,2889,52595,Donovan Peoples-Jones,3,3
2021092601,2924,41238,Odell Beckham,3,0
2021092601,2924,52595,Donovan Peoples-Jones,3,2
2021092601,3011,41238,Odell Beckham,3,3
2021092601,3011,52595,Donovan Peoples-Jones,3,3
2021092601,3108,41290,Allen Robinson,3,3
2021092601,3108,42899,Damiere Byrd,3,3
2021092601,3108,52581,Darnell Mooney,3,3
2021092601,3130,41290,Allen Robinson,3,3
2021092601,3130,42899,Damiere Byrd,3,3
2021092601,3130,52581,Darnell Mooney,3,3
2021092601,3163,41290,Allen Robinson,3,3
2021092601,3163,42899,Damiere Byrd,3,3
2021092601,3163,52581,Darnell Mooney,3,3
2021092601,3206,41290,Allen Robinson,3,3
2021092601,3206,42899,Damiere Byrd,3,3
2021092601,3206,52581,Darnell Mooney,3,3
2021092601,3345,53520,Anthony Schwartz,3,3
2021092601,3469,41290,Allen Robinson,3,3
2021092601,3469,42899,Damiere Byrd,3,3
2021092601,3469,52581,Darnell Mooney,3,3
2021092601,3843,41290,Allen Robinson,3,3
2021092601,3843,42899,Damiere Byrd,3,3
2021092601,3843,52581,Darnell Mooney,3,3
2021092601,3887,41290,Allen Robinson,3,3
2021092601,3887,42899,Damiere Byrd,3,1
2021092601,3887,52581,Darnell Mooney,3,3
2021092602,55,43584,Kalif Raymond,3,1
2021092602,79,43584,Kalif Raymond,3,3
2021092602,79,52574,Quintez Cephus,3,3
2021092602,140,43584,Kalif Raymond,3,3
2021092602,140,52574,Quintez Cephus,3,3
2021092602,183,43584,Kalif Raymond,3,3
2021092602,183,52574,Quintez Cephus,3,3
2021092602,224,41230,Sammy Watkins,3,3
2021092602,224,47808,Marquise Brown,3,3
2021092602,470,52500,Devin Duvernay,3,3
2021092602,494,41230,Sammy Watkins,3,3
2021092602,494,47808,Marquise Brown,3,3
2021092602,653,43584,Kalif Raymond,3,1
2021092602,677,43584,Kalif Raymond,3,1
2021092602,677,52574,Quintez Cephus,3,3
2021092602,677,53541,Amon-Ra St. Brown,3,3
2021092602,777,41230,Sammy Watkins,3,3
2021092602,898,47808,Marquise Brown,3,3
2021092602,898,52500,Devin Duvernay,3,3
2021092602,898,52609,James Proche,3,3
2021092602,981,46992,KhaDarel Hodge,3,0
2021092602,981,48053,Trinity Benson,3,3
2021092602,1152,41230,Sammy Watkins,3,1
2021092602,1174,47808,Marquise Brown,3,3
2021092602,1174,52500,Devin Duvernay,3,3
2021092602,1224,41230,Sammy Watkins,3,0
2021092602,1224,47808,Marquise Brown,3,0
2021092602,1224,52500,Devin Duvernay,3,3
2021092602,1301,43584,Kalif Raymond,3,3
2021092602,1301,48053,Trinity Benson,3,3
2021092602,1301,52574,Quintez Cephus,3,3
2021092602,1351,43584,Kalif Raymond,3,3
2021092602,1351,52574,Quintez Cephus,3,3
2021092602,1351,53541,Amon-Ra St. Brown,3,3
2021092602,1384,43584,Kalif Raymond,3,3
2021092602,1384,52574,Quintez Cephus,3,3
2021092602,1596,41230,Sammy Watkins,3,0
2021092602,1596,47808,Marquise Brown,3,0
2021092602,1677,41230,Sammy Watkins,3,1
2021092602,1677,47808,Marquise Brown,3,0
2021092602,1677,52500,Devin Duvernay,3,0
2021092602,1699,41230,Sammy Watkins,3,3
2021092602,1699,47808,Marquise Brown,3,3
2021092602,1699,52500,Devin Duvernay,3,0
2021092602,1755,48053,Trinity Benson,3,3
2021092602,1755,52574,Quintez Cephus,3,3
2021092602,1800,43584,Kalif Raymond,3,3
2021092602,1800,52574,Quintez Cephus,3,3
2021092602,1941,41230,Sammy Watkins,3,3
2021092602,1941,47808,Marquise Brown,3,3
2021092602,1941,52500,Devin Duvernay,3,3
2021092602,1975,41230,Sammy Watkins,3,0
2021092602,1975,52500,Devin Duvernay,3,1
2021092602,1975,52609,James Proche,3,0
2021092602,2004,41230,Sammy Watkins,3,1
2021092602,2004,52500,Devin Duvernay,3,0
2021092602,2004,52609,James Proche,3,1
2021092602,2030,47808,Marquise Brown,3,3
2021092602,2030,52500,Devin Duvernay,3,3
2021092602,2030,52609,James Proche,3,3
2021092602,2135,43584,Kalif Raymond,3,3
2021092602,2135,48053,Trinity Benson,3,3
2021092602,2135,53541,Amon-Ra St. Brown,3,3
2021092602,2164,43584,Kalif Raymond,3,0
2021092602,2164,48053,Trinity Benson,3,0
2021092602,2164,53541,Amon-Ra St. Brown,3,3
2021092602,2205,43584,Kalif Raymond,3,0
2021092602,2205,48053,Trinity Benson,3,0
2021092602,2205,53541,Amon-Ra St. Brown,3,0
2021092602,2305,41230,Sammy Watkins,3,1
2021092602,2305,47808,Marquise Brown,3,0
2021092602,2305,52500,Devin Duvernay,3,1
2021092602,2361,41230,Sammy Watkins,3,0
2021092602,2361,47808,Marquise Brown,3,1
2021092602,2361,52500,Devin Duvernay,3,0
2021092602,2390,41230,Sammy Watkins,3,3
2021092602,2433,47808,Marquise Brown,3,3
2021092602,2433,52500,Devin Duvernay,3,0
2021092602,2433,52609,James Proche,3,3
2021092602,2501,43584,Kalif Raymond,3,3
2021092602,2501,46992,KhaDarel Hodge,3,3
2021092602,2501,48053,Trinity Benson,3,3
2021092602,2501,53541,Amon-Ra St. Brown,3,3
2021092602,2525,43584,Kalif Raymond,3,3
2021092602,2525,46992,KhaDarel Hodge,3,3
2021092602,2525,48053,Trinity Benson,3,3
2021092602,2525,53541,Amon-Ra St. Brown,3,3
2021092602,2570,43584,Kalif Raymond,3,3
2021092602,2570,48053,Trinity Benson,3,3
2021092602,2570,52574,Quintez Cephus,3,3
2021092602,2615,43584,Kalif Raymond,3,3
2021092602,2615,52574,Quintez Cephus,3,3
2021092602,2615,53541,Amon-Ra St. Brown,3,3
2021092602,2639,48053,Trinity Benson,3,1
2021092602,2639,52574,Quintez Cephus,3,3
2021092602,2699,46992,KhaDarel Hodge,3,3
2021092602,2699,48053,Trinity Benson,3,3
2021092602,2699,53541,Amon-Ra St. Brown,3,3
2021092602,2805,41230,Sammy Watkins,3,1
2021092602,2805,47808,Marquise Brown,3,3
2021092602,2918,41230,Sammy Watkins,3,3
2021092602,2918,52500,Devin Duvernay,3,3
2021092602,2942,41230,Sammy Watkins,3,3
2021092602,2942,47808,Marquise Brown,3,3
2021092602,2942,52500,Devin Duvernay,3,3
2021092602,2980,41230,Sammy Watkins,3,3
2021092602,2980,47808,Marquise Brown,3,0
2021092602,2980,52500,Devin Duvernay,3,0
2021092602,3009,41230,Sammy Watkins,3,0
2021092602,3009,47808,Marquise Brown,3,0
2021092602,3009,52500,Devin Duvernay,3,0
2021092602,3112,43584,Kalif Raymond,3,3
2021092602,3112,52574,Quintez Cephus,3,3
2021092602,3166,43584,Kalif Raymond,3,0
2021092602,3166,52574,Quintez Cephus,3,0
2021092602,3166,53541,Amon-Ra St. Brown,3,0
2021092602,3192,43584,Kalif Raymond,3,3
2021092602,3192,52574,Quintez Cephus,3,3
2021092602,3343,43584,Kalif Raymond,3,3
2021092602,3343,52574,Quintez Cephus,3,3
2021092602,3495,41230,Sammy Watkins,3,3
2021092602,3495,47808,Marquise Brown,3,1
2021092602,3580,41230,Sammy Watkins,3,3
2021092602,3580,47808,Marquise Brown,3,0
2021092602,3580,52500,Devin Duvernay,3,0
2021092602,3606,52574,Quintez Cephus,3,1
2021092602,3606,53541,Amon-Ra St. Brown,3,3
2021092602,3651,43584,Kalif Raymond,3,3
2021092602,3651,52574,Quintez Cephus,3,3
2021092602,3945,41230,Sammy Watkins,3,3
2021092602,3945,47808,Marquise Brown,3,3
2021092602,3945,52500,Devin Duvernay,3,3
2021092602,4003,41230,Sammy Watkins,3,0
2021092602,4003,52500,Devin Duvernay,3,0
2021092602,4003,52609,James Proche,3,0
2021092602,4058,41230,Sammy Watkins,3,3
2021092602,4058,52500,Devin Duvernay,3,3
2021092602,4058,52609,James Proche,3,3
2021092603,76,38696,Marvin Jones,3,3
2021092603,76,46130,D.J. Chark,3,3
2021092603,100,38696,Marvin Jones,3,3
2021092603,100,46130,D.J. Chark,3,1
2021092603,100,52450,Laviska Shenault,3,3
2021092603,223,37077,A.J. Green,3,3
2021092603,223,39973,DeAndre Hopkins,3,3
2021092603,244,37077,A.J. Green,3,3
2021092603,244,39973,DeAndre Hopkins,3,3
2021092603,244,46116,Christian Kirk,3,3
2021092603,339,38696,Marvin Jones,3,1
2021092603,339,46130,D.J. Chark,3,3
2021092603,339,52450,Laviska Shenault,3,1
2021092603,389,37077,A.J. Green,3,3
2021092603,389,39973,DeAndre Hopkins,3,3
2021092603,389,46116,Christian Kirk,3,3
2021092603,413,37077,A.J. Green,3,3
2021092603,413,39973,DeAndre Hopkins,3,3
2021092603,413,46116,Christian Kirk,3,3
2021092603,437,37077,A.J. Green,3,3
2021092603,437,39973,DeAndre Hopkins,3,3
2021092603,437,46116,Christian Kirk,3,3
2021092603,580,38696,Marvin Jones,3,3
2021092603,580,46130,D.J. Chark,3,3
2021092603,602,38696,Marvin Jones,3,3
2021092603,602,42372,Phillip Dorsett,3,3
2021092603,647,38696,Marvin Jones,3,0
2021092603,647,46130,D.J. Chark,3,0
2021092603,647,52450,Laviska Shenault,3,3
2021092603,719,38696,Marvin Jones,3,3
2021092603,719,46130,D.J. Chark,3,3
2021092603,719,52450,Laviska Shenault,3,3
2021092603,781,37077,A.J. Green,3,3
2021092603,781,39973,DeAndre Hopkins,3,3
2021092603,781,46116,Christian Kirk,3,3
2021092603,889,38696,Marvin Jones,3,1
2021092603,889,46130,D.J. Chark,3,3
2021092603,889,52450,Laviska Shenault,3,1
2021092603,953,38696,Marvin Jones,3,0
2021092603,953,46130,D.J. Chark,3,3
2021092603,953,52450,Laviska Shenault,3,3
2021092603,1029,38696,Marvin Jones,3,3
2021092603,1029,46130,D.J. Chark,3,3
2021092603,1029,52450,Laviska Shenault,3,3
2021092603,1143,37077,A.J. Green,3,3
2021092603,1143,39973,DeAndre Hopkins,3,3
2021092603,1143,53478,Rondale Moore,3,0
2021092603,1167,37077,A.J. Green,3,3
2021092603,1167,39973,DeAndre Hopkins,3,3
2021092603,1167,46116,Christian Kirk,3,3
2021092603,1191,37077,A.J. Green,3,3
2021092603,1191,39973,DeAndre Hopkins,3,3
2021092603,1396,39973,DeAndre Hopkins,3,0
2021092603,1600,38696,Marvin Jones,3,3
2021092603,1600,46130,D.J. Chark,3,3
2021092603,1600,52450,Laviska Shenault,3,1
2021092603,1735,38696,Marvin Jones,3,3
2021092603,1735,46130,D.J. Chark,3,3
2021092603,1735,52450,Laviska Shenault,3,3
2021092603,1759,38696,Marvin Jones,3,3
2021092603,1759,46130,D.J. Chark,3,0
2021092603,1759,52450,Laviska Shenault,3,3
2021092603,1800,38696,Marvin Jones,3,3
2021092603,1800,46130,D.J. Chark,3,3
2021092603,1800,52450,Laviska Shenault,3,3
2021092603,1824,38696,Marvin Jones,3,3
2021092603,1824,46130,D.J. Chark,3,3
2021092603,1824,52450,Laviska Shenault,3,3
2021092603,1934,37077,A.J. Green,3,0
2021092603,1934,39973,DeAndre Hopkins,3,0
2021092603,1934,46116,Christian Kirk,3,0
2021092603,1934,53478,Rondale Moore,3,0
2021092603,2046,37077,A.J. Green,3,3
2021092603,2046,39973,DeAndre Hopkins,3,3
2021092603,2046,46116,Christian Kirk,3,3
2021092603,2046,53478,Rondale Moore,3,3
2021092603,2147,37077,A.J. Green,3,3
2021092603,2147,39973,DeAndre Hopkins,3,3
2021092603,2147,46116,Christian Kirk,3,0
2021092603,2147,53478,Rondale Moore,3,3
2021092603,2221,38696,Marvin Jones,3,3
2021092603,2221,42372,Phillip Dorsett,3,3
2021092603,2221,52450,Laviska Shenault,3,3
2021092603,2283,37077,A.J. Green,3,0
2021092603,2283,39973,DeAndre Hopkins,3,0
2021092603,2283,46116,Christian Kirk,3,3
2021092603,2307,37077,A.J. Green,3,3
2021092603,2307,39973,DeAndre Hopkins,3,0
2021092603,2307,46116,Christian Kirk,3,1
2021092603,2410,37077,A.J. Green,3,3
2021092603,2410,39973,DeAndre Hopkins,3,3
2021092603,2410,46116,Christian Kirk,3,3
2021092603,2410,53478,Rondale Moore,3,3
2021092603,2432,37077,A.J. Green,3,1
2021092603,2432,39973,DeAndre Hopkins,3,1
2021092603,2432,46116,Christian Kirk,3,3
2021092603,2456,37077,A.J. Green,3,3
2021092603,2456,39973,DeAndre Hopkins,3,3
2021092603,2456,46116,Christian Kirk,3,3
2021092603,2478,39973,DeAndre Hopkins,3,3
2021092603,2478,48234,Antoine Wesley,3,3
2021092603,2506,37077,A.J. Green,3,3
2021092603,2506,39973,DeAndre Hopkins,3,3
2021092603,2506,46116,Christian Kirk,3,0
2021092603,2506,53478,Rondale Moore,3,3
2021092603,2845,37077,A.J. Green,3,3
2021092603,2845,39973,DeAndre Hopkins,3,1
2021092603,2845,46116,Christian Kirk,3,3
2021092603,3069,38696,Marvin Jones,3,3
2021092603,3069,46130,D.J. Chark,3,3
2021092603,3104,38696,Marvin Jones,3,0
2021092603,3104,46130,D.J. Chark,3,0
2021092603,3104,52450,Laviska Shenault,3,2
2021092603,3164,37077,A.J. Green,3,0
2021092603,3164,39973,DeAndre Hopkins,3,1
2021092603,3209,39973,DeAndre Hopkins,3,3
2021092603,3209,53478,Rondale Moore,3,3
2021092603,3233,37077,A.J. Green,3,0
2021092603,3233,39973,DeAndre Hopkins,3,1
2021092603,3233,46116,Christian Kirk,3,3
2021092603,3233,53478,Rondale Moore,3,3
2021092603,3327,37077,A.J. Green,3,3
2021092603,3327,39973,DeAndre Hopkins,3,3
2021092603,3327,46116,Christian Kirk,3,3
2021092603,3457,38696,Marvin Jones,3,3
2021092603,3457,46130,D.J. Chark,3,3
2021092603,3457,52450,Laviska Shenault,3,3
2021092603,3500,38696,Marvin Jones,3,0
2021092603,3500,46130,D.J. Chark,3,0
2021092603,3500,52450,Laviska Shenault,3,0
2021092603,3582,38696,Marvin Jones,3,3
2021092603,3582,44978,Jamal Agnew,3,3
2021092603,3582,46130,D.J. Chark,3,3
2021092603,3606,38696,Marvin Jones,3,3
2021092603,3606,46130,D.J. Chark,3,3
2021092603,3606,52450,Laviska Shenault,3,1
2021092603,3732,37077,A.J. Green,3,0
2021092603,3732,39973,DeAndre Hopkins,3,0
2021092603,3732,46116,Christian Kirk,3,0
2021092603,3732,53478,Rondale Moore,3,1
2021092603,3929,38696,Marvin Jones,3,3
2021092603,3929,46130,D.J. Chark,3,3
2021092603,3929,52450,Laviska Shenault,3,1
2021092603,3997,38696,Marvin Jones,3,3
2021092603,3997,46130,D.J. Chark,3,3
2021092603,3997,52450,Laviska Shenault,3,3
2021092603,4045,38696,Marvin Jones,3,1
2021092603,4045,46130,D.J. Chark,3,3
2021092603,4045,52450,Laviska Shenault,3,3
2021092603,4070,38696,Marvin Jones,3,3
2021092603,4070,46130,D.J. Chark,3,3
2021092603,4070,52450,Laviska Shenault,3,3
2021092603,4116,38696,Marvin Jones,3,0
2021092603,4116,42372,Phillip Dorsett,3,0
2021092603,4116,44978,Jamal Agnew,3,0
2021092603,4138,46130,D.J. Chark,3,2
2021092603,4138,48601,Tyron Johnson,3,0
2021092603,4138,52450,Laviska Shenault,3,1
2021092603,4162,38696,Marvin Jones,3,0
2021092603,4162,46130,D.J. Chark,3,3
2021092603,4162,52450,Laviska Shenault,3,0
2021092604,100,40024,Keenan Allen,3,3
2021092604,100,44819,Mike Williams,3,3
2021092604,100,48556,Jalen Guyton,3,3
2021092604,210,43454,Tyreek Hill,3,0
2021092604,210,47839,Mecole Hardman,3,0
2021092604,330,43454,Tyreek Hill,3,3
2021092604,330,46522,Byron Pringle,3,3
2021092604,330,47839,Mecole Hardman,3,3
2021092604,399,43415,Demarcus Robinson,3,3
2021092604,399,43454,Tyreek Hill,3,0
2021092604,399,45369,Marcus Kemp,3,3
2021092604,425,40024,Keenan Allen,3,1
2021092604,425,44819,Mike Williams,3,3
2021092604,492,40024,Keenan Allen,3,3
2021092604,492,44819,Mike Williams,3,3
2021092604,492,48556,Jalen Guyton,3,3
2021092604,521,40024,Keenan Allen,3,3
2021092604,521,44819,Mike Williams,3,3
2021092604,614,43415,Demarcus Robinson,3,0
2021092604,614,43454,Tyreek Hill,3,1
2021092604,614,47839,Mecole Hardman,3,0
2021092604,673,43415,Demarcus Robinson,3,0
2021092604,673,43454,Tyreek Hill,3,0
2021092604,737,43415,Demarcus Robinson,3,3
2021092604,737,43454,Tyreek Hill,3,3
2021092604,737,46522,Byron Pringle,3,3
2021092604,788,40024,Keenan Allen,3,3
2021092604,788,44819,Mike Williams,3,0
2021092604,854,40024,Keenan Allen,3,3
2021092604,854,44819,Mike Williams,3,3
2021092604,876,40024,Keenan Allen,3,3
2021092604,876,44819,Mike Williams,3,3
2021092604,876,48556,Jalen Guyton,3,3
2021092604,940,40024,Keenan Allen,3,3
2021092604,940,44819,Mike Williams,3,0
2021092604,985,40024,Keenan Allen,3,3
2021092604,1125,43415,Demarcus Robinson,3,3
2021092604,1125,43454,Tyreek Hill,3,3
2021092604,1125,46522,Byron Pringle,3,3
2021092604,1236,40024,Keenan Allen,3,3
2021092604,1236,44819,Mike Williams,3,3
2021092604,1236,48556,Jalen Guyton,3,3
2021092604,1260,40024,Keenan Allen,3,3
2021092604,1260,53506,Josh Palmer,3,3
2021092604,1305,40024,Keenan Allen,3,1
2021092604,1305,44819,Mike Williams,3,3
2021092604,1305,48556,Jalen Guyton,3,3
2021092604,1330,40024,Keenan Allen,3,3
2021092604,1330,44819,Mike Williams,3,3
2021092604,1460,40024,Keenan Allen,3,0
2021092604,1460,44819,Mike Williams,3,3
2021092604,1484,40024,Keenan Allen,3,3
2021092604,1484,44819,Mike Williams,3,3
2021092604,1529,40024,Keenan Allen,3,3
2021092604,1529,48556,Jalen Guyton,3,3
2021092604,1529,53506,Josh Palmer,3,3
2021092604,1553,40024,Keenan Allen,3,0
2021092604,1553,48556,Jalen Guyton,3,0
2021092604,1553,53506,Josh Palmer,3,2
2021092604,1575,40024,Keenan Allen,3,3
2021092604,1575,44819,Mike Williams,3,3
2021092604,1575,48556,Jalen Guyton,3,3
2021092604,1629,43454,Tyreek Hill,3,3
2021092604,1629,46522,Byron Pringle,3,3
2021092604,1629,47839,Mecole Hardman,3,3
2021092604,1653,43454,Tyreek Hill,3,3
2021092604,1653,46522,Byron Pringle,3,3
2021092604,1653,47839,Mecole Hardman,3,3
2021092604,1675,43454,Tyreek Hill,3,3
2021092604,1675,46522,Byron Pringle,3,3
2021092604,1675,47839,Mecole Hardman,3,0
2021092604,1716,43415,Demarcus Robinson,3,3
2021092604,1716,43454,Tyreek Hill,3,3
2021092604,1716,47839,Mecole Hardman,3,3
2021092604,1740,43415,Demarcus Robinson,3,3
2021092604,1740,43454,Tyreek Hill,3,3
2021092604,1740,47839,Mecole Hardman,3,3
2021092604,1762,43415,Demarcus Robinson,3,3
2021092604,1762,43454,Tyreek Hill,3,3
2021092604,1762,47839,Mecole Hardman,3,3
2021092604,1847,43415,Demarcus Robinson,3,0
2021092604,1847,43454,Tyreek Hill,3,0
2021092604,1847,46522,Byron Pringle,3,1
2021092604,1869,43454,Tyreek Hill,3,0
2021092604,1869,46522,Byron Pringle,3,3
2021092604,1869,47839,Mecole Hardman,3,0
2021092604,2045,43415,Demarcus Robinson,3,0
2021092604,2045,43454,Tyreek Hill,3,1
2021092604,2090,46522,Byron Pringle,3,3
2021092604,2090,47839,Mecole Hardman,3,0
2021092604,2133,43415,Demarcus Robinson,3,3
2021092604,2133,43454,Tyreek Hill,3,3
2021092604,2133,46522,Byron Pringle,3,3
2021092604,2157,43415,Demarcus Robinson,3,3
2021092604,2157,43454,Tyreek Hill,3,3
2021092604,2157,47839,Mecole Hardman,3,1
2021092604,2206,43415,Demarcus Robinson,3,3
2021092604,2206,43454,Tyreek Hill,3,3
2021092604,2284,43415,Demarcus Robinson,3,0
2021092604,2284,46522,Byron Pringle,3,3
2021092604,2284,47839,Mecole Hardman,3,0
2021092604,2428,40024,Keenan Allen,3,0
2021092604,2428,44819,Mike Williams,3,0
2021092604,2428,48556,Jalen Guyton,3,0
2021092604,2496,43415,Demarcus Robinson,3,3
2021092604,2496,46522,Byron Pringle,3,3
2021092604,2496,47839,Mecole Hardman,3,3
2021092604,2564,43415,Demarcus Robinson,3,0
2021092604,2564,46522,Byron Pringle,3,3
2021092604,2564,47839,Mecole Hardman,3,1
2021092604,2657,43415,Demarcus Robinson,3,1
2021092604,2657,43454,Tyreek Hill,3,1
2021092604,2657,45369,Marcus Kemp,3,0
2021092604,2702,43415,Demarcus Robinson,3,3
2021092604,2702,47839,Mecole Hardman,3,3
2021092604,2857,44819,Mike Williams,3,3
2021092604,2881,40024,Keenan Allen,3,3
2021092604,2881,48556,Jalen Guyton,3,3
2021092604,2881,53506,Josh Palmer,3,3
2021092604,2914,40024,Keenan Allen,3,3
2021092604,2914,44819,Mike Williams,3,3
2021092604,2914,48556,Jalen Guyton,3,3
2021092604,2959,40024,Keenan Allen,3,3
2021092604,2959,44819,Mike Williams,3,3
2021092604,2959,48556,Jalen Guyton,3,3
2021092604,2983,40024,Keenan Allen,3,1
2021092604,2983,44819,Mike Williams,3,3
2021092604,2983,48556,Jalen Guyton,3,3
2021092604,3026,40024,Keenan Allen,3,3
2021092604,3026,44819,Mike Williams,3,3
2021092604,3026,48556,Jalen Guyton,3,3
2021092604,3071,40024,Keenan Allen,3,3
2021092604,3071,44819,Mike Williams,3,3
2021092604,3071,48556,Jalen Guyton,3,3
2021092604,3134,46522,Byron Pringle,3,3
2021092604,3206,43415,Demarcus Robinson,3,3
2021092604,3206,43454,Tyreek Hill,3,3
2021092604,3206,47839,Mecole Hardman,3,3
2021092604,3344,43415,Demarcus Robinson,3,3
2021092604,3344,43454,Tyreek Hill,3,3
2021092604,3588,40024,Keenan Allen,3,3
2021092604,3588,44819,Mike Williams,3,3
2021092604,3642,40024,Keenan Allen,3,3
2021092604,3642,44819,Mike Williams,3,3
2021092604,3642,48556,Jalen Guyton,3,3
2021092604,3733,40024,Keenan Allen,3,2
2021092604,3733,44819,Mike Williams,3,3
2021092604,3733,48556,Jalen Guyton,3,1
2021092604,3755,40024,Keenan Allen,3,1
2021092604,3755,44819,Mike Williams,3,0
2021092604,3755,48556,Jalen Guyton,3,1
2021092604,3849,43454,Tyreek Hill,3,3
2021092604,3849,46522,Byron Pringle,3,3
2021092604,3849,47839,Mecole Hardman,3,3
2021092604,3871,43415,Demarcus Robinson,3,0
2021092604,3871,43454,Tyreek Hill,3,0
2021092604,3871,47839,Mecole Hardman,3,0
2021092604,3897,40024,Keenan Allen,3,3
2021092604,3897,44819,Mike Williams,3,3
2021092604,3897,48556,Jalen Guyton,3,3
2021092604,3940,40024,Keenan Allen,3,3
2021092604,3940,44819,Mike Williams,3,3
2021092604,3940,48556,Jalen Guyton,3,3
2021092604,3981,40024,Keenan Allen,3,3
2021092604,3981,44819,Mike Williams,3,3
2021092604,3981,48556,Jalen Guyton,3,3
2021092604,4022,40024,Keenan Allen,3,3
2021092604,4022,44819,Mike Williams,3,3
2021092604,4022,48556,Jalen Guyton,3,3
2021092604,4044,40024,Keenan Allen,3,3
2021092604,4044,44819,Mike Williams,3,3
2021092604,4044,48556,Jalen Guyton,3,3
2021092604,4112,40024,Keenan Allen,3,3
2021092604,4112,44819,Mike Williams,3,3
2021092604,4112,48556,Jalen Guyton,3,3
2021092604,4145,40024,Keenan Allen,3,3
2021092604,4145,44819,Mike Williams,3,3
2021092604,4145,48556,Jalen Guyton,3,3
2021092604,4231,43415,Demarcus Robinson,3,0
2021092604,4231,43454,Tyreek Hill,3,0
2021092604,4231,46522,Byron Pringle,3,1
2021092604,4285,43415,Demarcus Robinson,3,3
2021092604,4285,43454,Tyreek Hill,3,3
2021092604,4285,46522,Byron Pringle,3,3
2021092604,4307,43454,Tyreek Hill,3,3
2021092604,4307,45369,Marcus Kemp,3,3
2021092604,4307,46522,Byron Pringle,3,3
2021092604,4355,43415,Demarcus Robinson,3,0
2021092604,4355,43454,Tyreek Hill,3,0
2021092604,4355,46522,Byron Pringle,3,0
2021092605,100,37737,Chris Hogan,3,3
2021092605,100,42437,Ty Montgomery,3,3
2021092605,180,42363,Nelson Agholor,3,3
2021092605,180,48097,Jakobi Meyers,3,3
2021092605,202,42363,Nelson Agholor,3,3
2021092605,202,45185,Kendrick Bourne,3,1
2021092605,202,48097,Jakobi Meyers,3,3
2021092605,342,40092,Kenny Stills,3,3
2021092605,342,48415,Deonte Harty,3,3
2021092605,366,40092,Kenny Stills,3,0
2021092605,366,48415,Deonte Harty,3,0
2021092605,436,40092,Kenny Stills,3,3
2021092605,436,53098,Marquez Callaway,3,3
2021092605,481,42437,Ty Montgomery,3,3
2021092605,481,48415,Deonte Harty,3,3
2021092605,481,53098,Marquez Callaway,3,3
2021092605,580,42363,Nelson Agholor,3,0
2021092605,580,45185,Kendrick Bourne,3,0
2021092605,580,48097,Jakobi Meyers,3,0
2021092605,668,48415,Deonte Harty,3,3
2021092605,668,53098,Marquez Callaway,3,3
2021092605,718,42437,Ty Montgomery,3,0
2021092605,718,53098,Marquez Callaway,3,0
2021092605,771,40092,Kenny Stills,3,0
2021092605,771,48415,Deonte Harty,3,2
2021092605,771,53098,Marquez Callaway,3,0
2021092605,795,37737,Chris Hogan,3,0
2021092605,795,40092,Kenny Stills,3,0
2021092605,940,42363,Nelson Agholor,3,3
2021092605,940,48097,Jakobi Meyers,3,3
2021092605,964,42363,Nelson Agholor,3,0
2021092605,964,45185,Kendrick Bourne,3,1
2021092605,964,48097,Jakobi Meyers,3,0
2021092605,1026,48415,Deonte Harty,3,0
2021092605,1026,53098,Marquez Callaway,3,3
2021092605,1192,42363,Nelson Agholor,3,3
2021092605,1192,48097,Jakobi Meyers,3,3
2021092605,1220,42363,Nelson Agholor,3,3
2021092605,1220,48097,Jakobi Meyers,3,0
2021092605,1244,42363,Nelson Agholor,3,3
2021092605,1244,45185,Kendrick Bourne,3,1
2021092605,1244,48097,Jakobi Meyers,3,1
2021092605,1273,42363,Nelson Agholor,3,0
2021092605,1273,48097,Jakobi Meyers,3,3
2021092605,1307,45185,Kendrick Bourne,3,3
2021092605,1307,48097,Jakobi Meyers,3,3
2021092605,1307,48988,Gunner Olszewski,3,3
2021092605,1329,42363,Nelson Agholor,3,1
2021092605,1329,45185,Kendrick Bourne,3,0
2021092605,1329,48097,Jakobi Meyers,3,0
2021092605,1443,37737,Chris Hogan,3,3
2021092605,1443,42437,Ty Montgomery,3,3
2021092605,1580,42363,Nelson Agholor,3,0
2021092605,1580,45185,Kendrick Bourne,3,1
2021092605,1580,48097,Jakobi Meyers,3,2
2021092605,1604,42363,Nelson Agholor,3,0
2021092605,1604,45185,Kendrick Bourne,3,3
2021092605,1604,48097,Jakobi Meyers,3,0
2021092605,1626,42363,Nelson Agholor,3,3
2021092605,1626,48097,Jakobi Meyers,3,3
2021092605,1648,45185,Kendrick Bourne,3,3
2021092605,1648,48097,Jakobi Meyers,3,3
2021092605,1648,48988,Gunner Olszewski,3,1
2021092605,1820,42437,Ty Montgomery,3,0
2021092605,1820,48415,Deonte Harty,3,3
2021092605,1820,53098,Marquez Callaway,3,3
2021092605,1887,42363,Nelson Agholor,3,3
2021092605,1887,45185,Kendrick Bourne,3,3
2021092605,1887,48097,Jakobi Meyers,3,3
2021092605,1978,42363,Nelson Agholor,3,3
2021092605,1978,45185,Kendrick Bourne,3,3
2021092605,1978,48097,Jakobi Meyers,3,3
2021092605,2164,42363,Nelson Agholor,3,3
2021092605,2164,45185,Kendrick Bourne,3,1
2021092605,2164,48097,Jakobi Meyers,3,3
2021092605,2243,42363,Nelson Agholor,3,3
2021092605,2243,45185,Kendrick Bourne,3,3
2021092605,2243,48097,Jakobi Meyers,3,3
2021092605,2381,40092,Kenny Stills,3,0
2021092605,2381,53098,Marquez Callaway,3,1
2021092605,2414,42437,Ty Montgomery,3,3
2021092605,2414,48415,Deonte Harty,3,3
2021092605,2414,53098,Marquez Callaway,3,3
2021092605,2526,42363,Nelson Agholor,3,3
2021092605,2526,45185,Kendrick Bourne,3,3
2021092605,2526,48097,Jakobi Meyers,3,1
2021092605,2550,42363,Nelson Agholor,3,3
2021092605,2550,45185,Kendrick Bourne,3,3
2021092605,2550,48097,Jakobi Meyers,3,3
2021092605,2574,42363,Nelson Agholor,3,3
2021092605,2574,45185,Kendrick Bourne,3,0
2021092605,2574,48097,Jakobi Meyers,3,1
2021092605,2619,42363,Nelson Agholor,3,3
2021092605,2619,45185,Kendrick Bourne,3,1
2021092605,2619,48097,Jakobi Meyers,3,3
2021092605,2668,42363,Nelson Agholor,3,1
2021092605,2668,45185,Kendrick Bourne,3,0
2021092605,2668,48097,Jakobi Meyers,3,3
2021092605,2690,45185,Kendrick Bourne,3,3
2021092605,2690,48097,Jakobi Meyers,3,3
2021092605,2690,48988,Gunner Olszewski,3,3
2021092605,2735,42363,Nelson Agholor,3,3
2021092605,2735,48097,Jakobi Meyers,3,3
2021092605,2759,42363,Nelson Agholor,3,3
2021092605,2759,48097,Jakobi Meyers,3,1
2021092605,2783,42363,Nelson Agholor,3,3
2021092605,2783,45185,Kendrick Bourne,3,3
2021092605,2783,48097,Jakobi Meyers,3,3
2021092605,2849,42363,Nelson Agholor,3,3
2021092605,2849,45185,Kendrick Bourne,3,3
2021092605,2849,48097,Jakobi Meyers,3,3
2021092605,2957,37737,Chris Hogan,3,1
2021092605,2957,42437,Ty Montgomery,3,0
2021092605,2957,48415,Deonte Harty,3,3
2021092605,3023,42363,Nelson Agholor,3,1
2021092605,3023,45185,Kendrick Bourne,3,0
2021092605,3023,48097,Jakobi Meyers,3,0
2021092605,3045,42363,Nelson Agholor,3,3
2021092605,3045,45185,Kendrick Bourne,3,3
2021092605,3045,48097,Jakobi Meyers,3,3
2021092605,3069,42363,Nelson Agholor,3,3
2021092605,3069,45185,Kendrick Bourne,3,0
2021092605,3069,48097,Jakobi Meyers,3,1
2021092605,3241,42363,Nelson Agholor,3,3
2021092605,3241,45185,Kendrick Bourne,3,3
2021092605,3241,48097,Jakobi Meyers,3,3
2021092605,3263,42363,Nelson Agholor,3,3
2021092605,3263,45185,Kendrick Bourne,3,1
2021092605,3263,48097,Jakobi Meyers,3,3
2021092605,3317,45185,Kendrick Bourne,3,3
2021092605,3317,48097,Jakobi Meyers,3,3
2021092605,3317,48988,Gunner Olszewski,3,3
2021092605,3373,40092,Kenny Stills,3,1
2021092605,3373,53098,Marquez Callaway,3,0
2021092605,3435,42437,Ty Montgomery,3,3
2021092605,3435,48415,Deonte Harty,3,1
2021092605,3435,53098,Marquez Callaway,3,3
2021092605,3506,40092,Kenny Stills,3,3
2021092605,3506,42437,Ty Montgomery,3,3
2021092605,3506,48415,Deonte Harty,3,3
2021092605,3506,53098,Marquez Callaway,3,3
2021092605,3769,42363,Nelson Agholor,3,1
2021092605,3769,45185,Kendrick Bourne,3,0
2021092605,3769,48097,Jakobi Meyers,3,0
2021092605,3815,45185,Kendrick Bourne,3,3
2021092605,3815,48097,Jakobi Meyers,3,3
2021092605,3815,48988,Gunner Olszewski,3,3
2021092605,3856,42363,Nelson Agholor,3,0
2021092605,3856,45185,Kendrick Bourne,3,3
2021092605,3856,48097,Jakobi Meyers,3,3
2021092605,3878,42363,Nelson Agholor,3,3
2021092605,3878,45185,Kendrick Bourne,3,3
2021092605,3878,48097,Jakobi Meyers,3,3
2021092605,3907,42363,Nelson Agholor,3,0
2021092605,3907,45185,Kendrick Bourne,3,3
2021092605,3907,48097,Jakobi Meyers,3,0
2021092605,3974,42363,Nelson Agholor,3,1
2021092605,3974,45185,Kendrick Bourne,3,0
2021092605,3974,48097,Jakobi Meyers,3,0
2021092605,4020,42363,Nelson Agholor,3,0
2021092605,4020,45185,Kendrick Bourne,3,0
2021092605,4020,48097,Jakobi Meyers,3,0
2021092605,4061,45185,Kendrick Bourne,3,3
2021092605,4061,48097,Jakobi Meyers,3,3
2021092605,4061,48988,Gunner Olszewski,3,0
2021092605,4090,42363,Nelson Agholor,3,0
2021092605,4090,45185,Kendrick Bourne,3,0
2021092605,4090,48097,Jakobi Meyers,3,0
2021092605,4112,45185,Kendrick Bourne,3,0
2021092605,4112,48097,Jakobi Meyers,3,0
2021092605,4112,48988,Gunner Olszewski,3,0
2021092605,4140,42363,Nelson Agholor,3,0
2021092605,4140,48097,Jakobi Meyers,3,0
2021092605,4140,48988,Gunner Olszewski,3,0
2021092605,4162,42363,Nelson Agholor,3,3
2021092605,4162,45185,Kendrick Bourne,3,3
2021092605,4162,48988,Gunner Olszewski,3,3
2021092606,76,46095,Calvin Ridley,3,1
2021092606,105,46095,Calvin Ridley,3,3
2021092606,105,48374,Olamide Zaccheaus,3,3
2021092606,159,46095,Calvin Ridley,3,0
2021092606,232,43329,Sterling Shepard,3,0
2021092606,232,44908,Kenny Golladay,3,0
2021092606,319,43329,Sterling Shepard,3,3
2021092606,319,44908,Kenny Golladay,3,3
2021092606,319,47954,Darius Slayton,3,3
2021092606,343,43329,Sterling Shepard,3,3
2021092606,343,45255,C.J. Board,3,3
2021092606,343,47954,Darius Slayton,3,3
2021092606,551,43429,Tajae Sharpe,3,3
2021092606,551,46095,Calvin Ridley,3,3
2021092606,551,48374,Olamide Zaccheaus,3,3
2021092606,617,43429,Tajae Sharpe,3,3
2021092606,617,46095,Calvin Ridley,3,3
2021092606,617,48374,Olamide Zaccheaus,3,3
2021092606,677,44908,Kenny Golladay,3,3
2021092606,677,53449,Kadarius Toney,3,0
2021092606,727,43329,Sterling Shepard,3,3
2021092606,727,47954,Darius Slayton,3,3
2021092606,727,53449,Kadarius Toney,3,3
2021092606,751,43329,Sterling Shepard,3,3
2021092606,751,45255,C.J. Board,3,3
2021092606,751,53449,Kadarius Toney,3,3
2021092606,814,43429,Tajae Sharpe,3,1
2021092606,814,46095,Calvin Ridley,3,3
2021092606,814,48374,Olamide Zaccheaus,3,1
2021092606,836,46095,Calvin Ridley,3,0
2021092606,860,43429,Tajae Sharpe,3,3
2021092606,860,46095,Calvin Ridley,3,3
2021092606,860,48374,Olamide Zaccheaus,3,3
2021092606,903,52573,Collin Johnson,3,0
2021092606,1017,43329,Sterling Shepard,3,3
2021092606,1017,44908,Kenny Golladay,3,3
2021092606,1017,45255,C.J. Board,3,3
2021092606,1017,53449,Kadarius Toney,3,3
2021092606,1041,43329,Sterling Shepard,3,0
2021092606,1041,44908,Kenny Golladay,3,3
2021092606,1086,43329,Sterling Shepard,3,3
2021092606,1086,44908,Kenny Golladay,3,3
2021092606,1086,53449,Kadarius Toney,3,3
2021092606,1108,43329,Sterling Shepard,3,3
2021092606,1108,44908,Kenny Golladay,3,3
2021092606,1108,53449,Kadarius Toney,3,1
2021092606,1271,44908,Kenny Golladay,3,3
2021092606,1271,52573,Collin Johnson,3,3
2021092606,1271,53449,Kadarius Toney,3,3
2021092606,1339,43429,Tajae Sharpe,3,3
2021092606,1339,46095,Calvin Ridley,3,3
2021092606,1339,48374,Olamide Zaccheaus,3,3
2021092606,1405,46095,Calvin Ridley,3,3
2021092606,1405,48374,Olamide Zaccheaus,3,3
2021092606,1427,43429,Tajae Sharpe,3,3
2021092606,1427,46095,Calvin Ridley,3,3
2021092606,1427,48374,Olamide Zaccheaus,3,3
2021092606,1488,46095,Calvin Ridley,3,3
2021092606,1512,46095,Calvin Ridley,3,3
2021092606,1512,48374,Olamide Zaccheaus,3,3
2021092606,1536,46095,Calvin Ridley,3,0
2021092606,1536,48374,Olamide Zaccheaus,3,0
2021092606,1653,45255,C.J. Board,3,3
2021092606,1696,45255,C.J. Board,3,3
2021092606,1696,52573,Collin Johnson,3,3
2021092606,1696,53449,Kadarius Toney,3,3
2021092606,1736,45255,C.J. Board,3,3
2021092606,1736,52573,Collin Johnson,3,3
2021092606,1736,53449,Kadarius Toney,3,3
2021092606,1838,43429,Tajae Sharpe,3,3
2021092606,1838,46095,Calvin Ridley,3,3
2021092606,1838,48374,Olamide Zaccheaus,3,3
2021092606,1867,46095,Calvin Ridley,3,3
2021092606,1867,48374,Olamide Zaccheaus,3,3
2021092606,1902,46095,Calvin Ridley,3,1
2021092606,1902,48374,Olamide Zaccheaus,3,3
2021092606,1931,46095,Calvin Ridley,3,3
2021092606,1987,43429,Tajae Sharpe,3,3
2021092606,1987,46095,Calvin Ridley,3,3
2021092606,1987,48374,Olamide Zaccheaus,3,3
2021092606,2043,44908,Kenny Golladay,3,3
2021092606,2043,45255,C.J. Board,3,3
2021092606,2043,53449,Kadarius Toney,3,3
2021092606,2067,44908,Kenny Golladay,3,3
2021092606,2067,45255,C.J. Board,3,3
2021092606,2067,53449,Kadarius Toney,3,3
2021092606,2115,46095,Calvin Ridley,3,0
2021092606,2115,48374,Olamide Zaccheaus,3,0
2021092606,2137,46095,Calvin Ridley,3,0
2021092606,2137,48374,Olamide Zaccheaus,3,3
2021092606,2161,43429,Tajae Sharpe,3,3
2021092606,2161,46095,Calvin Ridley,3,3
2021092606,2161,48374,Olamide Zaccheaus,3,3
2021092606,2314,44908,Kenny Golladay,3,3
2021092606,2314,52573,Collin Johnson,3,3
2021092606,2314,53449,Kadarius Toney,3,3
2021092606,2338,44908,Kenny Golladay,3,3
2021092606,2338,52573,Collin Johnson,3,3
2021092606,2338,53449,Kadarius Toney,3,3
2021092606,2388,44908,Kenny Golladay,3,0
2021092606,2388,52573,Collin Johnson,3,0
2021092606,2388,53449,Kadarius Toney,3,0
2021092606,2488,46095,Calvin Ridley,3,3
2021092606,2522,43429,Tajae Sharpe,3,3
2021092606,2522,46095,Calvin Ridley,3,3
2021092606,2522,48374,Olamide Zaccheaus,3,3
2021092606,2622,45255,C.J. Board,3,3
2021092606,2622,52573,Collin Johnson,3,3
2021092606,2622,53449,Kadarius Toney,3,3
2021092606,2688,45255,C.J. Board,3,3
2021092606,2688,52573,Collin Johnson,3,3
2021092606,2688,53449,Kadarius Toney,3,3
2021092606,2734,45255,C.J. Board,3,3
2021092606,2734,52573,Collin Johnson,3,3
2021092606,2734,53449,Kadarius Toney,3,3
2021092606,2875,46095,Calvin Ridley,3,1
2021092606,2899,43429,Tajae Sharpe,3,3
2021092606,2899,46095,Calvin Ridley,3,3
2021092606,2899,48374,Olamide Zaccheaus,3,1
2021092606,3036,44908,Kenny Golladay,3,3
2021092606,3036,52573,Collin Johnson,3,3
2021092606,3036,53449,Kadarius Toney,3,3
2021092606,3121,44908,Kenny Golladay,3,3
2021092606,3121,52573,Collin Johnson,3,3
2021092606,3121,53449,Kadarius Toney,3,3
2021092606,3162,44908,Kenny Golladay,3,3
2021092606,3162,53449,Kadarius Toney,3,0
2021092606,3298,46095,Calvin Ridley,3,0
2021092606,3339,46095,Calvin Ridley,3,3
2021092606,3339,48374,Olamide Zaccheaus,3,3
2021092606,3384,46095,Calvin Ridley,3,3
2021092606,3384,48374,Olamide Zaccheaus,3,3
2021092606,3439,46095,Calvin Ridley,3,0
2021092606,3439,48374,Olamide Zaccheaus,3,3
2021092606,3468,43429,Tajae Sharpe,3,3
2021092606,3468,46095,Calvin Ridley,3,3
2021092606,3468,48374,Olamide Zaccheaus,3,3
2021092606,3511,43429,Tajae Sharpe,3,3
2021092606,3511,46095,Calvin Ridley,3,3
2021092606,3511,48374,Olamide Zaccheaus,3,3
2021092606,3564,46095,Calvin Ridley,3,1
2021092606,3564,48374,Olamide Zaccheaus,3,3
2021092606,3588,46095,Calvin Ridley,3,3
2021092606,3588,48374,Olamide Zaccheaus,3,3
2021092606,3610,46095,Calvin Ridley,3,3
2021092606,3610,48374,Olamide Zaccheaus,3,1
2021092606,3720,45255,C.J. Board,3,3
2021092606,3720,52573,Collin Johnson,3,3
2021092606,3720,53449,Kadarius Toney,3,3
2021092606,3770,44908,Kenny Golladay,3,3
2021092606,3770,52573,Collin Johnson,3,3
2021092606,3770,53449,Kadarius Toney,3,3
2021092606,3815,44908,Kenny Golladay,3,3
2021092606,3815,52573,Collin Johnson,3,3
2021092606,3815,53449,Kadarius Toney,3,3
2021092606,3848,44908,Kenny Golladay,3,3
2021092606,3848,52573,Collin Johnson,3,3
2021092606,3848,53449,Kadarius Toney,3,3
2021092606,4022,43429,Tajae Sharpe,3,3
2021092606,4022,46095,Calvin Ridley,3,3
2021092606,4022,48374,Olamide Zaccheaus,3,3
2021092607,132,44874,JuJu Smith-Schuster,3,3
2021092607,132,46129,James Washington,3,3
2021092607,132,52457,Chase Claypool,3,3
2021092607,204,43344,Tyler Boyd,3,3
2021092607,204,46322,Auden Tate,3,3
2021092607,204,53434,Ja'Marr Chase,3,3
2021092607,390,44874,JuJu Smith-Schuster,3,3
2021092607,390,52457,Chase Claypool,3,3
2021092607,533,43344,Tyler Boyd,3,3
2021092607,533,53434,Ja'Marr Chase,3,3
2021092607,580,44874,JuJu Smith-Schuster,3,1
2021092607,580,52457,Chase Claypool,3,3
2021092607,629,44874,JuJu Smith-Schuster,3,0
2021092607,629,46129,James Washington,3,1
2021092607,629,52457,Chase Claypool,3,3
2021092607,697,43344,Tyler Boyd,3,3
2021092607,697,46322,Auden Tate,3,3
2021092607,697,48471,Trenton Irwin,3,3
2021092607,697,53434,Ja'Marr Chase,3,3
2021092607,765,43344,Tyler Boyd,3,3
2021092607,765,53434,Ja'Marr Chase,3,3
2021092607,789,43344,Tyler Boyd,3,3
2021092607,789,48471,Trenton Irwin,3,3
2021092607,789,53434,Ja'Marr Chase,3,3
2021092607,891,46129,James Washington,3,3
2021092607,891,46256,Ray-Ray McCloud,3,3
2021092607,891,52457,Chase Claypool,3,3
2021092607,962,44874,JuJu Smith-Schuster,3,2
2021092607,962,46129,James Washington,3,1
2021092607,962,52457,Chase Claypool,3,3
2021092607,1099,44874,JuJu Smith-Schuster,3,3
2021092607,1099,46129,James Washington,3,3
2021092607,1099,52457,Chase Claypool,3,3
2021092607,1123,44874,JuJu Smith-Schuster,3,3
2021092607,1123,46129,James Washington,3,3
2021092607,1123,52457,Chase Claypool,3,3
2021092607,1288,44874,JuJu Smith-Schuster,3,3
2021092607,1288,46129,James Washington,3,3
2021092607,1288,52457,Chase Claypool,3,3
2021092607,1312,52457,Chase Claypool,3,3
2021092607,1355,44874,JuJu Smith-Schuster,3,3
2021092607,1355,46129,James Washington,3,3
2021092607,1355,46256,Ray-Ray McCloud,3,3
2021092607,1477,44874,JuJu Smith-Schuster,3,3
2021092607,1477,46129,James Washington,3,3
2021092607,1501,46129,James Washington,3,1
2021092607,1501,46256,Ray-Ray McCloud,3,3
2021092607,1501,52457,Chase Claypool,3,3
2021092607,1587,44874,JuJu Smith-Schuster,3,3
2021092607,1587,46129,James Washington,3,3
2021092607,1587,52457,Chase Claypool,3,3
2021092607,1684,43344,Tyler Boyd,3,3
2021092607,1684,43495,Mike Thomas,3,3
2021092607,1684,53434,Ja'Marr Chase,3,3
2021092607,1708,43344,Tyler Boyd,3,3
2021092607,1708,43495,Mike Thomas,3,3
2021092607,1708,53434,Ja'Marr Chase,3,3
2021092607,1752,43344,Tyler Boyd,3,3
2021092607,1752,43495,Mike Thomas,3,3
2021092607,1752,53434,Ja'Marr Chase,3,3
2021092607,1793,43344,Tyler Boyd,3,3
2021092607,1793,43495,Mike Thomas,3,3
2021092607,1793,53434,Ja'Marr Chase,3,3
2021092607,1849,46129,James Washington,3,3
2021092607,1849,46256,Ray-Ray McCloud,3,3
2021092607,1849,52457,Chase Claypool,3,3
2021092607,1871,46129,James Washington,3,1
2021092607,1871,46256,Ray-Ray McCloud,3,1
2021092607,1871,52457,Chase Claypool,3,0
2021092607,1954,43344,Tyler Boyd,3,0
2021092607,1954,46322,Auden Tate,3,0
2021092607,1954,53434,Ja'Marr Chase,3,0
2021092607,2072,43344,Tyler Boyd,3,3
2021092607,2072,46322,Auden Tate,3,3
2021092607,2072,53434,Ja'Marr Chase,3,3
2021092607,2151,43344,Tyler Boyd,3,3
2021092607,2151,48471,Trenton Irwin,3,3
2021092607,2151,53434,Ja'Marr Chase,3,3
2021092607,2218,43344,Tyler Boyd,3,3
2021092607,2218,46322,Auden Tate,3,3
2021092607,2218,53434,Ja'Marr Chase,3,3
2021092607,2301,43344,Tyler Boyd,3,3
2021092607,2301,46322,Auden Tate,3,3
2021092607,2301,53434,Ja'Marr Chase,3,3
2021092607,2325,43344,Tyler Boyd,3,3
2021092607,2325,46322,Auden Tate,3,3
2021092607,2325,53434,Ja'Marr Chase,3,3
2021092607,2381,52457,Chase Claypool,3,3
2021092607,2427,44874,JuJu Smith-Schuster,3,1
2021092607,2427,46256,Ray-Ray McCloud,3,0
2021092607,2427,52457,Chase Claypool,3,3
2021092607,2506,43344,Tyler Boyd,3,3
2021092607,2506,46322,Auden Tate,3,3
2021092607,2506,53434,Ja'Marr Chase,3,0
2021092607,2569,44874,JuJu Smith-Schuster,3,3
2021092607,2569,46129,James Washington,3,3
2021092607,2569,52457,Chase Claypool,3,3
2021092607,2614,44874,JuJu Smith-Schuster,3,3
2021092607,2614,46129,James Washington,3,3
2021092607,2614,52457,Chase Claypool,3,3
2021092607,2683,46129,James Washington,3,3
2021092607,2683,46256,Ray-Ray McCloud,3,3
2021092607,2683,52457,Chase Claypool,3,3
2021092607,2705,46129,James Washington,3,3
2021092607,2705,52457,Chase Claypool,3,3
2021092607,2797,43344,Tyler Boyd,3,3
2021092607,2797,48471,Trenton Irwin,3,3
2021092607,2797,53434,Ja'Marr Chase,3,3
2021092607,2878,46129,James Washington,3,3
2021092607,2878,46256,Ray-Ray McCloud,3,3
2021092607,2878,52457,Chase Claypool,3,3
2021092607,2923,46129,James Washington,3,3
2021092607,2923,46256,Ray-Ray McCloud,3,3
2021092607,2923,52457,Chase Claypool,3,3
2021092607,3011,46129,James Washington,3,3
2021092607,3011,46256,Ray-Ray McCloud,3,3
2021092607,3011,52457,Chase Claypool,3,3
2021092607,3040,46129,James Washington,3,3
2021092607,3040,46256,Ray-Ray McCloud,3,3
2021092607,3040,52457,Chase Claypool,3,3
2021092607,3070,46256,Ray-Ray McCloud,3,1
2021092607,3070,52457,Chase Claypool,3,3
2021092607,3070,52793,Cody White,3,1
2021092607,3094,46256,Ray-Ray McCloud,3,3
2021092607,3094,52457,Chase Claypool,3,3
2021092607,3094,52793,Cody White,3,3
2021092607,3118,46129,James Washington,3,3
2021092607,3118,46256,Ray-Ray McCloud,3,3
2021092607,3118,52793,Cody White,3,3
2021092607,3142,46129,James Washington,3,3
2021092607,3142,46256,Ray-Ray McCloud,3,3
2021092607,3142,52793,Cody White,3,3
2021092607,3182,46129,James Washington,3,3
2021092607,3182,46256,Ray-Ray McCloud,3,3
2021092607,3182,52457,Chase Claypool,3,3
2021092607,3215,46129,James Washington,3,3
2021092607,3215,46256,Ray-Ray McCloud,3,3
2021092607,3215,52793,Cody White,3,3
2021092607,3237,46129,James Washington,3,3
2021092607,3237,46256,Ray-Ray McCloud,3,3
2021092607,3237,52457,Chase Claypool,3,3
2021092607,3261,46129,James Washington,3,3
2021092607,3261,46256,Ray-Ray McCloud,3,3
2021092607,3261,52457,Chase Claypool,3,3
2021092607,3362,46129,James Washington,3,3
2021092607,3362,46256,Ray-Ray McCloud,3,3
2021092607,3362,52457,Chase Claypool,3,3
2021092607,3386,46129,James Washington,3,3
2021092607,3386,46256,Ray-Ray McCloud,3,3
2021092607,3386,52457,Chase Claypool,3,3
2021092607,3457,43344,Tyler Boyd,3,3
2021092607,3457,46322,Auden Tate,3,3
2021092607,3457,53434,Ja'Marr Chase,3,3
2021092607,3523,43344,Tyler Boyd,3,3
2021092607,3523,43495,Mike Thomas,3,3
2021092607,3523,46322,Auden Tate,3,3
2021092607,3523,53434,Ja'Marr Chase,3,3
2021092607,3566,46129,James Washington,3,3
2021092607,3566,46256,Ray-Ray McCloud,3,3
2021092607,3566,52457,Chase Claypool,3,3
2021092607,3588,46129,James Washington,3,3
2021092607,3588,46256,Ray-Ray McCloud,3,3
2021092607,3588,52457,Chase Claypool,3,3
2021092607,3610,46256,Ray-Ray McCloud,3,3
2021092607,3610,52457,Chase Claypool,3,3
2021092607,3610,52793,Cody White,3,3
2021092607,3634,46256,Ray-Ray McCloud,3,3
2021092607,3634,52457,Chase Claypool,3,3
2021092607,3634,52793,Cody White,3,3
2021092607,3663,46129,James Washington,3,3
2021092607,3663,46256,Ray-Ray McCloud,3,3
2021092607,3663,52457,Chase Claypool,3,3
2021092607,3687,46129,James Washington,3,1
2021092607,3687,46256,Ray-Ray McCloud,3,0
2021092607,3687,52457,Chase Claypool,3,3
2021092607,3711,46129,James Washington,3,3
2021092607,3711,46256,Ray-Ray McCloud,3,3
2021092607,3711,52793,Cody White,3,3
2021092607,3738,46129,James Washington,3,3
2021092607,3738,46256,Ray-Ray McCloud,3,3
2021092607,3738,52457,Chase Claypool,3,3
2021092607,3804,46129,James Washington,3,3
2021092607,3804,46256,Ray-Ray McCloud,3,3
2021092607,3804,52457,Chase Claypool,3,3
2021092607,3828,46129,James Washington,3,3
2021092607,3828,46256,Ray-Ray McCloud,3,3
2021092607,3828,52457,Chase Claypool,3,3
2021092607,3867,46129,James Washington,3,3
2021092607,3867,46256,Ray-Ray McCloud,3,3
2021092607,3867,52457,Chase Claypool,3,3
2021092607,4054,46129,James Washington,3,3
2021092607,4054,46256,Ray-Ray McCloud,3,3
2021092607,4054,52457,Chase Claypool,3,3
2021092607,4078,46129,James Washington,3,3
2021092607,4078,46256,Ray-Ray McCloud,3,3
2021092607,4078,52457,Chase Claypool,3,3
2021092607,4100,46129,James Washington,3,3
2021092607,4100,46256,Ray-Ray McCloud,3,3
2021092607,4100,52457,Chase Claypool,3,3
2021092607,4122,46129,James Washington,3,3
2021092607,4122,46256,Ray-Ray McCloud,3,3
2021092607,4122,52457,Chase Claypool,3,3
2021092608,178,45102,Zach Pascal,3,3
2021092608,178,47842,Parris Campbell,3,1
2021092608,178,52442,Michael Pittman,3,3
2021092608,288,37079,Julio Jones,3,3
2021092608,288,43556,Chester Rogers,3,1
2021092608,288,47834,A.J. Brown,3,3
2021092608,333,37079,Julio Jones,3,3
2021092608,333,43556,Chester Rogers,3,3
2021092608,333,47834,A.J. Brown,3,1
2021092608,333,53074,Nick Westbrook-Ikhine,3,3
2021092608,355,37079,Julio Jones,3,3
2021092608,355,43556,Chester Rogers,3,3
2021092608,355,46836,Cameron Batson,3,3
2021092608,426,37079,Julio Jones,3,3
2021092608,426,43556,Chester Rogers,3,1
2021092608,426,53074,Nick Westbrook-Ikhine,3,3
2021092608,448,37079,Julio Jones,3,3
2021092608,448,43556,Chester Rogers,3,3
2021092608,448,53074,Nick Westbrook-Ikhine,3,3
2021092608,532,45102,Zach Pascal,3,0
2021092608,532,47842,Parris Campbell,3,0
2021092608,532,52442,Michael Pittman,3,0
2021092608,565,45102,Zach Pascal,3,3
2021092608,565,47842,Parris Campbell,3,3
2021092608,565,52442,Michael Pittman,3,3
2021092608,589,45102,Zach Pascal,3,1
2021092608,589,47842,Parris Campbell,3,3
2021092608,589,52442,Michael Pittman,3,3
2021092608,657,37079,Julio Jones,3,3
2021092608,657,53074,Nick Westbrook-Ikhine,3,3
2021092608,702,46836,Cameron Batson,3,1
2021092608,702,53634,Racey McMath,3,3
2021092608,724,43556,Chester Rogers,3,1
2021092608,724,46836,Cameron Batson,3,1
2021092608,724,53634,Racey McMath,3,0
2021092608,748,37079,Julio Jones,3,0
2021092608,748,43556,Chester Rogers,3,1
2021092608,748,53074,Nick Westbrook-Ikhine,3,3
2021092608,823,37079,Julio Jones,3,1
2021092608,823,43556,Chester Rogers,3,1
2021092608,823,53074,Nick Westbrook-Ikhine,3,0
2021092608,929,45102,Zach Pascal,3,3
2021092608,929,47842,Parris Campbell,3,3
2021092608,929,52442,Michael Pittman,3,3
2021092608,1144,37079,Julio Jones,3,3
2021092608,1144,43556,Chester Rogers,3,3
2021092608,1144,53074,Nick Westbrook-Ikhine,3,3
2021092608,1236,37079,Julio Jones,3,3
2021092608,1236,46836,Cameron Batson,3,3
2021092608,1236,53074,Nick Westbrook-Ikhine,3,3
2021092608,1281,53074,Nick Westbrook-Ikhine,3,3
2021092608,1281,53634,Racey McMath,3,3
2021092608,1365,45102,Zach Pascal,3,0
2021092608,1365,47842,Parris Campbell,3,1
2021092608,1365,52442,Michael Pittman,3,0
2021092608,1572,37079,Julio Jones,3,3
2021092608,1572,43556,Chester Rogers,3,2
2021092608,1572,53074,Nick Westbrook-Ikhine,3,3
2021092608,1632,37079,Julio Jones,3,3
2021092608,1632,43556,Chester Rogers,3,3
2021092608,1632,46836,Cameron Batson,3,3
2021092608,1632,53074,Nick Westbrook-Ikhine,3,3
2021092608,1694,45102,Zach Pascal,3,0
2021092608,1694,47842,Parris Campbell,3,1
2021092608,1694,52442,Michael Pittman,3,0
2021092608,1727,45102,Zach Pascal,3,3
2021092608,1727,47842,Parris Campbell,3,1
2021092608,1727,52442,Michael Pittman,3,3
2021092608,1857,45102,Zach Pascal,3,3
2021092608,1857,47842,Parris Campbell,3,3
2021092608,1857,52442,Michael Pittman,3,3
2021092608,1881,45102,Zach Pascal,3,3
2021092608,1881,47842,Parris Campbell,3,3
2021092608,1881,52442,Michael Pittman,3,3
2021092608,1998,45102,Zach Pascal,3,3
2021092608,1998,47842,Parris Campbell,3,3
2021092608,1998,52442,Michael Pittman,3,3
2021092608,2043,45102,Zach Pascal,3,3
2021092608,2043,52442,Michael Pittman,3,2
2021092608,2135,45102,Zach Pascal,3,3
2021092608,2135,47842,Parris Campbell,3,3
2021092608,2135,52442,Michael Pittman,3,3
2021092608,2180,45102,Zach Pascal,3,1
2021092608,2180,52442,Michael Pittman,3,3
2021092608,2202,45102,Zach Pascal,3,3
2021092608,2202,47842,Parris Campbell,3,3
2021092608,2202,52442,Michael Pittman,3,3
2021092608,2224,45102,Zach Pascal,3,3
2021092608,2224,47842,Parris Campbell,3,3
2021092608,2224,52442,Michael Pittman,3,3
2021092608,2332,37079,Julio Jones,3,3
2021092608,2332,43556,Chester Rogers,3,3
2021092608,2332,53074,Nick Westbrook-Ikhine,3,3
2021092608,2432,46836,Cameron Batson,3,0
2021092608,2432,53634,Racey McMath,3,3
2021092608,2456,53074,Nick Westbrook-Ikhine,3,3
2021092608,2538,45102,Zach Pascal,3,3
2021092608,2538,47842,Parris Campbell,3,3
2021092608,2538,52442,Michael Pittman,3,3
2021092608,2790,46836,Cameron Batson,3,3
2021092608,2790,53074,Nick Westbrook-Ikhine,3,3
2021092608,2814,43556,Chester Rogers,3,3
2021092608,2814,53074,Nick Westbrook-Ikhine,3,3
2021092608,2814,53634,Racey McMath,3,3
2021092608,2868,45102,Zach Pascal,3,0
2021092608,2868,47842,Parris Campbell,3,0
2021092608,2868,52442,Michael Pittman,3,0
2021092608,2892,45102,Zach Pascal,3,3
2021092608,2892,47842,Parris Campbell,3,3
2021092608,2892,52442,Michael Pittman,3,3
2021092608,2914,45102,Zach Pascal,3,3
2021092608,2914,47842,Parris Campbell,3,1
2021092608,2914,52442,Michael Pittman,3,0
2021092608,2936,45102,Zach Pascal,3,3
2021092608,2936,47842,Parris Campbell,3,3
2021092608,2936,52442,Michael Pittman,3,3
2021092608,2977,45102,Zach Pascal,3,3
2021092608,2977,47842,Parris Campbell,3,3
2021092608,2977,52442,Michael Pittman,3,3
2021092608,3024,45102,Zach Pascal,3,3
2021092608,3024,48118,Ashton Dulin,3,3
2021092608,3024,52442,Michael Pittman,3,3
2021092608,3150,43556,Chester Rogers,3,3
2021092608,3150,46836,Cameron Batson,3,3
2021092608,3150,53074,Nick Westbrook-Ikhine,3,3
2021092608,3174,46836,Cameron Batson,3,3
2021092608,3174,53074,Nick Westbrook-Ikhine,3,1
2021092608,3240,43556,Chester Rogers,3,1
2021092608,3240,46836,Cameron Batson,3,1
2021092608,3240,53074,Nick Westbrook-Ikhine,3,3
2021092608,3361,53074,Nick Westbrook-Ikhine,3,1
2021092608,3361,53634,Racey McMath,3,1
2021092608,3482,45102,Zach Pascal,3,3
2021092608,3482,47842,Parris Campbell,3,3
2021092608,3482,52442,Michael Pittman,3,3
2021092608,3534,45102,Zach Pascal,3,3
2021092608,3534,47842,Parris Campbell,3,3
2021092608,3534,52442,Michael Pittman,3,3
2021092608,3563,45102,Zach Pascal,3,0
2021092608,3563,47842,Parris Campbell,3,0
2021092608,3563,52442,Michael Pittman,3,0
2021092608,3604,45102,Zach Pascal,3,3
2021092608,3604,47842,Parris Campbell,3,3
2021092608,3604,52442,Michael Pittman,3,3
2021092608,3628,45102,Zach Pascal,3,1
2021092608,3628,47842,Parris Campbell,3,3
2021092608,3628,52442,Michael Pittman,3,3
2021092608,3652,45102,Zach Pascal,3,0
2021092608,3652,47842,Parris Campbell,3,3
2021092608,3652,52442,Michael Pittman,3,0
2021092608,3691,45102,Zach Pascal,3,3
2021092608,3691,47842,Parris Campbell,3,3
2021092608,3691,52442,Michael Pittman,3,3
2021092609,54,45267,Tim Patrick,3,3
2021092609,54,46109,Courtland Sutton,3,3
2021092609,54,52454,K.J. Hamler,3,3
2021092609,107,46109,Courtland Sutton,3,1
2021092609,107,52454,K.J. Hamler,3,0
2021092609,150,45267,Tim Patrick,3,1
2021092609,150,46109,Courtland Sutton,3,1
2021092609,199,44817,Corey Davis,3,3
2021092609,199,53463,Elijah Moore,3,3
2021092609,265,44817,Corey Davis,3,3
2021092609,265,46279,Braxton Berrios,3,3
2021092609,265,53463,Elijah Moore,3,3
2021092609,327,45267,Tim Patrick,3,3
2021092609,327,46109,Courtland Sutton,3,3
2021092609,409,45267,Tim Patrick,3,3
2021092609,409,46109,Courtland Sutton,3,3
2021092609,409,52454,K.J. Hamler,3,3
2021092609,452,45267,Tim Patrick,3,0
2021092609,452,46109,Courtland Sutton,3,3
2021092609,452,52454,K.J. Hamler,3,0
2021092609,497,45267,Tim Patrick,3,0
2021092609,497,46109,Courtland Sutton,3,1
2021092609,653,44817,Corey Davis,3,3
2021092609,653,46279,Braxton Berrios,3,3
2021092609,653,53463,Elijah Moore,3,3
2021092609,712,45267,Tim Patrick,3,0
2021092609,712,46109,Courtland Sutton,3,0
2021092609,712,52454,K.J. Hamler,3,0
2021092609,757,52454,K.J. Hamler,3,3
2021092609,779,45267,Tim Patrick,3,3
2021092609,779,46109,Courtland Sutton,3,3
2021092609,779,52454,K.J. Hamler,3,3
2021092609,833,45267,Tim Patrick,3,3
2021092609,833,46109,Courtland Sutton,3,3
2021092609,833,52454,K.J. Hamler,3,3
2021092609,910,44817,Corey Davis,3,3
2021092609,910,46279,Braxton Berrios,3,1
2021092609,910,53463,Elijah Moore,3,3
2021092609,934,44817,Corey Davis,3,3
2021092609,934,46279,Braxton Berrios,3,1
2021092609,934,53463,Elijah Moore,3,3
2021092609,958,44817,Corey Davis,3,3
2021092609,958,45555,Keelan Cole,3,3
2021092609,958,46279,Braxton Berrios,3,3
2021092609,1003,44817,Corey Davis,3,3
2021092609,1003,46279,Braxton Berrios,3,3
2021092609,1003,53463,Elijah Moore,3,3
2021092609,1051,46279,Braxton Berrios,3,3
2021092609,1051,53463,Elijah Moore,3,3
2021092609,1073,44817,Corey Davis,3,3
2021092609,1073,46279,Braxton Berrios,3,1
2021092609,1073,53463,Elijah Moore,3,3
2021092609,1142,44817,Corey Davis,3,0
2021092609,1142,46279,Braxton Berrios,3,0
2021092609,1142,53463,Elijah Moore,3,0
2021092609,1277,45267,Tim Patrick,3,3
2021092609,1277,46109,Courtland Sutton,3,3
2021092609,1413,46109,Courtland Sutton,3,0
2021092609,1413,52454,K.J. Hamler,3,0
2021092609,1519,42051,Diontae Spencer,3,3
2021092609,1519,45267,Tim Patrick,3,3
2021092609,1519,46109,Courtland Sutton,3,3
2021092609,1543,42051,Diontae Spencer,3,3
2021092609,1543,45267,Tim Patrick,3,3
2021092609,1543,46109,Courtland Sutton,3,3
2021092609,1649,42051,Diontae Spencer,3,3
2021092609,1649,45267,Tim Patrick,3,3
2021092609,1649,46109,Courtland Sutton,3,3
2021092609,1770,44817,Corey Davis,3,3
2021092609,1770,48657,Jeff Smith,3,3
2021092609,1770,53463,Elijah Moore,3,3
2021092609,1835,44817,Corey Davis,3,3
2021092609,1835,46279,Braxton Berrios,3,3
2021092609,1835,53463,Elijah Moore,3,3
2021092609,1912,44817,Corey Davis,3,3
2021092609,1912,45555,Keelan Cole,3,3
2021092609,1988,44817,Corey Davis,3,3
2021092609,1988,46279,Braxton Berrios,3,3
2021092609,1988,53463,Elijah Moore,3,3
2021092609,2122,42051,Diontae Spencer,3,0
2021092609,2122,45267,Tim Patrick,3,0
2021092609,2122,46109,Courtland Sutton,3,0
2021092609,2328,44817,Corey Davis,3,3
2021092609,2328,46279,Braxton Berrios,3,3
2021092609,2328,53463,Elijah Moore,3,3
2021092609,2352,44817,Corey Davis,3,3
2021092609,2352,46279,Braxton Berrios,3,3
2021092609,2352,53463,Elijah Moore,3,3
2021092609,2452,42051,Diontae Spencer,3,3
2021092609,2452,45267,Tim Patrick,3,3
2021092609,2452,46109,Courtland Sutton,3,3
2021092609,2549,44817,Corey Davis,3,3
2021092609,2549,45555,Keelan Cole,3,3
2021092609,2549,46279,Braxton Berrios,3,0
2021092609,2620,45555,Keelan Cole,3,3
2021092609,2620,46279,Braxton Berrios,3,3
2021092609,2620,48657,Jeff Smith,3,3
2021092609,2644,44817,Corey Davis,3,3
2021092609,2644,45555,Keelan Cole,3,3
2021092609,2644,46279,Braxton Berrios,3,3
2021092609,2714,44817,Corey Davis,3,3
2021092609,2714,45555,Keelan Cole,3,3
2021092609,2714,46279,Braxton Berrios,3,3
2021092609,2790,45267,Tim Patrick,3,3
2021092609,2835,45267,Tim Patrick,3,0
2021092609,2835,46109,Courtland Sutton,3,1
2021092609,2875,45267,Tim Patrick,3,3
2021092609,2875,46109,Courtland Sutton,3,1
2021092609,2920,46109,Courtland Sutton,3,3
2021092609,3044,44817,Corey Davis,3,3
2021092609,3044,45555,Keelan Cole,3,3
2021092609,3044,46279,Braxton Berrios,3,3
2021092609,3068,44817,Corey Davis,3,3
2021092609,3068,45555,Keelan Cole,3,0
2021092609,3068,46279,Braxton Berrios,3,3
2021092609,3097,44817,Corey Davis,3,3
2021092609,3097,45555,Keelan Cole,3,3
2021092609,3097,46279,Braxton Berrios,3,3
2021092609,3119,44817,Corey Davis,3,3
2021092609,3119,46279,Braxton Berrios,3,1
2021092609,3119,48657,Jeff Smith,3,3
2021092609,3187,42051,Diontae Spencer,3,3
2021092609,3187,45267,Tim Patrick,3,3
2021092609,3187,46109,Courtland Sutton,3,3
2021092609,3258,44817,Corey Davis,3,3
2021092609,3258,45555,Keelan Cole,3,3
2021092609,3258,46279,Braxton Berrios,3,3
2021092609,3282,44817,Corey Davis,3,3
2021092609,3282,45555,Keelan Cole,3,3
2021092609,3282,46279,Braxton Berrios,3,0
2021092609,3304,44817,Corey Davis,3,0
2021092609,3304,45555,Keelan Cole,3,3
2021092609,3304,46279,Braxton Berrios,3,0
2021092609,3575,44817,Corey Davis,3,3
2021092609,3575,45555,Keelan Cole,3,3
2021092609,3575,46279,Braxton Berrios,3,3
2021092609,3604,44817,Corey Davis,3,0
2021092609,3604,45555,Keelan Cole,3,0
2021092609,3604,46279,Braxton Berrios,3,1
2021092609,3626,44817,Corey Davis,3,3
2021092609,3626,46279,Braxton Berrios,3,3
2021092609,3626,48657,Jeff Smith,3,3
2021092609,3655,44817,Corey Davis,3,0
2021092609,3655,46279,Braxton Berrios,3,0
2021092609,3655,48657,Jeff Smith,3,0
2021092610,75,52420,Henry Ruggs,3,2
2021092610,75,52489,Bryan Edwards,3,3
2021092610,162,42357,DeVante Parker,3,3
2021092610,162,43310,Will Fuller,3,3
2021092610,162,53435,Jaylen Waddle,3,3
2021092610,184,42357,DeVante Parker,3,3
2021092610,184,43310,Will Fuller,3,3
2021092610,184,53435,Jaylen Waddle,3,3
2021092610,229,42357,DeVante Parker,3,0
2021092610,229,43310,Will Fuller,3,0
2021092610,318,47932,Hunter Renfrow,3,3
2021092610,318,52420,Henry Ruggs,3,3
2021092610,318,52489,Bryan Edwards,3,3
2021092610,342,47932,Hunter Renfrow,3,3
2021092610,342,52420,Henry Ruggs,3,3
2021092610,342,52489,Bryan Edwards,3,3
2021092610,387,52420,Henry Ruggs,3,3
2021092610,387,52489,Bryan Edwards,3,3
2021092610,631,42357,DeVante Parker,3,3
2021092610,631,43310,Will Fuller,3,3
2021092610,631,53435,Jaylen Waddle,3,3
2021092610,714,52420,Henry Ruggs,3,3
2021092610,714,52489,Bryan Edwards,3,3
2021092610,736,52420,Henry Ruggs,3,3
2021092610,736,52489,Bryan Edwards,3,3
2021092610,760,47932,Hunter Renfrow,3,3
2021092610,760,52420,Henry Ruggs,3,3
2021092610,760,52489,Bryan Edwards,3,3
2021092610,782,47932,Hunter Renfrow,3,3
2021092610,782,52420,Henry Ruggs,3,3
2021092610,782,52489,Bryan Edwards,3,3
2021092610,804,47932,Hunter Renfrow,3,3
2021092610,804,52420,Henry Ruggs,3,3
2021092610,804,52489,Bryan Edwards,3,1
2021092610,839,41500,Willie Snead,3,0
2021092610,839,44849,Zay Jones,3,3
2021092610,839,52489,Bryan Edwards,3,1
2021092610,881,44849,Zay Jones,3,1
2021092610,881,47932,Hunter Renfrow,3,3
2021092610,903,52420,Henry Ruggs,3,3
2021092610,903,52489,Bryan Edwards,3,3
2021092610,957,42357,DeVante Parker,3,3
2021092610,957,53435,Jaylen Waddle,3,3
2021092610,1045,52420,Henry Ruggs,3,1
2021092610,1045,52489,Bryan Edwards,3,3
2021092610,1078,47932,Hunter Renfrow,3,1
2021092610,1078,52420,Henry Ruggs,3,1
2021092610,1078,52489,Bryan Edwards,3,0
2021092610,1124,47932,Hunter Renfrow,3,3
2021092610,1124,52420,Henry Ruggs,3,3
2021092610,1124,52489,Bryan Edwards,3,3
2021092610,1169,52420,Henry Ruggs,3,1
2021092610,1169,52489,Bryan Edwards,3,1
2021092610,1247,42357,DeVante Parker,3,0
2021092610,1247,53435,Jaylen Waddle,3,1
2021092610,1292,43310,Will Fuller,3,0
2021092610,1292,53435,Jaylen Waddle,3,1
2021092610,1465,52420,Henry Ruggs,3,3
2021092610,1465,52489,Bryan Edwards,3,3
2021092610,1521,52420,Henry Ruggs,3,0
2021092610,1521,52489,Bryan Edwards,3,1
2021092610,1545,52420,Henry Ruggs,3,0
2021092610,1545,52489,Bryan Edwards,3,0
2021092610,1584,44849,Zay Jones,3,3
2021092610,1584,52489,Bryan Edwards,3,3
2021092610,1650,47932,Hunter Renfrow,3,3
2021092610,1650,52420,Henry Ruggs,3,3
2021092610,1650,52489,Bryan Edwards,3,3
2021092610,1799,42357,DeVante Parker,3,1
2021092610,1799,43310,Will Fuller,3,0
2021092610,1799,53435,Jaylen Waddle,3,2
2021092610,1927,42357,DeVante Parker,3,0
2021092610,1927,43310,Will Fuller,3,0
2021092610,1927,53435,Jaylen Waddle,3,1
2021092610,1968,42357,DeVante Parker,3,3
2021092610,1968,43310,Will Fuller,3,3
2021092610,1968,53435,Jaylen Waddle,3,3
2021092610,1992,42357,DeVante Parker,3,3
2021092610,1992,43310,Will Fuller,3,3
2021092610,1992,53435,Jaylen Waddle,3,3
2021092610,2033,42357,DeVante Parker,3,3
2021092610,2033,43310,Will Fuller,3,3
2021092610,2033,53435,Jaylen Waddle,3,3
2021092610,2064,42357,DeVante Parker,3,3
2021092610,2064,44931,Mack Hollins,3,3
2021092610,2064,53435,Jaylen Waddle,3,3
2021092610,2244,42357,DeVante Parker,3,3
2021092610,2244,43310,Will Fuller,3,3
2021092610,2244,53435,Jaylen Waddle,3,3
2021092610,2325,47932,Hunter Renfrow,3,1
2021092610,2325,52420,Henry Ruggs,3,0
2021092610,2325,52489,Bryan Edwards,3,1
2021092610,2371,44849,Zay Jones,3,1
2021092610,2371,47932,Hunter Renfrow,3,3
2021092610,2472,44849,Zay Jones,3,3
2021092610,2472,47932,Hunter Renfrow,3,3
2021092610,2526,44849,Zay Jones,3,3
2021092610,2526,47932,Hunter Renfrow,3,3
2021092610,2550,41500,Willie Snead,3,3
2021092610,2550,47932,Hunter Renfrow,3,1
2021092610,2550,52489,Bryan Edwards,3,3
2021092610,2607,42357,DeVante Parker,3,3
2021092610,2607,43310,Will Fuller,3,3
2021092610,2653,42357,DeVante Parker,3,3
2021092610,2653,43310,Will Fuller,3,3
2021092610,2653,53435,Jaylen Waddle,3,3
2021092610,2688,43310,Will Fuller,3,3
2021092610,2688,53435,Jaylen Waddle,3,3
2021092610,2731,42357,DeVante Parker,3,0
2021092610,2731,43310,Will Fuller,3,0
2021092610,2731,53435,Jaylen Waddle,3,0
2021092610,2825,52420,Henry Ruggs,3,3
2021092610,2825,52489,Bryan Edwards,3,1
2021092610,2881,52420,Henry Ruggs,3,3
2021092610,2881,52489,Bryan Edwards,3,3
2021092610,2903,47932,Hunter Renfrow,3,3
2021092610,2903,52420,Henry Ruggs,3,1
2021092610,2903,52489,Bryan Edwards,3,3
2021092610,2927,44849,Zay Jones,3,0
2021092610,2927,47932,Hunter Renfrow,3,3
2021092610,2972,44849,Zay Jones,3,3
2021092610,2972,47932,Hunter Renfrow,3,1
2021092610,2972,52489,Bryan Edwards,3,1
2021092610,3013,44849,Zay Jones,3,3
2021092610,3013,47932,Hunter Renfrow,3,3
2021092610,3128,43310,Will Fuller,3,3
2021092610,3128,53435,Jaylen Waddle,3,3
2021092610,3171,42357,DeVante Parker,3,3
2021092610,3171,43310,Will Fuller,3,3
2021092610,3171,53435,Jaylen Waddle,3,3
2021092610,3195,43310,Will Fuller,3,3
2021092610,3195,53435,Jaylen Waddle,3,3
2021092610,3219,43310,Will Fuller,3,3
2021092610,3219,53435,Jaylen Waddle,3,3
2021092610,3306,42357,DeVante Parker,3,3
2021092610,3306,43310,Will Fuller,3,3
2021092610,3410,52420,Henry Ruggs,3,3
2021092610,3410,52489,Bryan Edwards,3,3
2021092610,3434,47932,Hunter Renfrow,3,3
2021092610,3434,52489,Bryan Edwards,3,3
2021092610,3481,43310,Will Fuller,3,3
2021092610,3481,53435,Jaylen Waddle,3,3
2021092610,3505,42357,DeVante Parker,3,0
2021092610,3505,43310,Will Fuller,3,0
2021092610,3505,53435,Jaylen Waddle,3,1
2021092610,3549,42357,DeVante Parker,3,0
2021092610,3549,43310,Will Fuller,3,0
2021092610,3549,53435,Jaylen Waddle,3,1
2021092610,3582,42357,DeVante Parker,3,3
2021092610,3582,44931,Mack Hollins,3,3
2021092610,3806,42357,DeVante Parker,3,3
2021092610,3806,43310,Will Fuller,3,3
2021092610,3806,53435,Jaylen Waddle,3,3
2021092610,3830,42357,DeVante Parker,3,3
2021092610,3830,43310,Will Fuller,3,3
2021092610,3830,53435,Jaylen Waddle,3,3
2021092610,3854,42357,DeVante Parker,3,0
2021092610,3854,43310,Will Fuller,3,0
2021092610,3854,53435,Jaylen Waddle,3,0
2021092610,3878,42357,DeVante Parker,3,0
2021092610,3878,43310,Will Fuller,3,0
2021092610,3878,53435,Jaylen Waddle,3,1
2021092610,3900,42357,DeVante Parker,3,3
2021092610,3900,44931,Mack Hollins,3,3
2021092610,3900,53435,Jaylen Waddle,3,3
2021092610,3949,42357,DeVante Parker,3,3
2021092610,3949,43310,Will Fuller,3,0
2021092610,3949,53435,Jaylen Waddle,3,3
2021092610,3990,42357,DeVante Parker,3,3
2021092610,3990,43310,Will Fuller,3,3
2021092610,3990,53435,Jaylen Waddle,3,3
2021092610,4014,42357,DeVante Parker,3,3
2021092610,4014,43310,Will Fuller,3,3
2021092610,4014,53435,Jaylen Waddle,3,3
2021092610,4038,42357,DeVante Parker,3,3
2021092610,4038,44931,Mack Hollins,3,3
2021092610,4038,53435,Jaylen Waddle,3,3
2021092610,4062,42357,DeVante Parker,3,3
2021092610,4062,44931,Mack Hollins,3,3
2021092610,4062,53435,Jaylen Waddle,3,3
2021092610,4246,42357,DeVante Parker,3,3
2021092610,4246,43310,Will Fuller,3,3
2021092610,4246,53435,Jaylen Waddle,3,3
2021092610,4358,47932,Hunter Renfrow,3,3
2021092610,4358,52420,Henry Ruggs,3,2
2021092610,4358,52489,Bryan Edwards,3,3
2021092610,4403,47932,Hunter Renfrow,3,3
2021092610,4403,52420,Henry Ruggs,3,3
2021092610,4403,52489,Bryan Edwards,3,1
2021092610,4448,47932,Hunter Renfrow,3,3
2021092610,4448,52489,Bryan Edwards,3,3
2021092610,4470,47932,Hunter Renfrow,3,3
2021092610,4470,52489,Bryan Edwards,3,3
2021092610,4526,42357,DeVante Parker,3,3
2021092610,4526,43310,Will Fuller,3,0
2021092610,4526,53435,Jaylen Waddle,3,3
2021092610,4548,42357,DeVante Parker,3,0
2021092610,4548,44931,Mack Hollins,3,0
2021092610,4548,53435,Jaylen Waddle,3,0
2021092610,4583,42357,DeVante Parker,3,3
2021092610,4583,44931,Mack Hollins,3,0
2021092610,4583,53435,Jaylen Waddle,3,1
2021092610,4631,42357,DeVante Parker,3,0
2021092610,4631,43310,Will Fuller,3,0
2021092610,4631,53435,Jaylen Waddle,3,0
2021092610,4670,42357,DeVante Parker,3,0
2021092610,4670,43310,Will Fuller,3,0
2021092610,4670,53435,Jaylen Waddle,3,0
2021092610,4694,42357,DeVante Parker,3,3
2021092610,4694,53435,Jaylen Waddle,3,3
2021092610,4767,42357,DeVante Parker,3,3
2021092610,4767,43310,Will Fuller,3,3
2021092610,4767,53435,Jaylen Waddle,3,0
2021092610,4793,42357,DeVante Parker,3,3
2021092610,4793,44931,Mack Hollins,3,3
2021092610,4793,53435,Jaylen Waddle,3,3
2021092610,4883,47932,Hunter Renfrow,3,3
2021092610,4883,52420,Henry Ruggs,3,1
2021092610,4883,52489,Bryan Edwards,3,3
2021092610,4928,47932,Hunter Renfrow,3,3
2021092610,4928,52420,Henry Ruggs,3,3
2021092610,4928,52489,Bryan Edwards,3,3
2021092611,75,41233,Mike Evans,3,3
2021092611,75,44896,Chris Godwin,3,3
2021092611,124,41233,Mike Evans,3,3
2021092611,124,44896,Chris Godwin,3,3
2021092611,124,47991,Scott Miller,3,3
2021092611,124,52569,Tyler Johnson,3,3
2021092611,171,39989,Robert Woods,3,3
2021092611,171,44881,Cooper Kupp,3,3
2021092611,171,52465,Van Jefferson,3,3
2021092611,214,39989,Robert Woods,3,1
2021092611,214,44881,Cooper Kupp,3,3
2021092611,214,52465,Van Jefferson,3,3
2021092611,275,41233,Mike Evans,3,3
2021092611,275,44896,Chris Godwin,3,3
2021092611,299,41233,Mike Evans,3,3
2021092611,299,44896,Chris Godwin,3,3
2021092611,299,52569,Tyler Johnson,3,3
2021092611,397,33130,DeSean Jackson,3,3
2021092611,397,39989,Robert Woods,3,3
2021092611,397,44881,Cooper Kupp,3,3
2021092611,453,33130,DeSean Jackson,3,0
2021092611,453,44881,Cooper Kupp,3,3
2021092611,453,52465,Van Jefferson,3,3
2021092611,505,41233,Mike Evans,3,0
2021092611,505,44896,Chris Godwin,3,1
2021092611,553,41233,Mike Evans,3,3
2021092611,553,44896,Chris Godwin,3,3
2021092611,553,52569,Tyler Johnson,3,3
2021092611,582,47991,Scott Miller,3,0
2021092611,627,41233,Mike Evans,3,3
2021092611,627,44896,Chris Godwin,3,3
2021092611,748,39989,Robert Woods,3,3
2021092611,748,44881,Cooper Kupp,3,3
2021092611,748,52465,Van Jefferson,3,0
2021092611,780,39989,Robert Woods,3,3
2021092611,780,44881,Cooper Kupp,3,3
2021092611,780,52465,Van Jefferson,3,3
2021092611,891,39989,Robert Woods,3,3
2021092611,891,44881,Cooper Kupp,3,3
2021092611,891,52465,Van Jefferson,3,3
2021092611,996,39989,Robert Woods,3,1
2021092611,996,44881,Cooper Kupp,3,3
2021092611,996,52465,Van Jefferson,3,3
2021092611,1020,39989,Robert Woods,3,3
2021092611,1020,44881,Cooper Kupp,3,3
2021092611,1020,52465,Van Jefferson,3,3
2021092611,1157,41233,Mike Evans,3,3
2021092611,1157,44896,Chris Godwin,3,3
2021092611,1157,52569,Tyler Johnson,3,3
2021092611,1179,41233,Mike Evans,3,3
2021092611,1179,44896,Chris Godwin,3,3
2021092611,1179,47991,Scott Miller,3,3
2021092611,1255,41233,Mike Evans,3,3
2021092611,1255,44896,Chris Godwin,3,3
2021092611,1255,47991,Scott Miller,3,3
2021092611,1255,52569,Tyler Johnson,3,3
2021092611,1279,41233,Mike Evans,3,0
2021092611,1279,44896,Chris Godwin,3,0
2021092611,1338,41233,Mike Evans,3,3
2021092611,1338,44896,Chris Godwin,3,3
2021092611,1338,52569,Tyler Johnson,3,3
2021092611,1438,41233,Mike Evans,3,0
2021092611,1438,44896,Chris Godwin,3,0
2021092611,1596,33130,DeSean Jackson,3,3
2021092611,1596,44881,Cooper Kupp,3,3
2021092611,1736,33130,DeSean Jackson,3,3
2021092611,1736,39989,Robert Woods,3,3
2021092611,1736,44881,Cooper Kupp,3,3
2021092611,1760,33130,DeSean Jackson,3,3
2021092611,1760,39989,Robert Woods,3,0
2021092611,1760,44881,Cooper Kupp,3,3
2021092611,1782,39989,Robert Woods,3,3
2021092611,1782,44881,Cooper Kupp,3,3
2021092611,1782,52465,Van Jefferson,3,3
2021092611,1806,39989,Robert Woods,3,3
2021092611,1806,44881,Cooper Kupp,3,3
2021092611,1806,52465,Van Jefferson,3,3
2021092611,1828,33130,DeSean Jackson,3,3
2021092611,1828,39989,Robert Woods,3,3
2021092611,1828,44881,Cooper Kupp,3,3
2021092611,1857,39989,Robert Woods,3,3
2021092611,1857,44881,Cooper Kupp,3,3
2021092611,1857,52465,Van Jefferson,3,3
2021092611,1913,41233,Mike Evans,3,3
2021092611,1913,44896,Chris Godwin,3,3
2021092611,1913,47991,Scott Miller,3,3
2021092611,1948,41233,Mike Evans,3,0
2021092611,1948,44896,Chris Godwin,3,3
2021092611,1948,47991,Scott Miller,3,3
2021092611,2011,41233,Mike Evans,3,3
2021092611,2011,44896,Chris Godwin,3,3
2021092611,2011,47991,Scott Miller,3,3
2021092611,2131,41233,Mike Evans,3,3
2021092611,2131,44896,Chris Godwin,3,3
2021092611,2131,47991,Scott Miller,3,3
2021092611,2258,33130,DeSean Jackson,3,0
2021092611,2258,39989,Robert Woods,3,3
2021092611,2258,44881,Cooper Kupp,3,3
2021092611,2280,33130,DeSean Jackson,3,0
2021092611,2280,39989,Robert Woods,3,0
2021092611,2280,44881,Cooper Kupp,3,0
2021092611,2359,41233,Mike Evans,3,0
2021092611,2359,44896,Chris Godwin,3,0
2021092611,2359,47991,Scott Miller,3,1
2021092611,2404,41233,Mike Evans,3,3
2021092611,2404,44896,Chris Godwin,3,3
2021092611,2428,47991,Scott Miller,3,0
2021092611,2450,41233,Mike Evans,3,3
2021092611,2450,44896,Chris Godwin,3,1
2021092611,2479,44896,Chris Godwin,3,3
2021092611,2506,41233,Mike Evans,3,3
2021092611,2506,44896,Chris Godwin,3,3
2021092611,2506,52569,Tyler Johnson,3,3
2021092611,2641,39989,Robert Woods,3,0
2021092611,2641,44881,Cooper Kupp,3,1
2021092611,2641,52465,Van Jefferson,3,1
2021092611,2663,39989,Robert Woods,3,3
2021092611,2663,44881,Cooper Kupp,3,3
2021092611,2663,52465,Van Jefferson,3,3
2021092611,2687,39989,Robert Woods,3,3
2021092611,2687,44881,Cooper Kupp,3,1
2021092611,2687,52465,Van Jefferson,3,3
2021092611,2709,33130,DeSean Jackson,3,3
2021092611,2709,44881,Cooper Kupp,3,3
2021092611,2709,52465,Van Jefferson,3,3
2021092611,2733,33130,DeSean Jackson,3,1
2021092611,2733,44881,Cooper Kupp,3,3
2021092611,2733,52465,Van Jefferson,3,3
2021092611,2762,39989,Robert Woods,3,3
2021092611,2762,44881,Cooper Kupp,3,3
2021092611,2762,52465,Van Jefferson,3,3
2021092611,2818,41233,Mike Evans,3,3
2021092611,2818,44896,Chris Godwin,3,3
2021092611,2818,52569,Tyler Johnson,3,3
2021092611,2968,39989,Robert Woods,3,0
2021092611,2968,44881,Cooper Kupp,3,3
2021092611,2968,52465,Van Jefferson,3,1
2021092611,3048,41233,Mike Evans,3,3
2021092611,3048,44896,Chris Godwin,3,3
2021092611,3048,47991,Scott Miller,3,3
2021092611,3048,52569,Tyler Johnson,3,3
2021092611,3048,53558,Jaelon Darden,3,3
2021092611,3072,41233,Mike Evans,3,3
2021092611,3072,44896,Chris Godwin,3,3
2021092611,3072,52569,Tyler Johnson,3,3
2021092611,3094,41233,Mike Evans,3,3
2021092611,3094,44896,Chris Godwin,3,3
2021092611,3094,52569,Tyler Johnson,3,3
2021092611,3118,41233,Mike Evans,3,0
2021092611,3118,44896,Chris Godwin,3,0
2021092611,3118,52569,Tyler Johnson,3,3
2021092611,3147,44896,Chris Godwin,3,2
2021092611,3147,47991,Scott Miller,3,3
2021092611,3147,52569,Tyler Johnson,3,3
2021092611,3169,41233,Mike Evans,3,3
2021092611,3169,44896,Chris Godwin,3,3
2021092611,3169,52569,Tyler Johnson,3,3
2021092611,3191,41233,Mike Evans,3,3
2021092611,3191,44896,Chris Godwin,3,3
2021092611,3191,52569,Tyler Johnson,3,3
2021092611,3319,39989,Robert Woods,3,3
2021092611,3319,44881,Cooper Kupp,3,3
2021092611,3319,52465,Van Jefferson,3,1
2021092611,3348,39989,Robert Woods,3,3
2021092611,3348,44881,Cooper Kupp,3,3
2021092611,3348,52465,Van Jefferson,3,3
2021092611,3530,33130,DeSean Jackson,3,3
2021092611,3530,39989,Robert Woods,3,3
2021092611,3530,44881,Cooper Kupp,3,3
2021092611,3530,52465,Van Jefferson,3,3
2021092611,3627,41233,Mike Evans,3,3
2021092611,3627,44896,Chris Godwin,3,0
2021092611,3627,47991,Scott Miller,3,0
2021092611,3656,41233,Mike Evans,3,3
2021092611,3656,44896,Chris Godwin,3,3
2021092611,3656,47991,Scott Miller,3,3
2021092611,3678,41233,Mike Evans,3,0
2021092611,3678,44896,Chris Godwin,3,3
2021092611,3678,47991,Scott Miller,3,0
2021092611,3728,41233,Mike Evans,3,0
2021092611,3728,44896,Chris Godwin,3,3
2021092611,3728,47991,Scott Miller,3,0
2021092611,3757,41233,Mike Evans,3,3
2021092611,3757,44896,Chris Godwin,3,3
2021092611,3757,47991,Scott Miller,3,3
2021092611,3908,41233,Mike Evans,3,3
2021092611,3908,44896,Chris Godwin,3,3
2021092611,3908,47991,Scott Miller,3,3
2021092611,3932,41233,Mike Evans,3,0
2021092611,3932,44896,Chris Godwin,3,1
2021092611,3932,47991,Scott Miller,3,3
2021092611,3956,41233,Mike Evans,3,3
2021092611,3956,44896,Chris Godwin,3,3
2021092611,3956,47991,Scott Miller,3,3
2021092611,3985,41233,Mike Evans,3,3
2021092611,3985,44896,Chris Godwin,3,3
2021092611,3985,47991,Scott Miller,3,3
2021092611,4009,41233,Mike Evans,3,3
2021092611,4009,44896,Chris Godwin,3,3
2021092611,4009,47991,Scott Miller,3,3
2021092611,4033,41233,Mike Evans,3,3
2021092611,4033,44896,Chris Godwin,3,3
2021092611,4033,47991,Scott Miller,3,3
2021092611,4057,41233,Mike Evans,3,1
2021092611,4057,44896,Chris Godwin,3,0
2021092611,4057,47991,Scott Miller,3,0
2021092611,4225,41233,Mike Evans,3,3
2021092611,4225,44896,Chris Godwin,3,3
2021092611,4225,52569,Tyler Johnson,3,3
2021092611,4254,41233,Mike Evans,3,3
2021092611,4254,44896,Chris Godwin,3,1
2021092611,4254,52569,Tyler Johnson,3,3
2021092612,54,42412,Tyler Lockett,3,1
2021092612,54,47847,DK Metcalf,3,1
2021092612,141,42412,Tyler Lockett,3,1
2021092612,141,47847,DK Metcalf,3,3
2021092612,141,52622,Freddie Swain,3,0
2021092612,186,42412,Tyler Lockett,3,1
2021092612,186,47847,DK Metcalf,3,3
2021092612,186,52622,Freddie Swain,3,3
2021092612,210,42412,Tyler Lockett,3,3
2021092612,210,47847,DK Metcalf,3,3
2021092612,210,52622,Freddie Swain,3,3
2021092612,232,42412,Tyler Lockett,3,3
2021092612,232,47847,DK Metcalf,3,3
2021092612,232,52622,Freddie Swain,3,3
2021092612,356,40488,Adam Thielen,3,1
2021092612,356,52430,Justin Jefferson,3,0
2021092612,356,52584,K.J. Osborn,3,2
2021092612,404,40488,Adam Thielen,3,3
2021092612,404,52430,Justin Jefferson,3,3
2021092612,404,52584,K.J. Osborn,3,3
2021092612,449,40488,Adam Thielen,3,3
2021092612,449,52430,Justin Jefferson,3,3
2021092612,547,47847,DK Metcalf,3,3
2021092612,547,52622,Freddie Swain,3,3
2021092612,571,42412,Tyler Lockett,3,3
2021092612,571,47847,DK Metcalf,3,3
2021092612,571,52622,Freddie Swain,3,3
2021092612,717,42412,Tyler Lockett,3,1
2021092612,717,47847,DK Metcalf,3,0
2021092612,717,52622,Freddie Swain,3,1
2021092612,825,40488,Adam Thielen,3,0
2021092612,825,52430,Justin Jefferson,3,1
2021092612,825,52584,K.J. Osborn,3,0
2021092612,847,40488,Adam Thielen,3,3
2021092612,847,52430,Justin Jefferson,3,3
2021092612,847,52584,K.J. Osborn,3,3
2021092612,909,42412,Tyler Lockett,3,3
2021092612,909,47847,DK Metcalf,3,3
2021092612,909,52622,Freddie Swain,3,3
2021092612,1056,40488,Adam Thielen,3,3
2021092612,1056,52430,Justin Jefferson,3,0
2021092612,1056,52584,K.J. Osborn,3,3
2021092612,1197,40488,Adam Thielen,3,3
2021092612,1197,52430,Justin Jefferson,3,3
2021092612,1197,52584,K.J. Osborn,3,3
2021092612,1221,40488,Adam Thielen,3,3
2021092612,1221,52430,Justin Jefferson,3,3
2021092612,1221,52584,K.J. Osborn,3,3
2021092612,1299,40488,Adam Thielen,3,3
2021092612,1299,44923,Dede Westbrook,3,3
2021092612,1299,52430,Justin Jefferson,3,1
2021092612,1299,52584,K.J. Osborn,3,3
2021092612,1394,42412,Tyler Lockett,3,3
2021092612,1394,48119,Penny Hart,3,3
2021092612,1394,52622,Freddie Swain,3,1
2021092612,1448,42412,Tyler Lockett,3,3
2021092612,1448,47847,DK Metcalf,3,3
2021092612,1470,42412,Tyler Lockett,3,3
2021092612,1470,48119,Penny Hart,3,3
2021092612,1470,52622,Freddie Swain,3,3
2021092612,1494,42412,Tyler Lockett,3,0
2021092612,1494,47847,DK Metcalf,3,0
2021092612,1494,52622,Freddie Swain,3,1
2021092612,1655,40488,Adam Thielen,3,3
2021092612,1655,52430,Justin Jefferson,3,3
2021092612,1655,52584,K.J. Osborn,3,3
2021092612,1717,40488,Adam Thielen,3,3
2021092612,1717,52430,Justin Jefferson,3,3
2021092612,1717,52584,K.J. Osborn,3,3
2021092612,1741,40488,Adam Thielen,3,3
2021092612,1741,52430,Justin Jefferson,3,3
2021092612,1741,52584,K.J. Osborn,3,3
2021092612,1789,40488,Adam Thielen,3,3
2021092612,1789,52430,Justin Jefferson,3,3
2021092612,1789,52584,K.J. Osborn,3,3
2021092612,1830,40488,Adam Thielen,3,3
2021092612,1830,52430,Justin Jefferson,3,3
2021092612,1830,52584,K.J. Osborn,3,3
2021092612,1871,40488,Adam Thielen,3,3
2021092612,1871,52430,Justin Jefferson,3,3
2021092612,1871,52584,K.J. Osborn,3,3
2021092612,1927,42412,Tyler Lockett,3,3
2021092612,1927,47847,DK Metcalf,3,3
2021092612,1927,52622,Freddie Swain,3,3
2021092612,1968,42412,Tyler Lockett,3,0
2021092612,1968,47847,DK Metcalf,3,0
2021092612,1968,52622,Freddie Swain,3,3
2021092612,1997,42412,Tyler Lockett,3,3
2021092612,1997,47847,DK Metcalf,3,3
2021092612,1997,52622,Freddie Swain,3,3
2021092612,2097,40488,Adam Thielen,3,3
2021092612,2121,40488,Adam Thielen,3,0
2021092612,2121,52430,Justin Jefferson,3,3
2021092612,2121,52584,K.J. Osborn,3,3
2021092612,2211,40488,Adam Thielen,3,3
2021092612,2211,52430,Justin Jefferson,3,3
2021092612,2254,40488,Adam Thielen,3,3
2021092612,2254,44923,Dede Westbrook,3,3
2021092612,2254,52430,Justin Jefferson,3,3
2021092612,2254,52584,K.J. Osborn,3,3
2021092612,2304,40488,Adam Thielen,3,3
2021092612,2304,52430,Justin Jefferson,3,3
2021092612,2304,52584,K.J. Osborn,3,3
2021092612,2349,40488,Adam Thielen,3,3
2021092612,2349,52430,Justin Jefferson,3,3
2021092612,2349,52584,K.J. Osborn,3,3
2021092612,2617,40488,Adam Thielen,3,3
2021092612,2617,52430,Justin Jefferson,3,0
2021092612,2617,52584,K.J. Osborn,3,3
2021092612,2662,40488,Adam Thielen,3,1
2021092612,2662,52430,Justin Jefferson,3,1
2021092612,2684,40488,Adam Thielen,3,3
2021092612,2684,44923,Dede Westbrook,3,3
2021092612,2684,52430,Justin Jefferson,3,3
2021092612,2684,52584,K.J. Osborn,3,1
2021092612,2729,40488,Adam Thielen,3,3
2021092612,2729,52430,Justin Jefferson,3,3
2021092612,2729,52584,K.J. Osborn,3,3
2021092612,2772,40488,Adam Thielen,3,0
2021092612,2772,44923,Dede Westbrook,3,1
2021092612,2827,40488,Adam Thielen,3,0
2021092612,2827,52430,Justin Jefferson,3,0
2021092612,2827,52584,K.J. Osborn,3,3
2021092612,2904,42412,Tyler Lockett,3,3
2021092612,2904,47847,DK Metcalf,3,3
2021092612,2904,52622,Freddie Swain,3,3
2021092612,2928,42412,Tyler Lockett,3,3
2021092612,2928,47847,DK Metcalf,3,3
2021092612,2928,52622,Freddie Swain,3,3
2021092612,3044,47847,DK Metcalf,3,3
2021092612,3044,48119,Penny Hart,3,3
2021092612,3044,52622,Freddie Swain,3,3
2021092612,3138,40488,Adam Thielen,3,3
2021092612,3138,52430,Justin Jefferson,3,3
2021092612,3209,40488,Adam Thielen,3,3
2021092612,3209,52430,Justin Jefferson,3,3
2021092612,3209,52584,K.J. Osborn,3,3
2021092612,3411,42412,Tyler Lockett,3,3
2021092612,3411,47847,DK Metcalf,3,3
2021092612,3411,52622,Freddie Swain,3,3
2021092612,3435,42412,Tyler Lockett,3,0
2021092612,3435,47847,DK Metcalf,3,0
2021092612,3435,52622,Freddie Swain,3,0
2021092612,3508,42412,Tyler Lockett,3,0
2021092612,3508,47847,DK Metcalf,3,0
2021092612,3508,52622,Freddie Swain,3,0
2021092612,3530,42412,Tyler Lockett,3,0
2021092612,3530,48119,Penny Hart,3,0
2021092612,3530,52622,Freddie Swain,3,3
2021092612,3632,40488,Adam Thielen,3,3
2021092612,3632,52430,Justin Jefferson,3,3
2021092612,3632,52584,K.J. Osborn,3,3
2021092612,3782,42412,Tyler Lockett,3,3
2021092612,3782,47847,DK Metcalf,3,3
2021092612,3782,52622,Freddie Swain,3,3
2021092612,3811,42412,Tyler Lockett,3,3
2021092612,3811,47847,DK Metcalf,3,3
2021092612,3811,52622,Freddie Swain,3,3
2021092612,3840,42412,Tyler Lockett,3,3
2021092612,3840,47847,DK Metcalf,3,3
2021092612,3840,52622,Freddie Swain,3,3
2021092613,98,41282,Davante Adams,3,3
2021092613,98,46243,Marquez Valdes-Scantling,3,3
2021092613,98,46705,Allen Lazard,3,3
2021092613,338,47819,Deebo Samuel,3,2
2021092613,338,52433,Brandon Aiyuk,3,3
2021092613,387,38613,Mohamed Sanu,3,3
2021092613,387,47819,Deebo Samuel,3,3
2021092613,387,52433,Brandon Aiyuk,3,3
2021092613,415,38613,Mohamed Sanu,3,3
2021092613,415,47819,Deebo Samuel,3,3
2021092613,415,52433,Brandon Aiyuk,3,3
2021092613,471,41282,Davante Adams,3,3
2021092613,471,46243,Marquez Valdes-Scantling,3,3
2021092613,495,41282,Davante Adams,3,3
2021092613,495,46243,Marquez Valdes-Scantling,3,3
2021092613,495,46705,Allen Lazard,3,3
2021092613,527,41282,Davante Adams,3,3
2021092613,527,46243,Marquez Valdes-Scantling,3,0
2021092613,527,46705,Allen Lazard,3,0
2021092613,602,37139,Randall Cobb,3,0
2021092613,602,41282,Davante Adams,3,0
2021092613,602,46243,Marquez Valdes-Scantling,3,0
2021092613,752,38613,Mohamed Sanu,3,1
2021092613,752,47819,Deebo Samuel,3,3
2021092613,752,52433,Brandon Aiyuk,3,3
2021092613,858,41282,Davante Adams,3,3
2021092613,858,46243,Marquez Valdes-Scantling,3,3
2021092613,858,46705,Allen Lazard,3,3
2021092613,931,37139,Randall Cobb,3,1
2021092613,931,41282,Davante Adams,3,3
2021092613,931,46243,Marquez Valdes-Scantling,3,1
2021092613,1007,47819,Deebo Samuel,3,1
2021092613,1007,52433,Brandon Aiyuk,3,0
2021092613,1141,41282,Davante Adams,3,3
2021092613,1141,46243,Marquez Valdes-Scantling,3,3
2021092613,1141,46705,Allen Lazard,3,3
2021092613,1174,37139,Randall Cobb,3,2
2021092613,1174,41282,Davante Adams,3,1
2021092613,1174,46243,Marquez Valdes-Scantling,3,1
2021092613,1200,38613,Mohamed Sanu,3,3
2021092613,1200,47819,Deebo Samuel,3,1
2021092613,1200,52433,Brandon Aiyuk,3,3
2021092613,1226,47819,Deebo Samuel,3,3
2021092613,1226,52433,Brandon Aiyuk,3,3
2021092613,1257,38613,Mohamed Sanu,3,3
2021092613,1257,47819,Deebo Samuel,3,3
2021092613,1257,52433,Brandon Aiyuk,3,3
2021092613,1306,38613,Mohamed Sanu,3,2
2021092613,1306,47819,Deebo Samuel,3,3
2021092613,1306,52433,Brandon Aiyuk,3,3
2021092613,1355,47819,Deebo Samuel,3,3
2021092613,1355,52433,Brandon Aiyuk,3,3
2021092613,1402,38613,Mohamed Sanu,3,3
2021092613,1402,47819,Deebo Samuel,3,3
2021092613,1402,52433,Brandon Aiyuk,3,3
2021092613,1497,41282,Davante Adams,3,3
2021092613,1497,46243,Marquez Valdes-Scantling,3,3
2021092613,1543,37139,Randall Cobb,3,3
2021092613,1543,41282,Davante Adams,3,3
2021092613,1543,46243,Marquez Valdes-Scantling,3,3
2021092613,1625,41282,Davante Adams,3,3
2021092613,1625,46243,Marquez Valdes-Scantling,3,3
2021092613,1625,46705,Allen Lazard,3,3
2021092613,1696,41282,Davante Adams,3,3
2021092613,1696,46243,Marquez Valdes-Scantling,3,3
2021092613,1862,38613,Mohamed Sanu,3,3
2021092613,1862,47819,Deebo Samuel,3,3
2021092613,1862,52433,Brandon Aiyuk,3,3
2021092613,1886,38613,Mohamed Sanu,3,3
2021092613,1886,47819,Deebo Samuel,3,3
2021092613,1886,52433,Brandon Aiyuk,3,3
2021092613,1921,38613,Mohamed Sanu,3,3
2021092613,1921,47819,Deebo Samuel,3,3
2021092613,1921,52433,Brandon Aiyuk,3,3
2021092613,1962,38613,Mohamed Sanu,3,1
2021092613,1962,47819,Deebo Samuel,3,3
2021092613,1962,52433,Brandon Aiyuk,3,3
2021092613,2011,38613,Mohamed Sanu,3,3
2021092613,2011,47819,Deebo Samuel,3,3
2021092613,2011,52433,Brandon Aiyuk,3,3
2021092613,2050,38613,Mohamed Sanu,3,3
2021092613,2050,47819,Deebo Samuel,3,3
2021092613,2050,52433,Brandon Aiyuk,3,3
2021092613,2083,38613,Mohamed Sanu,3,1
2021092613,2083,47819,Deebo Samuel,3,1
2021092613,2083,52433,Brandon Aiyuk,3,3
2021092613,2133,38613,Mohamed Sanu,3,3
2021092613,2133,47819,Deebo Samuel,3,3
2021092613,2133,52433,Brandon Aiyuk,3,3
2021092613,2155,38613,Mohamed Sanu,3,3
2021092613,2155,47819,Deebo Samuel,3,3
2021092613,2155,52433,Brandon Aiyuk,3,3
2021092613,2258,47819,Deebo Samuel,3,3
2021092613,2258,52433,Brandon Aiyuk,3,3
2021092613,2453,52433,Brandon Aiyuk,3,0
2021092613,2481,38613,Mohamed Sanu,3,3
2021092613,2481,47819,Deebo Samuel,3,0
2021092613,2481,52433,Brandon Aiyuk,3,3
2021092613,2530,38613,Mohamed Sanu,3,0
2021092613,2530,47819,Deebo Samuel,3,1
2021092613,2530,52433,Brandon Aiyuk,3,0
2021092613,2552,38613,Mohamed Sanu,3,3
2021092613,2552,47819,Deebo Samuel,3,3
2021092613,2552,52433,Brandon Aiyuk,3,3
2021092613,2675,41282,Davante Adams,3,3
2021092613,2675,46243,Marquez Valdes-Scantling,3,3
2021092613,2675,46705,Allen Lazard,3,3
2021092613,2792,38613,Mohamed Sanu,3,3
2021092613,2792,47819,Deebo Samuel,3,3
2021092613,2792,52433,Brandon Aiyuk,3,3
2021092613,2856,41282,Davante Adams,3,3
2021092613,2856,46243,Marquez Valdes-Scantling,3,3
2021092613,2856,53514,Amari Rodgers,3,2
2021092613,2906,41282,Davante Adams,3,3
2021092613,2906,46243,Marquez Valdes-Scantling,3,3
2021092613,3004,37139,Randall Cobb,3,3
2021092613,3004,41282,Davante Adams,3,3
2021092613,3004,46243,Marquez Valdes-Scantling,3,3
2021092613,3119,37139,Randall Cobb,3,3
2021092613,3119,41282,Davante Adams,3,3
2021092613,3119,46243,Marquez Valdes-Scantling,3,3
2021092613,3220,38613,Mohamed Sanu,3,0
2021092613,3220,47819,Deebo Samuel,3,0
2021092613,3220,52433,Brandon Aiyuk,3,0
2021092613,3356,47819,Deebo Samuel,3,3
2021092613,3380,38613,Mohamed Sanu,3,1
2021092613,3380,47819,Deebo Samuel,3,3
2021092613,3380,52433,Brandon Aiyuk,3,3
2021092613,3548,41282,Davante Adams,3,0
2021092613,3548,46243,Marquez Valdes-Scantling,3,3
2021092613,3574,46243,Marquez Valdes-Scantling,3,3
2021092613,3574,46705,Allen Lazard,3,3
2021092613,3613,37139,Randall Cobb,3,3
2021092613,3613,41282,Davante Adams,3,3
2021092613,3613,46705,Allen Lazard,3,3
2021092613,3681,47819,Deebo Samuel,3,0
2021092613,3771,38613,Mohamed Sanu,3,2
2021092613,3771,47819,Deebo Samuel,3,3
2021092613,3771,52433,Brandon Aiyuk,3,3
2021092613,3902,41282,Davante Adams,3,3
2021092613,3902,46705,Allen Lazard,3,3
2021092613,3958,38613,Mohamed Sanu,3,3
2021092613,3958,47819,Deebo Samuel,3,2
2021092613,3958,52433,Brandon Aiyuk,3,3
2021092613,3980,38613,Mohamed Sanu,3,3
2021092613,3980,47819,Deebo Samuel,3,3
2021092613,3980,52433,Brandon Aiyuk,3,0
2021092613,4002,38613,Mohamed Sanu,3,3
2021092613,4002,47819,Deebo Samuel,3,3
2021092613,4002,52433,Brandon Aiyuk,3,3
2021092613,4047,38613,Mohamed Sanu,3,3
2021092613,4047,47819,Deebo Samuel,3,3
2021092613,4047,52433,Brandon Aiyuk,3,3
2021092613,4091,38613,Mohamed Sanu,3,3
2021092613,4091,47819,Deebo Samuel,3,0
2021092613,4091,52433,Brandon Aiyuk,3,3
2021092613,4115,38613,Mohamed Sanu,3,3
2021092613,4115,47819,Deebo Samuel,3,3
2021092613,4115,52433,Brandon Aiyuk,3,3
2021092613,4148,38613,Mohamed Sanu,3,3
2021092613,4148,47819,Deebo Samuel,3,3
2021092613,4148,52433,Brandon Aiyuk,3,3
2021092613,4212,37139,Randall Cobb,3,0
2021092613,4212,41282,Davante Adams,3,0
2021092613,4212,46705,Allen Lazard,3,0
2021092613,4262,37139,Randall Cobb,3,3
2021092613,4262,41282,Davante Adams,3,3
2021092613,4262,46705,Allen Lazard,3,3
2021092613,4284,37139,Randall Cobb,3,3
2021092613,4284,41282,Davante Adams,3,3
2021092613,4284,46705,Allen Lazard,3,3
2021092700,55,42347,Amari Cooper,3,3
2021092700,55,52425,CeeDee Lamb,3,3
2021092700,100,42347,Amari Cooper,3,0
2021092700,100,52425,CeeDee Lamb,3,0
2021092700,145,42347,Amari Cooper,3,0
2021092700,145,52425,CeeDee Lamb,3,0
2021092700,256,52429,Jalen Reagor,3,1
2021092700,256,52608,Quez Watkins,3,3
2021092700,256,53439,DeVonta Smith,3,1
2021092700,309,52429,Jalen Reagor,3,3
2021092700,309,52608,Quez Watkins,3,3
2021092700,309,53439,DeVonta Smith,3,3
2021092700,356,42347,Amari Cooper,3,1
2021092700,356,52425,CeeDee Lamb,3,3
2021092700,443,42347,Amari Cooper,3,3
2021092700,443,46277,Cedrick Wilson,3,3
2021092700,443,52425,CeeDee Lamb,3,3
2021092700,544,42347,Amari Cooper,3,3
2021092700,544,46277,Cedrick Wilson,3,3
2021092700,544,52425,CeeDee Lamb,3,3
2021092700,577,42347,Amari Cooper,3,3
2021092700,577,52425,CeeDee Lamb,3,3
2021092700,620,42347,Amari Cooper,3,3
2021092700,620,46277,Cedrick Wilson,3,3
2021092700,620,52425,CeeDee Lamb,3,3
2021092700,697,42347,Amari Cooper,3,3
2021092700,697,46277,Cedrick Wilson,3,3
2021092700,697,52425,CeeDee Lamb,3,1
2021092700,783,52608,Quez Watkins,3,3
2021092700,783,53439,DeVonta Smith,3,3
2021092700,805,52429,Jalen Reagor,3,3
2021092700,805,52608,Quez Watkins,3,3
2021092700,805,53439,DeVonta Smith,3,3
2021092700,829,52429,Jalen Reagor,3,0
2021092700,829,52608,Quez Watkins,3,0
2021092700,829,53439,DeVonta Smith,3,1
2021092700,943,42347,Amari Cooper,3,1
2021092700,943,52425,CeeDee Lamb,3,0
2021092700,1011,42347,Amari Cooper,3,3
2021092700,1011,52425,CeeDee Lamb,3,1
2021092700,1112,45607,Greg Ward,3,3
2021092700,1112,52429,Jalen Reagor,3,0
2021092700,1112,53439,DeVonta Smith,3,1
2021092700,1243,42347,Amari Cooper,3,0
2021092700,1243,45052,Noah Brown,3,0
2021092700,1243,52425,CeeDee Lamb,3,0
2021092700,1295,42347,Amari Cooper,3,3
2021092700,1295,45052,Noah Brown,3,3
2021092700,1295,52425,CeeDee Lamb,3,3
2021092700,1403,42347,Amari Cooper,3,3
2021092700,1403,45052,Noah Brown,3,3
2021092700,1403,52425,CeeDee Lamb,3,0
2021092700,1675,45607,Greg Ward,3,3
2021092700,1675,52429,Jalen Reagor,3,3
2021092700,1675,53439,DeVonta Smith,3,3
2021092700,1737,42347,Amari Cooper,3,3
2021092700,1737,52425,CeeDee Lamb,3,0
2021092700,1759,42347,Amari Cooper,3,0
2021092700,1759,46277,Cedrick Wilson,3,0
2021092700,1759,52425,CeeDee Lamb,3,0
2021092700,1932,52429,Jalen Reagor,3,0
2021092700,1932,52608,Quez Watkins,3,0
2021092700,1932,53439,DeVonta Smith,3,1
2021092700,2127,52608,Quez Watkins,3,3
2021092700,2127,53439,DeVonta Smith,3,3
2021092700,2156,52608,Quez Watkins,3,3
2021092700,2156,53439,DeVonta Smith,3,3
2021092700,2178,45607,Greg Ward,3,3
2021092700,2178,52429,Jalen Reagor,3,3
2021092700,2178,53439,DeVonta Smith,3,3
2021092700,2236,45607,Greg Ward,3,3
2021092700,2236,52429,Jalen Reagor,3,3
2021092700,2236,53439,DeVonta Smith,3,3
2021092700,2434,52429,Jalen Reagor,3,3
2021092700,2434,52608,Quez Watkins,3,1
2021092700,2434,53439,DeVonta Smith,3,3
2021092700,2530,52429,Jalen Reagor,3,0
2021092700,2530,52608,Quez Watkins,3,0
2021092700,2530,53439,DeVonta Smith,3,0
2021092700,2565,52429,Jalen Reagor,3,3
2021092700,2565,52608,Quez Watkins,3,3
2021092700,2565,53439,DeVonta Smith,3,3
2021092700,2665,52608,Quez Watkins,3,3
2021092700,2665,53439,DeVonta Smith,3,3
2021092700,2742,42347,Amari Cooper,3,3
2021092700,2742,46277,Cedrick Wilson,3,3
2021092700,2742,52425,CeeDee Lamb,3,3
2021092700,2766,42347,Amari Cooper,3,0
2021092700,2766,52425,CeeDee Lamb,3,0
2021092700,2906,52429,Jalen Reagor,3,3
2021092700,2906,52608,Quez Watkins,3,3
2021092700,2906,53439,DeVonta Smith,3,3
2021092700,2930,52429,Jalen Reagor,3,3
2021092700,2930,52608,Quez Watkins,3,3
2021092700,2930,53439,DeVonta Smith,3,3
2021092700,2952,52429,Jalen Reagor,3,3
2021092700,2952,52608,Quez Watkins,3,3
2021092700,2952,53439,DeVonta Smith,3,0
2021092700,2993,42347,Amari Cooper,3,3
2021092700,2993,46277,Cedrick Wilson,3,3
2021092700,2993,52425,CeeDee Lamb,3,3
2021092700,3038,42347,Amari Cooper,3,1
2021092700,3038,46277,Cedrick Wilson,3,1
2021092700,3038,52425,CeeDee Lamb,3,3
2021092700,3233,42347,Amari Cooper,3,1
2021092700,3233,45052,Noah Brown,3,3
2021092700,3233,52425,CeeDee Lamb,3,0
2021092700,3289,42347,Amari Cooper,3,0
2021092700,3289,46277,Cedrick Wilson,3,1
2021092700,3289,52425,CeeDee Lamb,3,0
2021092700,3369,52429,Jalen Reagor,3,3
2021092700,3369,52608,Quez Watkins,3,3
2021092700,3369,53439,DeVonta Smith,3,3
2021092700,3396,52429,Jalen Reagor,3,3
2021092700,3396,52608,Quez Watkins,3,3
2021092700,3396,53439,DeVonta Smith,3,3
2021092700,3482,52429,Jalen Reagor,3,3
2021092700,3482,52608,Quez Watkins,3,3
2021092700,3482,53439,DeVonta Smith,3,3
2021092700,3630,42347,Amari Cooper,3,3
2021092700,3630,46277,Cedrick Wilson,3,3
2021092700,3630,52425,CeeDee Lamb,3,3
2021092700,3707,52429,Jalen Reagor,3,3
2021092700,3707,52608,Quez Watkins,3,3
2021092700,3707,53439,DeVonta Smith,3,3
2021092700,3731,52429,Jalen Reagor,3,0
2021092700,3731,52608,Quez Watkins,3,1
2021092700,3731,53439,DeVonta Smith,3,0
2021092700,3760,52429,Jalen Reagor,3,0
2021092700,3760,52608,Quez Watkins,3,0
2021092700,3760,53439,DeVonta Smith,3,0
2021092700,3795,45607,Greg Ward,3,0
2021092700,3795,52608,Quez Watkins,3,1
2021092700,3795,53439,DeVonta Smith,3,0
2021092700,3857,45607,Greg Ward,3,3
2021092700,3857,52429,Jalen Reagor,3,3
2021092700,3857,53439,DeVonta Smith,3,3
2021092700,3881,45607,Greg Ward,3,3
2021092700,3881,52429,Jalen Reagor,3,3
2021092700,3881,53439,DeVonta Smith,3,3
2021092700,3905,45607,Greg Ward,3,0
2021092700,3905,52429,Jalen Reagor,3,0
2021092700,3905,53439,DeVonta Smith,3,0
2021092700,4105,52429,Jalen Reagor,3,3
2021092700,4105,52608,Quez Watkins,3,3
2021092700,4105,53439,DeVonta Smith,3,3
2021093000,209,38696,Marvin Jones,4,3
2021093000,209,39954,Tavon Austin,4,3
2021093000,209,52450,Laviska Shenault,4,3
2021093000,276,43344,Tyler Boyd,4,3
2021093000,276,43495,Mike Thomas,4,3
2021093000,276,53434,Ja'Marr Chase,4,3
2021093000,329,43344,Tyler Boyd,4,3
2021093000,329,48471,Trenton Irwin,4,3
2021093000,329,53434,Ja'Marr Chase,4,3
2021093000,351,43344,Tyler Boyd,4,3
2021093000,351,48471,Trenton Irwin,4,0
2021093000,351,53434,Ja'Marr Chase,4,3
2021093000,449,43344,Tyler Boyd,4,3
2021093000,449,43495,Mike Thomas,4,3
2021093000,449,53434,Ja'Marr Chase,4,3
2021093000,549,38696,Marvin Jones,4,3
2021093000,549,39954,Tavon Austin,4,3
2021093000,599,38696,Marvin Jones,4,0
2021093000,599,39954,Tavon Austin,4,0
2021093000,599,52450,Laviska Shenault,4,0
2021093000,766,43344,Tyler Boyd,4,3
2021093000,766,43495,Mike Thomas,4,3
2021093000,766,53434,Ja'Marr Chase,4,3
2021093000,788,43344,Tyler Boyd,4,0
2021093000,788,46322,Auden Tate,4,0
2021093000,788,53434,Ja'Marr Chase,4,0
2021093000,893,38696,Marvin Jones,4,3
2021093000,893,39954,Tavon Austin,4,3
2021093000,893,44978,Jamal Agnew,4,1
2021093000,893,52450,Laviska Shenault,4,3
2021093000,957,43344,Tyler Boyd,4,1
2021093000,957,48471,Trenton Irwin,4,3
2021093000,957,53434,Ja'Marr Chase,4,3
2021093000,1021,43344,Tyler Boyd,4,0
2021093000,1021,43495,Mike Thomas,4,0
2021093000,1021,53434,Ja'Marr Chase,4,0
2021093000,1060,38696,Marvin Jones,4,3
2021093000,1060,39954,Tavon Austin,4,3
2021093000,1060,52450,Laviska Shenault,4,3
2021093000,1151,38696,Marvin Jones,4,3
2021093000,1151,39954,Tavon Austin,4,3
2021093000,1151,52450,Laviska Shenault,4,3
2021093000,1217,38696,Marvin Jones,4,3
2021093000,1217,39954,Tavon Austin,4,3
2021093000,1262,38696,Marvin Jones,4,1
2021093000,1262,39954,Tavon Austin,4,0
2021093000,1409,43344,Tyler Boyd,4,3
2021093000,1409,43495,Mike Thomas,4,3
2021093000,1409,53434,Ja'Marr Chase,4,3
2021093000,1452,38696,Marvin Jones,4,0
2021093000,1452,39954,Tavon Austin,4,0
2021093000,1452,52450,Laviska Shenault,4,0
2021093000,1531,38696,Marvin Jones,4,0
2021093000,1531,39954,Tavon Austin,4,0
2021093000,1531,52450,Laviska Shenault,4,1
2021093000,1570,38696,Marvin Jones,4,3
2021093000,1570,39954,Tavon Austin,4,3
2021093000,1570,52450,Laviska Shenault,4,3
2021093000,1769,43344,Tyler Boyd,4,3
2021093000,1769,43495,Mike Thomas,4,3
2021093000,1769,53434,Ja'Marr Chase,4,3
2021093000,1791,43344,Tyler Boyd,4,3
2021093000,1791,48471,Trenton Irwin,4,3
2021093000,1791,53434,Ja'Marr Chase,4,3
2021093000,1836,43495,Mike Thomas,4,1
2021093000,1836,53434,Ja'Marr Chase,4,3
2021093000,1934,38696,Marvin Jones,4,1
2021093000,1934,39954,Tavon Austin,4,1
2021093000,1934,52450,Laviska Shenault,4,3
2021093000,2023,43344,Tyler Boyd,4,3
2021093000,2023,48471,Trenton Irwin,4,3
2021093000,2023,53434,Ja'Marr Chase,4,3
2021093000,2080,43344,Tyler Boyd,4,3
2021093000,2080,48471,Trenton Irwin,4,3
2021093000,2080,53434,Ja'Marr Chase,4,3
2021093000,2193,43344,Tyler Boyd,4,3
2021093000,2193,43495,Mike Thomas,4,3
2021093000,2193,53434,Ja'Marr Chase,4,3
2021093000,2387,38696,Marvin Jones,4,0
2021093000,2387,44978,Jamal Agnew,4,0
2021093000,2387,48601,Tyron Johnson,4,1
2021093000,2483,38696,Marvin Jones,4,3
2021093000,2483,39954,Tavon Austin,4,3
2021093000,2483,52450,Laviska Shenault,4,3
2021093000,2505,38696,Marvin Jones,4,3
2021093000,2505,39954,Tavon Austin,4,3
2021093000,2505,52450,Laviska Shenault,4,3
2021093000,2555,38696,Marvin Jones,4,0
2021093000,2555,39954,Tavon Austin,4,3
2021093000,2555,52450,Laviska Shenault,4,3
2021093000,2579,38696,Marvin Jones,4,3
2021093000,2579,48601,Tyron Johnson,4,3
2021093000,2579,52450,Laviska Shenault,4,3
2021093000,2608,38696,Marvin Jones,4,3
2021093000,2608,39954,Tavon Austin,4,3
2021093000,2608,44978,Jamal Agnew,4,3
2021093000,2799,43344,Tyler Boyd,4,3
2021093000,2799,46322,Auden Tate,4,3
2021093000,2799,53434,Ja'Marr Chase,4,3
2021093000,2867,43344,Tyler Boyd,4,3
2021093000,2867,48471,Trenton Irwin,4,3
2021093000,2867,53434,Ja'Marr Chase,4,3
2021093000,2891,43344,Tyler Boyd,4,3
2021093000,2891,48471,Trenton Irwin,4,3
2021093000,2891,53434,Ja'Marr Chase,4,3
2021093000,2936,43495,Mike Thomas,4,3
2021093000,2936,48471,Trenton Irwin,4,3
2021093000,2936,53434,Ja'Marr Chase,4,3
2021093000,2960,43344,Tyler Boyd,4,1
2021093000,2960,43495,Mike Thomas,4,3
2021093000,2960,53434,Ja'Marr Chase,4,1
2021093000,2982,43344,Tyler Boyd,4,3
2021093000,2982,46322,Auden Tate,4,3
2021093000,2982,53434,Ja'Marr Chase,4,3
2021093000,3006,43344,Tyler Boyd,4,1
2021093000,3006,46322,Auden Tate,4,0
2021093000,3006,53434,Ja'Marr Chase,4,0
2021093000,3073,38696,Marvin Jones,4,3
2021093000,3073,48601,Tyron Johnson,4,3
2021093000,3073,52450,Laviska Shenault,4,3
2021093000,3118,38696,Marvin Jones,4,3
2021093000,3118,39954,Tavon Austin,4,3
2021093000,3118,52450,Laviska Shenault,4,3
2021093000,3206,38696,Marvin Jones,4,0
2021093000,3206,44978,Jamal Agnew,4,1
2021093000,3206,48601,Tyron Johnson,4,2
2021093000,3206,52450,Laviska Shenault,4,0
2021093000,3252,43344,Tyler Boyd,4,3
2021093000,3252,48471,Trenton Irwin,4,3
2021093000,3252,53434,Ja'Marr Chase,4,3
2021093000,3384,43344,Tyler Boyd,4,3
2021093000,3384,48471,Trenton Irwin,4,3
2021093000,3384,53434,Ja'Marr Chase,4,3
2021093000,3431,43344,Tyler Boyd,4,3
2021093000,3431,48471,Trenton Irwin,4,3
2021093000,3431,53434,Ja'Marr Chase,4,3
2021093000,3504,43344,Tyler Boyd,4,3
2021093000,3504,48471,Trenton Irwin,4,0
2021093000,3504,53434,Ja'Marr Chase,4,3
2021100300,76,46095,Calvin Ridley,4,3
2021100300,142,46095,Calvin Ridley,4,3
2021100300,142,48374,Olamide Zaccheaus,4,3
2021100300,208,46095,Calvin Ridley,4,3
2021100300,208,48374,Olamide Zaccheaus,4,3
2021100300,253,43429,Tajae Sharpe,4,0
2021100300,253,46095,Calvin Ridley,4,3
2021100300,253,48374,Olamide Zaccheaus,4,3
2021100300,293,43429,Tajae Sharpe,4,3
2021100300,293,46095,Calvin Ridley,4,3
2021100300,293,48374,Olamide Zaccheaus,4,3
2021100300,317,46095,Calvin Ridley,4,0
2021100300,317,48374,Olamide Zaccheaus,4,0
2021100300,367,43429,Tajae Sharpe,4,1
2021100300,367,46095,Calvin Ridley,4,1
2021100300,367,48374,Olamide Zaccheaus,4,3
2021100300,389,43429,Tajae Sharpe,4,3
2021100300,389,46095,Calvin Ridley,4,3
2021100300,389,48374,Olamide Zaccheaus,4,3
2021100300,473,43010,Adam Humphries,4,3
2021100300,473,44852,Curtis Samuel,4,1
2021100300,473,47859,Terry McLaurin,4,3
2021100300,495,43010,Adam Humphries,4,3
2021100300,495,44852,Curtis Samuel,4,3
2021100300,495,47859,Terry McLaurin,4,3
2021100300,566,43010,Adam Humphries,4,3
2021100300,566,47859,Terry McLaurin,4,3
2021100300,566,53511,Dyami Brown,4,3
2021100300,667,46095,Calvin Ridley,4,3
2021100300,959,43429,Tajae Sharpe,4,3
2021100300,959,46095,Calvin Ridley,4,3
2021100300,959,48374,Olamide Zaccheaus,4,2
2021100300,1032,46095,Calvin Ridley,4,3
2021100300,1032,48374,Olamide Zaccheaus,4,3
2021100300,1056,46095,Calvin Ridley,4,1
2021100300,1158,43010,Adam Humphries,4,0
2021100300,1158,46362,Cam Sims,4,3
2021100300,1158,47859,Terry McLaurin,4,1
2021100300,1187,43010,Adam Humphries,4,1
2021100300,1187,47859,Terry McLaurin,4,0
2021100300,1187,53511,Dyami Brown,4,3
2021100300,1246,43010,Adam Humphries,4,3
2021100300,1246,47859,Terry McLaurin,4,3
2021100300,1246,53511,Dyami Brown,4,3
2021100300,1293,43010,Adam Humphries,4,3
2021100300,1293,44852,Curtis Samuel,4,3
2021100300,1293,47859,Terry McLaurin,4,3
2021100300,1315,43010,Adam Humphries,4,3
2021100300,1315,47859,Terry McLaurin,4,3
2021100300,1315,53511,Dyami Brown,4,3
2021100300,1424,46095,Calvin Ridley,4,3
2021100300,1424,48374,Olamide Zaccheaus,4,2
2021100300,1446,43429,Tajae Sharpe,4,3
2021100300,1446,46095,Calvin Ridley,4,3
2021100300,1446,48374,Olamide Zaccheaus,4,3
2021100300,1632,43010,Adam Humphries,4,3
2021100300,1632,47859,Terry McLaurin,4,0
2021100300,1632,53511,Dyami Brown,4,0
2021100300,1790,46095,Calvin Ridley,4,3
2021100300,1790,48374,Olamide Zaccheaus,4,3
2021100300,1812,43429,Tajae Sharpe,4,3
2021100300,1812,46095,Calvin Ridley,4,3
2021100300,1812,48374,Olamide Zaccheaus,4,3
2021100300,1868,46095,Calvin Ridley,4,3
2021100300,1868,48374,Olamide Zaccheaus,4,3
2021100300,1890,46095,Calvin Ridley,4,3
2021100300,1890,48374,Olamide Zaccheaus,4,3
2021100300,1963,46095,Calvin Ridley,4,3
2021100300,1963,48374,Olamide Zaccheaus,4,3
2021100300,1985,46095,Calvin Ridley,4,3
2021100300,1985,48374,Olamide Zaccheaus,4,3
2021100300,2014,46095,Calvin Ridley,4,3
2021100300,2014,48374,Olamide Zaccheaus,4,3
2021100300,2043,46095,Calvin Ridley,4,3
2021100300,2043,48374,Olamide Zaccheaus,4,3
2021100300,2138,43429,Tajae Sharpe,4,3
2021100300,2138,46095,Calvin Ridley,4,3
2021100300,2138,48374,Olamide Zaccheaus,4,3
2021100300,2316,46095,Calvin Ridley,4,3
2021100300,2316,48374,Olamide Zaccheaus,4,3
2021100300,2340,46095,Calvin Ridley,4,1
2021100300,2340,48374,Olamide Zaccheaus,4,3
2021100300,2394,46095,Calvin Ridley,4,3
2021100300,2435,46095,Calvin Ridley,4,3
2021100300,2483,46095,Calvin Ridley,4,3
2021100300,2483,48374,Olamide Zaccheaus,4,3
2021100300,2505,46095,Calvin Ridley,4,3
2021100300,2505,48374,Olamide Zaccheaus,4,1
2021100300,2530,46095,Calvin Ridley,4,0
2021100300,2530,48374,Olamide Zaccheaus,4,1
2021100300,2562,43010,Adam Humphries,4,3
2021100300,2562,47859,Terry McLaurin,4,3
2021100300,2562,53511,Dyami Brown,4,3
2021100300,2610,47859,Terry McLaurin,4,0
2021100300,2610,53511,Dyami Brown,4,3
2021100300,2658,43010,Adam Humphries,4,3
2021100300,2658,47859,Terry McLaurin,4,3
2021100300,2658,53511,Dyami Brown,4,3
2021100300,2680,43010,Adam Humphries,4,3
2021100300,2680,44852,Curtis Samuel,4,3
2021100300,2680,47859,Terry McLaurin,4,3
2021100300,2757,43010,Adam Humphries,4,3
2021100300,2757,47859,Terry McLaurin,4,3
2021100300,2757,53511,Dyami Brown,4,3
2021100300,2921,43429,Tajae Sharpe,4,3
2021100300,2921,46095,Calvin Ridley,4,1
2021100300,2921,48374,Olamide Zaccheaus,4,2
2021100300,2964,43429,Tajae Sharpe,4,3
2021100300,2964,46095,Calvin Ridley,4,3
2021100300,2964,48374,Olamide Zaccheaus,4,3
2021100300,3009,46095,Calvin Ridley,4,3
2021100300,3033,46095,Calvin Ridley,4,3
2021100300,3114,46095,Calvin Ridley,4,3
2021100300,3114,48374,Olamide Zaccheaus,4,3
2021100300,3267,46095,Calvin Ridley,4,1
2021100300,3267,48374,Olamide Zaccheaus,4,3
2021100300,3323,46362,Cam Sims,4,3
2021100300,3323,47859,Terry McLaurin,4,3
2021100300,3373,43010,Adam Humphries,4,3
2021100300,3373,46362,Cam Sims,4,3
2021100300,3373,47859,Terry McLaurin,4,3
2021100300,3511,43429,Tajae Sharpe,4,3
2021100300,3511,46095,Calvin Ridley,4,3
2021100300,3511,48374,Olamide Zaccheaus,4,3
2021100300,3606,43010,Adam Humphries,4,0
2021100300,3606,44852,Curtis Samuel,4,1
2021100300,3606,47859,Terry McLaurin,4,3
2021100300,3642,44852,Curtis Samuel,4,0
2021100300,3642,47859,Terry McLaurin,4,0
2021100300,3763,43010,Adam Humphries,4,0
2021100300,3763,44852,Curtis Samuel,4,0
2021100300,3763,47859,Terry McLaurin,4,0
2021100300,3787,43010,Adam Humphries,4,3
2021100300,3787,44852,Curtis Samuel,4,3
2021100300,3787,47859,Terry McLaurin,4,3
2021100300,3834,43010,Adam Humphries,4,3
2021100300,3834,44852,Curtis Samuel,4,0
2021100300,3834,47859,Terry McLaurin,4,0
2021100300,3858,44852,Curtis Samuel,4,1
2021100300,3858,47859,Terry McLaurin,4,0
2021100300,3903,43010,Adam Humphries,4,1
2021100300,3903,44852,Curtis Samuel,4,0
2021100300,3903,47859,Terry McLaurin,4,0
2021100300,3932,44852,Curtis Samuel,4,1
2021100300,3932,47859,Terry McLaurin,4,3
2021100300,4070,42794,DeAndre Carter,4,3
2021100300,4070,43010,Adam Humphries,4,3
2021100300,4070,47859,Terry McLaurin,4,3
2021100300,4092,42794,DeAndre Carter,4,0
2021100300,4092,43010,Adam Humphries,4,3
2021100300,4092,47859,Terry McLaurin,4,0
2021100300,4116,42794,DeAndre Carter,4,3
2021100300,4116,43010,Adam Humphries,4,3
2021100300,4116,47859,Terry McLaurin,4,3
2021100300,4138,42794,DeAndre Carter,4,3
2021100300,4138,43010,Adam Humphries,4,3
2021100300,4138,47859,Terry McLaurin,4,3
2021100300,4302,42794,DeAndre Carter,4,0
2021100300,4302,43010,Adam Humphries,4,0
2021100300,4302,47859,Terry McLaurin,4,0
2021100300,4395,46095,Calvin Ridley,4,3
2021100300,4395,48374,Olamide Zaccheaus,4,0
2021100300,4436,43429,Tajae Sharpe,4,3
2021100300,4436,46095,Calvin Ridley,4,3
2021100300,4436,48374,Olamide Zaccheaus,4,3
2021100300,4539,46095,Calvin Ridley,4,0
2021100300,4539,48374,Olamide Zaccheaus,4,0
2021100301,198,35521,Emmanuel Sanders,4,3
2021100301,198,42489,Stefon Diggs,4,1
2021100301,292,46120,Anthony Miller,4,3
2021100301,449,41246,Brandin Cooks,4,1
2021100301,449,42419,Chris Conley,4,0
2021100301,471,41246,Brandin Cooks,4,3
2021100301,471,42419,Chris Conley,4,3
2021100301,471,46120,Anthony Miller,4,3
2021100301,518,35521,Emmanuel Sanders,4,3
2021100301,518,38947,Cole Beasley,4,3
2021100301,518,42489,Stefon Diggs,4,3
2021100301,698,35521,Emmanuel Sanders,4,3
2021100301,698,38947,Cole Beasley,4,3
2021100301,698,42489,Stefon Diggs,4,3
2021100301,909,35521,Emmanuel Sanders,4,0
2021100301,909,42489,Stefon Diggs,4,0
2021100301,957,35521,Emmanuel Sanders,4,1
2021100301,957,42489,Stefon Diggs,4,3
2021100301,981,35521,Emmanuel Sanders,4,3
2021100301,981,38947,Cole Beasley,4,3
2021100301,981,42489,Stefon Diggs,4,3
2021100301,1171,42818,Jake Kumerow,4,3
2021100301,1171,52536,Gabe Davis,4,3
2021100301,1214,35521,Emmanuel Sanders,4,3
2021100301,1214,38947,Cole Beasley,4,3
2021100301,1214,42489,Stefon Diggs,4,3
2021100301,1366,41246,Brandin Cooks,4,3
2021100301,1366,42419,Chris Conley,4,3
2021100301,1366,46120,Anthony Miller,4,3
2021100301,1456,35521,Emmanuel Sanders,4,0
2021100301,1456,38947,Cole Beasley,4,3
2021100301,1456,42489,Stefon Diggs,4,0
2021100301,1607,35521,Emmanuel Sanders,4,3
2021100301,1607,38947,Cole Beasley,4,3
2021100301,1607,42489,Stefon Diggs,4,3
2021100301,1783,35521,Emmanuel Sanders,4,0
2021100301,1783,38947,Cole Beasley,4,1
2021100301,1783,42489,Stefon Diggs,4,3
2021100301,1812,35521,Emmanuel Sanders,4,1
2021100301,1812,38947,Cole Beasley,4,3
2021100301,1812,42489,Stefon Diggs,4,3
2021100301,1848,38947,Cole Beasley,4,1
2021100301,1848,42818,Jake Kumerow,4,2
2021100301,1848,52536,Gabe Davis,4,0
2021100301,1870,35521,Emmanuel Sanders,4,3
2021100301,1870,38947,Cole Beasley,4,3
2021100301,1870,42489,Stefon Diggs,4,3
2021100301,1870,52536,Gabe Davis,4,1
2021100301,1911,35521,Emmanuel Sanders,4,3
2021100301,1911,38947,Cole Beasley,4,3
2021100301,1911,42489,Stefon Diggs,4,3
2021100301,2076,35521,Emmanuel Sanders,4,0
2021100301,2076,42489,Stefon Diggs,4,0
2021100301,2168,35521,Emmanuel Sanders,4,0
2021100301,2168,38947,Cole Beasley,4,3
2021100301,2168,42489,Stefon Diggs,4,1
2021100301,2194,35521,Emmanuel Sanders,4,0
2021100301,2194,38947,Cole Beasley,4,3
2021100301,2194,42489,Stefon Diggs,4,1
2021100301,2194,52536,Gabe Davis,4,0
2021100301,2370,35521,Emmanuel Sanders,4,3
2021100301,2370,38947,Cole Beasley,4,3
2021100301,2370,52536,Gabe Davis,4,1
2021100301,2451,41246,Brandin Cooks,4,3
2021100301,2451,42419,Chris Conley,4,3
2021100301,2496,41246,Brandin Cooks,4,0
2021100301,2496,42419,Chris Conley,4,0
2021100301,2496,46120,Anthony Miller,4,0
2021100301,2575,41246,Brandin Cooks,4,0
2021100301,2575,42419,Chris Conley,4,0
2021100301,2575,46120,Anthony Miller,4,0
2021100301,2879,42818,Jake Kumerow,4,3
2021100301,2879,44985,Isaiah McKenzie,4,3
2021100301,2879,52536,Gabe Davis,4,3
2021100301,3027,41246,Brandin Cooks,4,3
2021100301,3027,42419,Chris Conley,4,3
2021100301,3027,46120,Anthony Miller,4,3
2021100301,3056,41246,Brandin Cooks,4,3
2021100301,3056,42419,Chris Conley,4,3
2021100301,3056,46120,Anthony Miller,4,3
2021100301,3172,35521,Emmanuel Sanders,4,3
2021100301,3172,38947,Cole Beasley,4,3
2021100301,3172,42489,Stefon Diggs,4,3
2021100301,3274,41246,Brandin Cooks,4,3
2021100301,3274,42419,Chris Conley,4,3
2021100301,3274,46120,Anthony Miller,4,3
2021100301,3324,41246,Brandin Cooks,4,3
2021100301,3324,42419,Chris Conley,4,3
2021100301,3324,46120,Anthony Miller,4,3
2021100301,3369,41246,Brandin Cooks,4,3
2021100301,3369,42419,Chris Conley,4,3
2021100301,3369,46120,Anthony Miller,4,3
2021100301,3506,42818,Jake Kumerow,4,3
2021100301,3506,52536,Gabe Davis,4,3
2021100301,3636,41246,Brandin Cooks,4,1
2021100301,3636,42419,Chris Conley,4,0
2021100301,3636,46120,Anthony Miller,4,3
2021100301,3673,41246,Brandin Cooks,4,3
2021100301,3673,42419,Chris Conley,4,3
2021100301,3673,46120,Anthony Miller,4,3
2021100301,3697,41246,Brandin Cooks,4,0
2021100301,3697,42419,Chris Conley,4,0
2021100301,3697,46120,Anthony Miller,4,0
2021100301,3736,41246,Brandin Cooks,4,3
2021100301,3736,42419,Chris Conley,4,3
2021100301,3736,46120,Anthony Miller,4,0
2021100301,3777,41246,Brandin Cooks,4,0
2021100301,3777,42419,Chris Conley,4,0
2021100301,3777,46120,Anthony Miller,4,0
2021100302,97,41290,Allen Robinson,4,3
2021100302,97,42899,Damiere Byrd,4,3
2021100302,97,52581,Darnell Mooney,4,3
2021100302,142,40026,Marquise Goodwin,4,3
2021100302,142,42899,Damiere Byrd,4,3
2021100302,142,52581,Darnell Mooney,4,3
2021100302,208,41290,Allen Robinson,4,0
2021100302,208,42899,Damiere Byrd,4,1
2021100302,208,52581,Darnell Mooney,4,0
2021100302,401,43584,Kalif Raymond,4,0
2021100302,401,52574,Quintez Cephus,4,1
2021100302,467,43584,Kalif Raymond,4,3
2021100302,467,52574,Quintez Cephus,4,1
2021100302,467,53541,Amon-Ra St. Brown,4,3
2021100302,580,43584,Kalif Raymond,4,0
2021100302,580,52574,Quintez Cephus,4,1
2021100302,580,53541,Amon-Ra St. Brown,4,1
2021100302,972,43584,Kalif Raymond,4,3
2021100302,972,52574,Quintez Cephus,4,3
2021100302,972,53541,Amon-Ra St. Brown,4,3
2021100302,1038,52574,Quintez Cephus,4,3
2021100302,1092,43584,Kalif Raymond,4,3
2021100302,1092,52574,Quintez Cephus,4,3
2021100302,1092,53541,Amon-Ra St. Brown,4,2
2021100302,1137,43584,Kalif Raymond,4,3
2021100302,1137,52574,Quintez Cephus,4,3
2021100302,1137,53541,Amon-Ra St. Brown,4,1
2021100302,1172,48053,Trinity Benson,4,3
2021100302,1172,52574,Quintez Cephus,4,3
2021100302,1172,53541,Amon-Ra St. Brown,4,3
2021100302,1236,48053,Trinity Benson,4,3
2021100302,1236,52574,Quintez Cephus,4,1
2021100302,1342,40026,Marquise Goodwin,4,3
2021100302,1342,41290,Allen Robinson,4,3
2021100302,1342,52581,Darnell Mooney,4,3
2021100302,1469,48053,Trinity Benson,4,2
2021100302,1469,52574,Quintez Cephus,4,3
2021100302,1491,43584,Kalif Raymond,4,3
2021100302,1491,52574,Quintez Cephus,4,3
2021100302,1491,53541,Amon-Ra St. Brown,4,3
2021100302,1557,43584,Kalif Raymond,4,3
2021100302,1557,53541,Amon-Ra St. Brown,4,3
2021100302,1579,48053,Trinity Benson,4,0
2021100302,1579,52574,Quintez Cephus,4,0
2021100302,1579,53541,Amon-Ra St. Brown,4,0
2021100302,1701,41290,Allen Robinson,4,0
2021100302,1701,42899,Damiere Byrd,4,2
2021100302,1701,52581,Darnell Mooney,4,0
2021100302,1811,40026,Marquise Goodwin,4,3
2021100302,1811,41290,Allen Robinson,4,3
2021100302,1811,52581,Darnell Mooney,4,3
2021100302,1875,40026,Marquise Goodwin,4,3
2021100302,1875,41290,Allen Robinson,4,3
2021100302,1875,52581,Darnell Mooney,4,3
2021100302,1933,40026,Marquise Goodwin,4,3
2021100302,1933,41290,Allen Robinson,4,3
2021100302,1933,52581,Darnell Mooney,4,3
2021100302,1959,43584,Kalif Raymond,4,3
2021100302,1959,52574,Quintez Cephus,4,3
2021100302,1959,53541,Amon-Ra St. Brown,4,3
2021100302,2054,43584,Kalif Raymond,4,3
2021100302,2054,52574,Quintez Cephus,4,3
2021100302,2054,53541,Amon-Ra St. Brown,4,3
2021100302,2216,43584,Kalif Raymond,4,3
2021100302,2216,52574,Quintez Cephus,4,3
2021100302,2336,41290,Allen Robinson,4,0
2021100302,2336,42899,Damiere Byrd,4,0
2021100302,2382,40026,Marquise Goodwin,4,3
2021100302,2382,52581,Darnell Mooney,4,3
2021100302,2471,43584,Kalif Raymond,4,3
2021100302,2471,52574,Quintez Cephus,4,3
2021100302,2471,53541,Amon-Ra St. Brown,4,3
2021100302,2506,43584,Kalif Raymond,4,1
2021100302,2506,52574,Quintez Cephus,4,3
2021100302,2506,53541,Amon-Ra St. Brown,4,3
2021100302,2561,43584,Kalif Raymond,4,3
2021100302,2561,52574,Quintez Cephus,4,3
2021100302,2691,40026,Marquise Goodwin,4,3
2021100302,2691,41290,Allen Robinson,4,1
2021100302,2691,52581,Darnell Mooney,4,3
2021100302,2750,43584,Kalif Raymond,4,3
2021100302,2750,52574,Quintez Cephus,4,3
2021100302,2750,53541,Amon-Ra St. Brown,4,3
2021100302,2774,43584,Kalif Raymond,4,3
2021100302,2774,53541,Amon-Ra St. Brown,4,3
2021100302,2798,43584,Kalif Raymond,4,3
2021100302,2798,52574,Quintez Cephus,4,3
2021100302,2798,53541,Amon-Ra St. Brown,4,3
2021100302,2940,41290,Allen Robinson,4,1
2021100302,2940,52581,Darnell Mooney,4,0
2021100302,2992,40026,Marquise Goodwin,4,1
2021100302,2992,41290,Allen Robinson,4,0
2021100302,3108,41290,Allen Robinson,4,3
2021100302,3108,52581,Darnell Mooney,4,3
2021100302,3191,43584,Kalif Raymond,4,3
2021100302,3191,52574,Quintez Cephus,4,3
2021100302,3232,43584,Kalif Raymond,4,3
2021100302,3232,52574,Quintez Cephus,4,3
2021100302,3232,53541,Amon-Ra St. Brown,4,3
2021100302,3288,43584,Kalif Raymond,4,3
2021100302,3288,46992,KhaDarel Hodge,4,0
2021100302,3331,46992,KhaDarel Hodge,4,0
2021100302,3331,48053,Trinity Benson,4,0
2021100302,3331,53541,Amon-Ra St. Brown,4,0
2021100302,3360,46992,KhaDarel Hodge,4,3
2021100302,3360,48053,Trinity Benson,4,1
2021100302,3360,53541,Amon-Ra St. Brown,4,3
2021100302,3384,43584,Kalif Raymond,4,3
2021100302,3384,53541,Amon-Ra St. Brown,4,3
2021100302,3752,43584,Kalif Raymond,4,3
2021100302,3752,48053,Trinity Benson,4,3
2021100302,3752,52574,Quintez Cephus,4,3
2021100302,3773,43584,Kalif Raymond,4,0
2021100302,3773,48053,Trinity Benson,4,3
2021100302,3773,52574,Quintez Cephus,4,1
2021100302,3795,48053,Trinity Benson,4,1
2021100302,3795,52574,Quintez Cephus,4,0
2021100302,3795,53541,Amon-Ra St. Brown,4,3
2021100302,3860,46992,KhaDarel Hodge,4,3
2021100302,3860,48053,Trinity Benson,4,3
2021100302,3860,53541,Amon-Ra St. Brown,4,3
2021100302,3915,46992,KhaDarel Hodge,4,1
2021100302,3915,48053,Trinity Benson,4,3
2021100302,3915,53541,Amon-Ra St. Brown,4,3
2021100302,3946,43584,Kalif Raymond,4,3
2021100302,3946,46992,KhaDarel Hodge,4,3
2021100302,3946,52574,Quintez Cephus,4,3
2021100302,3982,43584,Kalif Raymond,4,3
2021100302,3982,52574,Quintez Cephus,4,0
2021100302,3982,53541,Amon-Ra St. Brown,4,1
2021100302,4006,43584,Kalif Raymond,4,3
2021100302,4006,52574,Quintez Cephus,4,3
2021100302,4006,53541,Amon-Ra St. Brown,4,3
2021100302,4116,41290,Allen Robinson,4,3
2021100302,4116,42899,Damiere Byrd,4,3
2021100302,4116,52581,Darnell Mooney,4,3
2021100303,111,42347,Amari Cooper,4,3
2021100303,111,46277,Cedrick Wilson,4,3
2021100303,111,52425,CeeDee Lamb,4,3
2021100303,173,43808,Robby Anderson,4,3
2021100303,173,46093,D.J. Moore,4,3
2021100303,173,53488,Terrace Marshall,4,3
2021100303,274,45052,Noah Brown,4,3
2021100303,274,46277,Cedrick Wilson,4,3
2021100303,274,52425,CeeDee Lamb,4,3
2021100303,370,46277,Cedrick Wilson,4,0
2021100303,370,52425,CeeDee Lamb,4,0
2021100303,559,43808,Robby Anderson,4,1
2021100303,559,46093,D.J. Moore,4,0
2021100303,606,43808,Robby Anderson,4,1
2021100303,606,46093,D.J. Moore,4,3
2021100303,656,46093,D.J. Moore,4,3
2021100303,656,53488,Terrace Marshall,4,3
2021100303,701,43808,Robby Anderson,4,3
2021100303,701,46093,D.J. Moore,4,3
2021100303,701,53488,Terrace Marshall,4,3
2021100303,783,42347,Amari Cooper,4,1
2021100303,783,46277,Cedrick Wilson,4,3
2021100303,783,52425,CeeDee Lamb,4,3
2021100303,805,42347,Amari Cooper,4,3
2021100303,805,46277,Cedrick Wilson,4,3
2021100303,805,52425,CeeDee Lamb,4,3
2021100303,933,42347,Amari Cooper,4,3
2021100303,933,46277,Cedrick Wilson,4,3
2021100303,933,52425,CeeDee Lamb,4,3
2021100303,1072,42347,Amari Cooper,4,3
2021100303,1072,52425,CeeDee Lamb,4,3
2021100303,1096,45052,Noah Brown,4,3
2021100303,1096,46277,Cedrick Wilson,4,3
2021100303,1096,52425,CeeDee Lamb,4,3
2021100303,1233,43663,Alex Erickson,4,3
2021100303,1233,46093,D.J. Moore,4,0
2021100303,1233,53488,Terrace Marshall,4,0
2021100303,1257,43808,Robby Anderson,4,3
2021100303,1257,46093,D.J. Moore,4,3
2021100303,1294,43808,Robby Anderson,4,3
2021100303,1294,46093,D.J. Moore,4,3
2021100303,1294,53488,Terrace Marshall,4,3
2021100303,1339,43808,Robby Anderson,4,0
2021100303,1339,46093,D.J. Moore,4,0
2021100303,1452,43808,Robby Anderson,4,3
2021100303,1452,46093,D.J. Moore,4,3
2021100303,1599,42347,Amari Cooper,4,3
2021100303,1599,52425,CeeDee Lamb,4,3
2021100303,1751,42347,Amari Cooper,4,3
2021100303,1751,52425,CeeDee Lamb,4,3
2021100303,1824,43808,Robby Anderson,4,3
2021100303,1824,46093,D.J. Moore,4,1
2021100303,1824,53488,Terrace Marshall,4,3
2021100303,1848,43808,Robby Anderson,4,2
2021100303,1848,46093,D.J. Moore,4,3
2021100303,1848,53488,Terrace Marshall,4,3
2021100303,1951,43808,Robby Anderson,4,3
2021100303,1951,46093,D.J. Moore,4,3
2021100303,1951,53488,Terrace Marshall,4,3
2021100303,2022,42347,Amari Cooper,4,3
2021100303,2022,46277,Cedrick Wilson,4,3
2021100303,2022,52425,CeeDee Lamb,4,3
2021100303,2046,42347,Amari Cooper,4,3
2021100303,2046,46277,Cedrick Wilson,4,3
2021100303,2046,52425,CeeDee Lamb,4,3
2021100303,2068,42347,Amari Cooper,4,3
2021100303,2068,46277,Cedrick Wilson,4,3
2021100303,2068,52425,CeeDee Lamb,4,3
2021100303,2090,42347,Amari Cooper,4,3
2021100303,2090,46277,Cedrick Wilson,4,3
2021100303,2090,52425,CeeDee Lamb,4,3
2021100303,2254,43808,Robby Anderson,4,3
2021100303,2254,46093,D.J. Moore,4,3
2021100303,2254,53488,Terrace Marshall,4,3
2021100303,2299,43808,Robby Anderson,4,3
2021100303,2299,46093,D.J. Moore,4,3
2021100303,2299,53488,Terrace Marshall,4,3
2021100303,2321,43808,Robby Anderson,4,3
2021100303,2321,46093,D.J. Moore,4,3
2021100303,2321,53488,Terrace Marshall,4,3
2021100303,2426,42347,Amari Cooper,4,1
2021100303,2426,46277,Cedrick Wilson,4,3
2021100303,2426,52425,CeeDee Lamb,4,1
2021100303,2587,42347,Amari Cooper,4,3
2021100303,2587,52425,CeeDee Lamb,4,3
2021100303,2637,42347,Amari Cooper,4,3
2021100303,2637,46277,Cedrick Wilson,4,3
2021100303,2637,52425,CeeDee Lamb,4,3
2021100303,2662,42347,Amari Cooper,4,3
2021100303,2662,46277,Cedrick Wilson,4,2
2021100303,2662,52425,CeeDee Lamb,4,1
2021100303,2691,43808,Robby Anderson,4,3
2021100303,2691,46093,D.J. Moore,4,1
2021100303,2691,53488,Terrace Marshall,4,1
2021100303,2713,43808,Robby Anderson,4,0
2021100303,2713,46093,D.J. Moore,4,0
2021100303,2881,43808,Robby Anderson,4,3
2021100303,2881,46093,D.J. Moore,4,1
2021100303,2881,53488,Terrace Marshall,4,3
2021100303,2949,42347,Amari Cooper,4,3
2021100303,2949,46277,Cedrick Wilson,4,3
2021100303,2949,52425,CeeDee Lamb,4,3
2021100303,3026,43808,Robby Anderson,4,0
2021100303,3026,46093,D.J. Moore,4,0
2021100303,3026,53488,Terrace Marshall,4,3
2021100303,3048,43808,Robby Anderson,4,3
2021100303,3048,46093,D.J. Moore,4,3
2021100303,3048,53488,Terrace Marshall,4,3
2021100303,3238,43808,Robby Anderson,4,3
2021100303,3238,46093,D.J. Moore,4,3
2021100303,3238,53488,Terrace Marshall,4,3
2021100303,3262,43808,Robby Anderson,4,3
2021100303,3262,46093,D.J. Moore,4,3
2021100303,3262,53488,Terrace Marshall,4,2
2021100303,3335,43663,Alex Erickson,4,3
2021100303,3335,44123,Brandon Zylstra,4,3
2021100303,3335,53488,Terrace Marshall,4,3
2021100303,3392,43808,Robby Anderson,4,3
2021100303,3392,46093,D.J. Moore,4,3
2021100303,3392,53488,Terrace Marshall,4,3
2021100303,3416,43808,Robby Anderson,4,3
2021100303,3416,44123,Brandon Zylstra,4,3
2021100303,3416,53488,Terrace Marshall,4,3
2021100303,3440,43808,Robby Anderson,4,3
2021100303,3440,44123,Brandon Zylstra,4,3
2021100303,3440,53488,Terrace Marshall,4,3
2021100303,3464,43808,Robby Anderson,4,3
2021100303,3464,44123,Brandon Zylstra,4,3
2021100303,3464,53488,Terrace Marshall,4,3
2021100303,3612,45052,Noah Brown,4,3
2021100303,3612,46277,Cedrick Wilson,4,3
2021100303,3612,52425,CeeDee Lamb,4,3
2021100303,3678,43808,Robby Anderson,4,3
2021100303,3678,46093,D.J. Moore,4,3
2021100303,3678,53488,Terrace Marshall,4,3
2021100303,3703,43808,Robby Anderson,4,3
2021100303,3703,46093,D.J. Moore,4,3
2021100303,3703,53488,Terrace Marshall,4,3
2021100303,3727,43808,Robby Anderson,4,3
2021100303,3727,46093,D.J. Moore,4,3
2021100303,3727,53488,Terrace Marshall,4,3
2021100303,3823,43808,Robby Anderson,4,3
2021100303,3823,46093,D.J. Moore,4,3
2021100303,3823,53488,Terrace Marshall,4,3
2021100303,3857,44123,Brandon Zylstra,4,3
2021100303,3857,46093,D.J. Moore,4,3
2021100303,3857,53488,Terrace Marshall,4,3
2021100303,3886,43663,Alex Erickson,4,3
2021100303,3886,43808,Robby Anderson,4,1
2021100303,3886,46093,D.J. Moore,4,1
2021100303,3919,43663,Alex Erickson,4,3
2021100303,3919,43808,Robby Anderson,4,3
2021100303,3919,46093,D.J. Moore,4,3
2021100303,4068,45052,Noah Brown,4,3
2021100303,4068,46277,Cedrick Wilson,4,3
2021100303,4068,52425,CeeDee Lamb,4,3
2021100304,76,42357,DeVante Parker,4,1
2021100304,76,43310,Will Fuller,4,3
2021100304,76,53435,Jaylen Waddle,4,1
2021100304,147,42357,DeVante Parker,4,3
2021100304,147,43310,Will Fuller,4,3
2021100304,147,53435,Jaylen Waddle,4,3
2021100304,171,42357,DeVante Parker,4,3
2021100304,171,43310,Will Fuller,4,0
2021100304,171,53435,Jaylen Waddle,4,1
2021100304,207,41506,Albert Wilson,4,0
2021100304,207,42357,DeVante Parker,4,1
2021100304,207,53435,Jaylen Waddle,4,0
2021100304,258,42357,DeVante Parker,4,1
2021100304,293,42357,DeVante Parker,4,3
2021100304,340,42357,DeVante Parker,4,3
2021100304,484,45102,Zach Pascal,4,0
2021100304,484,47842,Parris Campbell,4,1
2021100304,484,52442,Michael Pittman,4,1
2021100304,573,42357,DeVante Parker,4,3
2021100304,573,53435,Jaylen Waddle,4,3
2021100304,602,42357,DeVante Parker,4,0
2021100304,602,53435,Jaylen Waddle,4,1
2021100304,679,42357,DeVante Parker,4,3
2021100304,679,43310,Will Fuller,4,3
2021100304,679,53435,Jaylen Waddle,4,3
2021100304,703,42357,DeVante Parker,4,3
2021100304,703,43310,Will Fuller,4,3
2021100304,748,42357,DeVante Parker,4,0
2021100304,748,43310,Will Fuller,4,1
2021100304,748,53435,Jaylen Waddle,4,0
2021100304,965,48118,Ashton Dulin,4,0
2021100304,965,53658,Mike Strachan,4,0
2021100304,1021,45102,Zach Pascal,4,3
2021100304,1021,47842,Parris Campbell,4,3
2021100304,1021,52442,Michael Pittman,4,3
2021100304,1115,42357,DeVante Parker,4,3
2021100304,1115,43310,Will Fuller,4,3
2021100304,1137,42357,DeVante Parker,4,3
2021100304,1137,43310,Will Fuller,4,3
2021100304,1137,53435,Jaylen Waddle,4,3
2021100304,1197,45102,Zach Pascal,4,3
2021100304,1197,52442,Michael Pittman,4,3
2021100304,1219,45102,Zach Pascal,4,3
2021100304,1219,47842,Parris Campbell,4,3
2021100304,1219,52442,Michael Pittman,4,3
2021100304,1243,45102,Zach Pascal,4,2
2021100304,1243,52442,Michael Pittman,4,0
2021100304,1304,45102,Zach Pascal,4,3
2021100304,1304,47842,Parris Campbell,4,3
2021100304,1304,52442,Michael Pittman,4,3
2021100304,1357,45102,Zach Pascal,4,1
2021100304,1357,47842,Parris Campbell,4,3
2021100304,1357,52442,Michael Pittman,4,0
2021100304,1381,45102,Zach Pascal,4,3
2021100304,1381,52442,Michael Pittman,4,3
2021100304,1405,45102,Zach Pascal,4,3
2021100304,1405,52442,Michael Pittman,4,3
2021100304,1480,42357,DeVante Parker,4,3
2021100304,1480,53435,Jaylen Waddle,4,1
2021100304,1525,41506,Albert Wilson,4,0
2021100304,1525,42357,DeVante Parker,4,0
2021100304,1525,53435,Jaylen Waddle,4,3
2021100304,1547,41506,Albert Wilson,4,3
2021100304,1547,42357,DeVante Parker,4,3
2021100304,1547,53435,Jaylen Waddle,4,3
2021100304,1588,45102,Zach Pascal,4,0
2021100304,1588,47842,Parris Campbell,4,3
2021100304,1588,52442,Michael Pittman,4,3
2021100304,1629,45102,Zach Pascal,4,3
2021100304,1629,47842,Parris Campbell,4,3
2021100304,1629,52442,Michael Pittman,4,3
2021100304,1651,45102,Zach Pascal,4,0
2021100304,1651,47842,Parris Campbell,4,1
2021100304,1651,52442,Michael Pittman,4,1
2021100304,1734,45102,Zach Pascal,4,3
2021100304,1734,47842,Parris Campbell,4,1
2021100304,1734,52442,Michael Pittman,4,1
2021100304,1758,45102,Zach Pascal,4,3
2021100304,1758,47842,Parris Campbell,4,3
2021100304,1758,52442,Michael Pittman,4,3
2021100304,1957,48118,Ashton Dulin,4,0
2021100304,1957,53658,Mike Strachan,4,0
2021100304,2044,45102,Zach Pascal,4,0
2021100304,2044,52442,Michael Pittman,4,1
2021100304,2089,45102,Zach Pascal,4,3
2021100304,2089,47842,Parris Campbell,4,3
2021100304,2089,52442,Michael Pittman,4,3
2021100304,2158,45102,Zach Pascal,4,3
2021100304,2158,52442,Michael Pittman,4,3
2021100304,2265,41506,Albert Wilson,4,3
2021100304,2265,42357,DeVante Parker,4,3
2021100304,2265,53435,Jaylen Waddle,4,3
2021100304,2361,45102,Zach Pascal,4,3
2021100304,2361,47842,Parris Campbell,4,3
2021100304,2361,52442,Michael Pittman,4,3
2021100304,2383,45102,Zach Pascal,4,1
2021100304,2383,47842,Parris Campbell,4,3
2021100304,2383,52442,Michael Pittman,4,3
2021100304,2515,45102,Zach Pascal,4,3
2021100304,2515,47842,Parris Campbell,4,3
2021100304,2515,52442,Michael Pittman,4,3
2021100304,2597,41506,Albert Wilson,4,3
2021100304,2597,42357,DeVante Parker,4,3
2021100304,2597,53435,Jaylen Waddle,4,1
2021100304,2619,41506,Albert Wilson,4,3
2021100304,2619,42357,DeVante Parker,4,3
2021100304,2619,53435,Jaylen Waddle,4,3
2021100304,2643,41506,Albert Wilson,4,3
2021100304,2643,42357,DeVante Parker,4,3
2021100304,2643,53435,Jaylen Waddle,4,3
2021100304,2788,45102,Zach Pascal,4,1
2021100304,2788,47842,Parris Campbell,4,3
2021100304,2788,52442,Michael Pittman,4,3
2021100304,2868,41506,Albert Wilson,4,0
2021100304,2868,42357,DeVante Parker,4,0
2021100304,2868,53435,Jaylen Waddle,4,0
2021100304,2892,41506,Albert Wilson,4,3
2021100304,2892,42357,DeVante Parker,4,3
2021100304,2892,53435,Jaylen Waddle,4,3
2021100304,2926,41506,Albert Wilson,4,3
2021100304,2926,42357,DeVante Parker,4,3
2021100304,2926,53435,Jaylen Waddle,4,3
2021100304,2948,41506,Albert Wilson,4,3
2021100304,2948,42357,DeVante Parker,4,3
2021100304,2948,53435,Jaylen Waddle,4,3
2021100304,3046,41506,Albert Wilson,4,1
2021100304,3046,42357,DeVante Parker,4,1
2021100304,3046,53435,Jaylen Waddle,4,3
2021100304,3102,45102,Zach Pascal,4,3
2021100304,3102,47842,Parris Campbell,4,1
2021100304,3102,52442,Michael Pittman,4,2
2021100304,3344,45102,Zach Pascal,4,3
2021100304,3344,47842,Parris Campbell,4,3
2021100304,3344,52442,Michael Pittman,4,3
2021100304,3400,41506,Albert Wilson,4,1
2021100304,3400,42357,DeVante Parker,4,0
2021100304,3400,53435,Jaylen Waddle,4,0
2021100304,3424,41506,Albert Wilson,4,3
2021100304,3424,42357,DeVante Parker,4,3
2021100304,3424,53435,Jaylen Waddle,4,3
2021100304,3448,41506,Albert Wilson,4,3
2021100304,3448,42357,DeVante Parker,4,3
2021100304,3448,53435,Jaylen Waddle,4,3
2021100304,3515,41506,Albert Wilson,4,0
2021100304,3515,42357,DeVante Parker,4,1
2021100304,3515,53435,Jaylen Waddle,4,1
2021100304,3702,52442,Michael Pittman,4,3
2021100304,3809,45102,Zach Pascal,4,1
2021100304,3809,52442,Michael Pittman,4,1
2021100305,126,40488,Adam Thielen,4,3
2021100305,126,52430,Justin Jefferson,4,3
2021100305,171,40488,Adam Thielen,4,3
2021100305,171,44923,Dede Westbrook,4,3
2021100305,171,52430,Justin Jefferson,4,3
2021100305,171,52584,K.J. Osborn,4,3
2021100305,200,40488,Adam Thielen,4,0
2021100305,200,52430,Justin Jefferson,4,0
2021100305,251,40488,Adam Thielen,4,1
2021100305,251,52430,Justin Jefferson,4,3
2021100305,317,40488,Adam Thielen,4,1
2021100305,317,52430,Justin Jefferson,4,0
2021100305,374,40488,Adam Thielen,4,3
2021100305,374,52430,Justin Jefferson,4,3
2021100305,374,52584,K.J. Osborn,4,3
2021100305,463,41238,Odell Beckham,4,3
2021100305,463,52595,Donovan Peoples-Jones,4,3
2021100305,511,41238,Odell Beckham,4,1
2021100305,511,52595,Donovan Peoples-Jones,4,0
2021100305,533,43461,Rashard Higgins,4,3
2021100305,533,52595,Donovan Peoples-Jones,4,3
2021100305,555,41238,Odell Beckham,4,3
2021100305,555,43461,Rashard Higgins,4,3
2021100305,555,52595,Donovan Peoples-Jones,4,3
2021100305,757,41238,Odell Beckham,4,0
2021100305,757,43461,Rashard Higgins,4,3
2021100305,757,52595,Donovan Peoples-Jones,4,1
2021100305,888,41238,Odell Beckham,4,0
2021100305,936,41238,Odell Beckham,4,3
2021100305,936,43461,Rashard Higgins,4,3
2021100305,936,52595,Donovan Peoples-Jones,4,3
2021100305,1003,40488,Adam Thielen,4,0
2021100305,1003,52430,Justin Jefferson,4,0
2021100305,1025,40488,Adam Thielen,4,3
2021100305,1025,44923,Dede Westbrook,4,3
2021100305,1025,52584,K.J. Osborn,4,3
2021100305,1134,40488,Adam Thielen,4,3
2021100305,1134,52430,Justin Jefferson,4,3
2021100305,1134,52584,K.J. Osborn,4,3
2021100305,1156,40488,Adam Thielen,4,1
2021100305,1156,52430,Justin Jefferson,4,3
2021100305,1156,52584,K.J. Osborn,4,3
2021100305,1262,41238,Odell Beckham,4,0
2021100305,1262,53520,Anthony Schwartz,4,0
2021100305,1307,41238,Odell Beckham,4,3
2021100305,1307,43461,Rashard Higgins,4,3
2021100305,1307,52595,Donovan Peoples-Jones,4,3
2021100305,1479,41238,Odell Beckham,4,1
2021100305,1479,43461,Rashard Higgins,4,3
2021100305,1479,52595,Donovan Peoples-Jones,4,3
2021100305,1512,41238,Odell Beckham,4,3
2021100305,1512,43461,Rashard Higgins,4,3
2021100305,1512,52595,Donovan Peoples-Jones,4,3
2021100305,1553,41238,Odell Beckham,4,3
2021100305,1553,52595,Donovan Peoples-Jones,4,3
2021100305,1613,41238,Odell Beckham,4,0
2021100305,1613,43461,Rashard Higgins,4,2
2021100305,1613,52595,Donovan Peoples-Jones,4,0
2021100305,1785,40488,Adam Thielen,4,3
2021100305,1785,52430,Justin Jefferson,4,3
2021100305,1785,52584,K.J. Osborn,4,3
2021100305,1807,40488,Adam Thielen,4,3
2021100305,1807,52430,Justin Jefferson,4,3
2021100305,1807,52584,K.J. Osborn,4,3
2021100305,1859,40488,Adam Thielen,4,0
2021100305,1859,44923,Dede Westbrook,4,0
2021100305,1859,52430,Justin Jefferson,4,0
2021100305,1859,52584,K.J. Osborn,4,3
2021100305,1925,41238,Odell Beckham,4,3
2021100305,1925,43461,Rashard Higgins,4,3
2021100305,1925,52595,Donovan Peoples-Jones,4,3
2021100305,1975,41238,Odell Beckham,4,0
2021100305,1975,52595,Donovan Peoples-Jones,4,0
2021100305,1975,53520,Anthony Schwartz,4,1
2021100305,2023,41238,Odell Beckham,4,1
2021100305,2023,43461,Rashard Higgins,4,3
2021100305,2023,52595,Donovan Peoples-Jones,4,3
2021100305,2052,41238,Odell Beckham,4,1
2021100305,2052,43461,Rashard Higgins,4,1
2021100305,2052,53520,Anthony Schwartz,4,1
2021100305,2074,41238,Odell Beckham,4,3
2021100305,2074,43461,Rashard Higgins,4,3
2021100305,2074,53520,Anthony Schwartz,4,3
2021100305,2096,41238,Odell Beckham,4,3
2021100305,2096,43461,Rashard Higgins,4,3
2021100305,2096,53520,Anthony Schwartz,4,3
2021100305,2228,41238,Odell Beckham,4,3
2021100305,2228,52595,Donovan Peoples-Jones,4,3
2021100305,2451,43461,Rashard Higgins,4,3
2021100305,2538,41238,Odell Beckham,4,0
2021100305,2538,43461,Rashard Higgins,4,3
2021100305,2538,53520,Anthony Schwartz,4,1
2021100305,2579,40488,Adam Thielen,4,1
2021100305,2579,52430,Justin Jefferson,4,0
2021100305,2633,40488,Adam Thielen,4,3
2021100305,2633,52430,Justin Jefferson,4,3
2021100305,2633,52584,K.J. Osborn,4,3
2021100305,2655,40488,Adam Thielen,4,3
2021100305,2655,52430,Justin Jefferson,4,3
2021100305,2655,52584,K.J. Osborn,4,3
2021100305,2884,40488,Adam Thielen,4,3
2021100305,2884,52430,Justin Jefferson,4,3
2021100305,2967,40488,Adam Thielen,4,3
2021100305,2967,44923,Dede Westbrook,4,3
2021100305,2967,52430,Justin Jefferson,4,3
2021100305,2967,52584,K.J. Osborn,4,3
2021100305,2991,52430,Justin Jefferson,4,3
2021100305,3036,40488,Adam Thielen,4,3
2021100305,3036,52430,Justin Jefferson,4,2
2021100305,3036,52584,K.J. Osborn,4,3
2021100305,3058,40488,Adam Thielen,4,3
2021100305,3058,52430,Justin Jefferson,4,3
2021100305,3058,52584,K.J. Osborn,4,3
2021100305,3091,40488,Adam Thielen,4,3
2021100305,3091,44923,Dede Westbrook,4,3
2021100305,3091,52430,Justin Jefferson,4,3
2021100305,3091,52584,K.J. Osborn,4,3
2021100305,3288,40488,Adam Thielen,4,3
2021100305,3288,52430,Justin Jefferson,4,3
2021100305,3288,52584,K.J. Osborn,4,3
2021100305,3335,41238,Odell Beckham,4,3
2021100305,3441,41238,Odell Beckham,4,3
2021100305,3441,43461,Rashard Higgins,4,3
2021100305,3441,52595,Donovan Peoples-Jones,4,3
2021100305,3497,40488,Adam Thielen,4,0
2021100305,3497,52430,Justin Jefferson,4,1
2021100305,3544,41238,Odell Beckham,4,3
2021100305,3544,43461,Rashard Higgins,4,3
2021100305,3544,52595,Donovan Peoples-Jones,4,3
2021100305,3589,41238,Odell Beckham,4,3
2021100305,3589,43461,Rashard Higgins,4,3
2021100305,3589,53520,Anthony Schwartz,4,3
2021100305,3611,41238,Odell Beckham,4,3
2021100305,3611,43461,Rashard Higgins,4,3
2021100305,3611,53520,Anthony Schwartz,4,3
2021100305,3715,40488,Adam Thielen,4,3
2021100305,3715,52430,Justin Jefferson,4,3
2021100305,3715,52584,K.J. Osborn,4,3
2021100305,3787,40488,Adam Thielen,4,3
2021100305,3787,52430,Justin Jefferson,4,3
2021100305,3787,52584,K.J. Osborn,4,3
2021100305,3811,40488,Adam Thielen,4,3
2021100305,3811,52430,Justin Jefferson,4,3
2021100305,3811,52584,K.J. Osborn,4,3
2021100305,3853,40488,Adam Thielen,4,1
2021100305,3853,52430,Justin Jefferson,4,1
2021100305,3853,52584,K.J. Osborn,4,1
2021100305,3958,41238,Odell Beckham,4,1
2021100305,3958,53520,Anthony Schwartz,4,0
2021100305,3998,40488,Adam Thielen,4,3
2021100305,3998,52430,Justin Jefferson,4,3
2021100305,3998,52584,K.J. Osborn,4,1
2021100305,4020,40488,Adam Thielen,4,3
2021100305,4020,52430,Justin Jefferson,4,3
2021100305,4020,52584,K.J. Osborn,4,3
2021100305,4042,40488,Adam Thielen,4,1
2021100305,4042,52430,Justin Jefferson,4,3
2021100305,4042,52584,K.J. Osborn,4,3
2021100305,4066,40488,Adam Thielen,4,3
2021100305,4066,52430,Justin Jefferson,4,3
2021100305,4066,52584,K.J. Osborn,4,3
2021100305,4103,40488,Adam Thielen,4,3
2021100305,4103,52430,Justin Jefferson,4,3
2021100305,4103,52584,K.J. Osborn,4,3
2021100305,4125,40488,Adam Thielen,4,3
2021100305,4125,52430,Justin Jefferson,4,3
2021100305,4125,52584,K.J. Osborn,4,3
2021100305,4164,40488,Adam Thielen,4,3
2021100305,4164,52430,Justin Jefferson,4,3
2021100305,4164,52584,K.J. Osborn,4,3
2021100305,4205,40488,Adam Thielen,4,3
2021100305,4205,52430,Justin Jefferson,4,3
2021100305,4205,52584,K.J. Osborn,4,3
2021100305,4227,40488,Adam Thielen,4,3
2021100305,4227,44923,Dede Westbrook,4,3
2021100305,4227,52430,Justin Jefferson,4,3
2021100305,4227,52584,K.J. Osborn,4,3
2021100305,4273,40488,Adam Thielen,4,0
2021100305,4273,44923,Dede Westbrook,4,0
2021100305,4273,52430,Justin Jefferson,4,0
2021100305,4273,52584,K.J. Osborn,4,0
2021100306,104,44908,Kenny Golladay,4,3
2021100306,104,53449,Kadarius Toney,4,1
2021100306,198,42437,Ty Montgomery,4,3
2021100306,198,48415,Deonte Harty,4,3
2021100306,198,53098,Marquez Callaway,4,3
2021100306,248,42437,Ty Montgomery,4,3
2021100306,248,48415,Deonte Harty,4,3
2021100306,248,53098,Marquez Callaway,4,3
2021100306,314,44908,Kenny Golladay,4,3
2021100306,314,45255,C.J. Board,4,3
2021100306,314,53449,Kadarius Toney,4,3
2021100306,363,44821,John Ross,4,3
2021100306,363,44908,Kenny Golladay,4,3
2021100306,363,53449,Kadarius Toney,4,3
2021100306,385,44908,Kenny Golladay,4,3
2021100306,385,45255,C.J. Board,4,3
2021100306,385,53449,Kadarius Toney,4,3
2021100306,491,37737,Chris Hogan,4,3
2021100306,491,40092,Kenny Stills,4,3
2021100306,491,53098,Marquez Callaway,4,3
2021100306,619,42437,Ty Montgomery,4,0
2021100306,619,48415,Deonte Harty,4,1
2021100306,619,53098,Marquez Callaway,4,0
2021100306,679,44908,Kenny Golladay,4,3
2021100306,679,53449,Kadarius Toney,4,0
2021100306,719,44821,John Ross,4,0
2021100306,719,44908,Kenny Golladay,4,3
2021100306,719,53449,Kadarius Toney,4,3
2021100306,799,44908,Kenny Golladay,4,3
2021100306,799,45255,C.J. Board,4,3
2021100306,799,53449,Kadarius Toney,4,1
2021100306,876,44821,John Ross,4,3
2021100306,876,44908,Kenny Golladay,4,0
2021100306,956,45255,C.J. Board,4,1
2021100306,998,42437,Ty Montgomery,4,3
2021100306,998,48415,Deonte Harty,4,3
2021100306,998,53098,Marquez Callaway,4,3
2021100306,1049,40092,Kenny Stills,4,0
2021100306,1049,48415,Deonte Harty,4,1
2021100306,1049,53098,Marquez Callaway,4,0
2021100306,1144,42437,Ty Montgomery,4,3
2021100306,1144,48415,Deonte Harty,4,3
2021100306,1144,53098,Marquez Callaway,4,3
2021100306,1192,44821,John Ross,4,0
2021100306,1192,44908,Kenny Golladay,4,3
2021100306,1311,42437,Ty Montgomery,4,3
2021100306,1311,48415,Deonte Harty,4,3
2021100306,1311,53098,Marquez Callaway,4,3
2021100306,1340,37737,Chris Hogan,4,3
2021100306,1340,42437,Ty Montgomery,4,3
2021100306,1402,42437,Ty Montgomery,4,3
2021100306,1402,48415,Deonte Harty,4,1
2021100306,1402,53098,Marquez Callaway,4,1
2021100306,1462,42437,Ty Montgomery,4,3
2021100306,1462,48415,Deonte Harty,4,3
2021100306,1462,53098,Marquez Callaway,4,3
2021100306,1515,42437,Ty Montgomery,4,1
2021100306,1515,48415,Deonte Harty,4,3
2021100306,1515,53098,Marquez Callaway,4,3
2021100306,1675,42437,Ty Montgomery,4,3
2021100306,1675,48415,Deonte Harty,4,3
2021100306,1675,53098,Marquez Callaway,4,3
2021100306,1735,44908,Kenny Golladay,4,3
2021100306,1735,45255,C.J. Board,4,0
2021100306,1735,53449,Kadarius Toney,4,3
2021100306,1850,44908,Kenny Golladay,4,0
2021100306,1850,45255,C.J. Board,4,0
2021100306,1850,53449,Kadarius Toney,4,0
2021100306,1910,53098,Marquez Callaway,4,0
2021100306,1936,37737,Chris Hogan,4,3
2021100306,1936,42437,Ty Montgomery,4,3
2021100306,1936,48415,Deonte Harty,4,3
2021100306,2033,45255,C.J. Board,4,0
2021100306,2033,53449,Kadarius Toney,4,0
2021100306,2082,44908,Kenny Golladay,4,3
2021100306,2082,53449,Kadarius Toney,4,3
2021100306,2111,44908,Kenny Golladay,4,3
2021100306,2111,53449,Kadarius Toney,4,3
2021100306,2139,44908,Kenny Golladay,4,3
2021100306,2139,53449,Kadarius Toney,4,0
2021100306,2172,44821,John Ross,4,3
2021100306,2172,44908,Kenny Golladay,4,3
2021100306,2172,53449,Kadarius Toney,4,3
2021100306,2256,44821,John Ross,4,3
2021100306,2256,44908,Kenny Golladay,4,3
2021100306,2256,53449,Kadarius Toney,4,3
2021100306,2360,42437,Ty Montgomery,4,1
2021100306,2360,48415,Deonte Harty,4,1
2021100306,2360,53098,Marquez Callaway,4,0
2021100306,2384,40092,Kenny Stills,4,0
2021100306,2384,53098,Marquez Callaway,4,1
2021100306,2425,40092,Kenny Stills,4,1
2021100306,2425,48415,Deonte Harty,4,0
2021100306,2466,44908,Kenny Golladay,4,0
2021100306,2466,53449,Kadarius Toney,4,1
2021100306,2570,44908,Kenny Golladay,4,3
2021100306,2570,45255,C.J. Board,4,3
2021100306,2570,53449,Kadarius Toney,4,3
2021100306,2611,37737,Chris Hogan,4,3
2021100306,2611,40092,Kenny Stills,4,3
2021100306,2611,53098,Marquez Callaway,4,3
2021100306,2968,44821,John Ross,4,3
2021100306,2968,44908,Kenny Golladay,4,2
2021100306,3067,44908,Kenny Golladay,4,3
2021100306,3067,45255,C.J. Board,4,3
2021100306,3067,52573,Collin Johnson,4,3
2021100306,3228,44821,John Ross,4,3
2021100306,3228,44908,Kenny Golladay,4,3
2021100306,3324,40092,Kenny Stills,4,0
2021100306,3324,53098,Marquez Callaway,4,3
2021100306,3443,37737,Chris Hogan,4,3
2021100306,3443,40092,Kenny Stills,4,3
2021100306,3443,53098,Marquez Callaway,4,3
2021100306,3529,44908,Kenny Golladay,4,3
2021100306,3529,53449,Kadarius Toney,4,3
2021100306,3602,44908,Kenny Golladay,4,3
2021100306,3602,45255,C.J. Board,4,3
2021100306,3602,53449,Kadarius Toney,4,3
2021100306,3624,44821,John Ross,4,3
2021100306,3624,44908,Kenny Golladay,4,3
2021100306,3624,53449,Kadarius Toney,4,3
2021100306,3648,44821,John Ross,4,3
2021100306,3648,44908,Kenny Golladay,4,3
2021100306,3648,53449,Kadarius Toney,4,3
2021100306,3676,44821,John Ross,4,3
2021100306,3676,44908,Kenny Golladay,4,1
2021100306,3676,53449,Kadarius Toney,4,3
2021100306,3702,44821,John Ross,4,3
2021100306,3702,44908,Kenny Golladay,4,3
2021100306,3702,53449,Kadarius Toney,4,3
2021100306,3747,44821,John Ross,4,3
2021100306,3747,52573,Collin Johnson,4,3
2021100306,3747,53449,Kadarius Toney,4,3
2021100306,3769,44821,John Ross,4,3
2021100306,3769,44908,Kenny Golladay,4,3
2021100306,3769,53449,Kadarius Toney,4,3
2021100306,3870,42437,Ty Montgomery,4,0
2021100306,3870,48415,Deonte Harty,4,0
2021100306,3870,53098,Marquez Callaway,4,0
2021100306,3947,44821,John Ross,4,3
2021100306,3947,44908,Kenny Golladay,4,3
2021100306,4055,44908,Kenny Golladay,4,3
2021100306,4055,52573,Collin Johnson,4,3
2021100306,4055,53449,Kadarius Toney,4,3
2021100306,4114,44821,John Ross,4,0
2021100306,4114,44908,Kenny Golladay,4,0
2021100306,4114,53449,Kadarius Toney,4,0
2021100306,4187,44821,John Ross,4,3
2021100306,4187,44908,Kenny Golladay,4,3
2021100306,4187,53449,Kadarius Toney,4,3
2021100307,109,42448,Jamison Crowder,4,3
2021100307,109,44817,Corey Davis,4,3
2021100307,109,45555,Keelan Cole,4,3
2021100307,222,43556,Chester Rogers,4,3
2021100307,222,44930,Josh Reynolds,4,3
2021100307,222,46836,Cameron Batson,4,3
2021100307,222,53074,Nick Westbrook-Ikhine,4,3
2021100307,362,43556,Chester Rogers,4,3
2021100307,362,44930,Josh Reynolds,4,3
2021100307,362,53074,Nick Westbrook-Ikhine,4,3
2021100307,433,43556,Chester Rogers,4,3
2021100307,433,44930,Josh Reynolds,4,3
2021100307,433,53074,Nick Westbrook-Ikhine,4,3
2021100307,604,42448,Jamison Crowder,4,3
2021100307,604,44817,Corey Davis,4,3
2021100307,604,45555,Keelan Cole,4,3
2021100307,725,43556,Chester Rogers,4,3
2021100307,725,44930,Josh Reynolds,4,3
2021100307,725,53074,Nick Westbrook-Ikhine,4,3
2021100307,749,43556,Chester Rogers,4,3
2021100307,749,44930,Josh Reynolds,4,3
2021100307,749,53074,Nick Westbrook-Ikhine,4,3
2021100307,818,46836,Cameron Batson,4,1
2021100307,818,53074,Nick Westbrook-Ikhine,4,0
2021100307,984,44817,Corey Davis,4,0
2021100307,984,45555,Keelan Cole,4,1
2021100307,1010,44930,Josh Reynolds,4,3
2021100307,1010,53074,Nick Westbrook-Ikhine,4,3
2021100307,1066,43556,Chester Rogers,4,3
2021100307,1066,44930,Josh Reynolds,4,3
2021100307,1066,46836,Cameron Batson,4,3
2021100307,1150,42448,Jamison Crowder,4,0
2021100307,1150,46279,Braxton Berrios,4,2
2021100307,1183,42448,Jamison Crowder,4,1
2021100307,1183,52467,Denzel Mims,4,0
2021100307,1214,42448,Jamison Crowder,4,3
2021100307,1214,44817,Corey Davis,4,3
2021100307,1214,45555,Keelan Cole,4,3
2021100307,1254,44817,Corey Davis,4,3
2021100307,1254,45555,Keelan Cole,4,3
2021100307,1283,44817,Corey Davis,4,3
2021100307,1283,45555,Keelan Cole,4,1
2021100307,1345,42448,Jamison Crowder,4,3
2021100307,1345,44817,Corey Davis,4,3
2021100307,1345,45555,Keelan Cole,4,1
2021100307,1537,43556,Chester Rogers,4,3
2021100307,1537,44930,Josh Reynolds,4,3
2021100307,1537,53074,Nick Westbrook-Ikhine,4,3
2021100307,1702,43556,Chester Rogers,4,3
2021100307,1702,44930,Josh Reynolds,4,3
2021100307,1702,53074,Nick Westbrook-Ikhine,4,3
2021100307,1726,43556,Chester Rogers,4,3
2021100307,1726,44930,Josh Reynolds,4,3
2021100307,1726,53074,Nick Westbrook-Ikhine,4,3
2021100307,1779,43556,Chester Rogers,4,3
2021100307,1779,44930,Josh Reynolds,4,3
2021100307,1779,53074,Nick Westbrook-Ikhine,4,3
2021100307,1791,43556,Chester Rogers,4,3
2021100307,1791,44930,Josh Reynolds,4,3
2021100307,1791,53074,Nick Westbrook-Ikhine,4,3
2021100307,1828,43556,Chester Rogers,4,3
2021100307,1828,44930,Josh Reynolds,4,1
2021100307,1828,46836,Cameron Batson,4,3
2021100307,1863,43556,Chester Rogers,4,3
2021100307,1863,46836,Cameron Batson,4,3
2021100307,1863,53634,Racey McMath,4,3
2021100307,2005,43556,Chester Rogers,4,3
2021100307,2005,44930,Josh Reynolds,4,3
2021100307,2005,53074,Nick Westbrook-Ikhine,4,3
2021100307,2082,43556,Chester Rogers,4,3
2021100307,2082,44930,Josh Reynolds,4,3
2021100307,2082,53074,Nick Westbrook-Ikhine,4,3
2021100307,2106,43556,Chester Rogers,4,1
2021100307,2106,44930,Josh Reynolds,4,0
2021100307,2106,53074,Nick Westbrook-Ikhine,4,3
2021100307,2203,42448,Jamison Crowder,4,3
2021100307,2203,44817,Corey Davis,4,3
2021100307,2203,45555,Keelan Cole,4,3
2021100307,2333,44930,Josh Reynolds,4,3
2021100307,2333,53074,Nick Westbrook-Ikhine,4,3
2021100307,2412,44930,Josh Reynolds,4,3
2021100307,2412,46836,Cameron Batson,4,1
2021100307,2529,42448,Jamison Crowder,4,1
2021100307,2529,44817,Corey Davis,4,3
2021100307,2529,45555,Keelan Cole,4,3
2021100307,2553,42448,Jamison Crowder,4,3
2021100307,2553,44817,Corey Davis,4,3
2021100307,2553,45555,Keelan Cole,4,3
2021100307,2598,42448,Jamison Crowder,4,1
2021100307,2598,44817,Corey Davis,4,0
2021100307,2598,45555,Keelan Cole,4,1
2021100307,2668,44817,Corey Davis,4,3
2021100307,2668,45555,Keelan Cole,4,3
2021100307,2724,44930,Josh Reynolds,4,3
2021100307,2724,53074,Nick Westbrook-Ikhine,4,3
2021100307,2879,44930,Josh Reynolds,4,3
2021100307,2879,53074,Nick Westbrook-Ikhine,4,3
2021100307,2942,44817,Corey Davis,4,0
2021100307,2942,45555,Keelan Cole,4,1
2021100307,2975,42448,Jamison Crowder,4,3
2021100307,2975,45555,Keelan Cole,4,3
2021100307,2997,42448,Jamison Crowder,4,0
2021100307,2997,44817,Corey Davis,4,1
2021100307,2997,52467,Denzel Mims,4,1
2021100307,3049,42448,Jamison Crowder,4,3
2021100307,3049,44817,Corey Davis,4,3
2021100307,3049,52467,Denzel Mims,4,3
2021100307,3205,42448,Jamison Crowder,4,1
2021100307,3205,44817,Corey Davis,4,0
2021100307,3205,45555,Keelan Cole,4,0
2021100307,3261,53074,Nick Westbrook-Ikhine,4,0
2021100307,3283,44930,Josh Reynolds,4,3
2021100307,3283,53074,Nick Westbrook-Ikhine,4,3
2021100307,3308,43556,Chester Rogers,4,3
2021100307,3308,44930,Josh Reynolds,4,3
2021100307,3308,46836,Cameron Batson,4,3
2021100307,3349,44817,Corey Davis,4,0
2021100307,3349,45555,Keelan Cole,4,0
2021100307,3371,42448,Jamison Crowder,4,3
2021100307,3371,44817,Corey Davis,4,3
2021100307,3510,44930,Josh Reynolds,4,1
2021100307,3510,53074,Nick Westbrook-Ikhine,4,0
2021100307,3532,43556,Chester Rogers,4,3
2021100307,3532,46836,Cameron Batson,4,3
2021100307,3532,53074,Nick Westbrook-Ikhine,4,3
2021100307,3629,43556,Chester Rogers,4,3
2021100307,3629,44930,Josh Reynolds,4,3
2021100307,3629,53074,Nick Westbrook-Ikhine,4,3
2021100307,3714,44930,Josh Reynolds,4,3
2021100307,3714,53074,Nick Westbrook-Ikhine,4,3
2021100307,3794,46279,Braxton Berrios,4,3
2021100307,3835,42448,Jamison Crowder,4,3
2021100307,3835,44817,Corey Davis,4,3
2021100307,3835,45555,Keelan Cole,4,3
2021100307,3920,43556,Chester Rogers,4,3
2021100307,3920,44930,Josh Reynolds,4,3
2021100307,3920,53074,Nick Westbrook-Ikhine,4,3
2021100307,3956,43556,Chester Rogers,4,0
2021100307,3956,44930,Josh Reynolds,4,1
2021100307,3956,53074,Nick Westbrook-Ikhine,4,0
2021100307,3978,43556,Chester Rogers,4,3
2021100307,3978,44930,Josh Reynolds,4,3
2021100307,3978,53074,Nick Westbrook-Ikhine,4,3
2021100307,4056,43556,Chester Rogers,4,0
2021100307,4056,44930,Josh Reynolds,4,0
2021100307,4056,53074,Nick Westbrook-Ikhine,4,0
2021100307,4085,43556,Chester Rogers,4,3
2021100307,4085,44930,Josh Reynolds,4,3
2021100307,4085,46836,Cameron Batson,4,3
2021100307,4129,43556,Chester Rogers,4,3
2021100307,4129,44930,Josh Reynolds,4,3
2021100307,4129,53074,Nick Westbrook-Ikhine,4,1
2021100307,4158,43556,Chester Rogers,4,3
2021100307,4158,44930,Josh Reynolds,4,3
2021100307,4158,53074,Nick Westbrook-Ikhine,4,3
2021100307,4182,43556,Chester Rogers,4,3
2021100307,4182,44930,Josh Reynolds,4,3
2021100307,4182,53074,Nick Westbrook-Ikhine,4,3
2021100307,4206,43556,Chester Rogers,4,3
2021100307,4206,44930,Josh Reynolds,4,3
2021100307,4206,53074,Nick Westbrook-Ikhine,4,3
2021100307,4228,43556,Chester Rogers,4,3
2021100307,4228,46836,Cameron Batson,4,2
2021100307,4228,53074,Nick Westbrook-Ikhine,4,3
2021100307,4352,42448,Jamison Crowder,4,3
2021100307,4352,44817,Corey Davis,4,3
2021100307,4352,45555,Keelan Cole,4,3
2021100307,4374,42448,Jamison Crowder,4,2
2021100307,4374,44817,Corey Davis,4,3
2021100307,4374,45555,Keelan Cole,4,3
2021100307,4480,44817,Corey Davis,4,1
2021100307,4480,45555,Keelan Cole,4,0
2021100307,4551,42448,Jamison Crowder,4,3
2021100307,4551,44817,Corey Davis,4,3
2021100307,4551,45555,Keelan Cole,4,3
2021100307,4622,42448,Jamison Crowder,4,3
2021100307,4622,44817,Corey Davis,4,3
2021100307,4622,45555,Keelan Cole,4,3
2021100307,4843,43556,Chester Rogers,4,0
2021100307,4843,44930,Josh Reynolds,4,1
2021100307,4843,53074,Nick Westbrook-Ikhine,4,0
2021100307,4929,43556,Chester Rogers,4,3
2021100307,4929,44930,Josh Reynolds,4,3
2021100307,4929,53074,Nick Westbrook-Ikhine,4,3
2021100307,4953,43556,Chester Rogers,4,3
2021100307,4953,44930,Josh Reynolds,4,3
2021100307,4953,53074,Nick Westbrook-Ikhine,4,3
2021100307,5010,43556,Chester Rogers,4,3
2021100307,5010,44930,Josh Reynolds,4,1
2021100307,5010,46836,Cameron Batson,4,3
2021100307,5051,43556,Chester Rogers,4,3
2021100307,5051,44930,Josh Reynolds,4,3
2021100307,5051,53074,Nick Westbrook-Ikhine,4,3
2021100307,5073,43556,Chester Rogers,4,3
2021100307,5073,46836,Cameron Batson,4,3
2021100307,5073,53634,Racey McMath,4,3
2021100307,5108,43556,Chester Rogers,4,3
2021100307,5108,53074,Nick Westbrook-Ikhine,4,3
2021100307,5108,53634,Racey McMath,4,3
2021100307,5153,43556,Chester Rogers,4,0
2021100307,5153,44930,Josh Reynolds,4,0
2021100307,5153,53074,Nick Westbrook-Ikhine,4,0
2021100308,78,52429,Jalen Reagor,4,1
2021100308,78,52608,Quez Watkins,4,3
2021100308,131,52608,Quez Watkins,4,3
2021100308,131,53439,DeVonta Smith,4,3
2021100308,176,52608,Quez Watkins,4,3
2021100308,176,53439,DeVonta Smith,4,3
2021100308,353,43415,Demarcus Robinson,4,3
2021100308,353,43454,Tyreek Hill,4,3
2021100308,353,46522,Byron Pringle,4,3
2021100308,409,43454,Tyreek Hill,4,3
2021100308,409,46522,Byron Pringle,4,3
2021100308,409,47839,Mecole Hardman,4,3
2021100308,465,43454,Tyreek Hill,4,1
2021100308,667,52429,Jalen Reagor,4,3
2021100308,667,52608,Quez Watkins,4,3
2021100308,667,53439,DeVonta Smith,4,3
2021100308,718,52429,Jalen Reagor,4,3
2021100308,718,52608,Quez Watkins,4,3
2021100308,718,53439,DeVonta Smith,4,3
2021100308,800,45607,Greg Ward,4,3
2021100308,800,52429,Jalen Reagor,4,3
2021100308,800,53439,DeVonta Smith,4,3
2021100308,836,52608,Quez Watkins,4,3
2021100308,927,52429,Jalen Reagor,4,3
2021100308,927,52608,Quez Watkins,4,3
2021100308,927,53439,DeVonta Smith,4,3
2021100308,1284,43415,Demarcus Robinson,4,3
2021100308,1284,46522,Byron Pringle,4,3
2021100308,1284,47839,Mecole Hardman,4,3
2021100308,1308,43415,Demarcus Robinson,4,3
2021100308,1308,47839,Mecole Hardman,4,2
2021100308,1343,43415,Demarcus Robinson,4,3
2021100308,1343,43454,Tyreek Hill,4,3
2021100308,1400,46522,Byron Pringle,4,1
2021100308,1422,43454,Tyreek Hill,4,3
2021100308,1422,46522,Byron Pringle,4,3
2021100308,1422,47839,Mecole Hardman,4,3
2021100308,1562,52429,Jalen Reagor,4,3
2021100308,1562,53439,DeVonta Smith,4,3
2021100308,1586,52429,Jalen Reagor,4,3
2021100308,1586,52608,Quez Watkins,4,3
2021100308,1653,52429,Jalen Reagor,4,3
2021100308,1653,52608,Quez Watkins,4,0
2021100308,1653,53439,DeVonta Smith,4,3
2021100308,1723,52429,Jalen Reagor,4,3
2021100308,1723,53439,DeVonta Smith,4,3
2021100308,1788,45607,Greg Ward,4,3
2021100308,1788,52429,Jalen Reagor,4,3
2021100308,1788,53439,DeVonta Smith,4,3
2021100308,1824,52608,Quez Watkins,4,0
2021100308,1824,53439,DeVonta Smith,4,1
2021100308,1959,43454,Tyreek Hill,4,0
2021100308,1959,46522,Byron Pringle,4,3
2021100308,1959,47839,Mecole Hardman,4,3
2021100308,2021,43415,Demarcus Robinson,4,3
2021100308,2021,43454,Tyreek Hill,4,3
2021100308,2021,47839,Mecole Hardman,4,3
2021100308,2193,45607,Greg Ward,4,3
2021100308,2193,52429,Jalen Reagor,4,3
2021100308,2193,53439,DeVonta Smith,4,0
2021100308,2217,45607,Greg Ward,4,1
2021100308,2217,52429,Jalen Reagor,4,1
2021100308,2217,53439,DeVonta Smith,4,3
2021100308,2251,45607,Greg Ward,4,3
2021100308,2251,52429,Jalen Reagor,4,3
2021100308,2251,53439,DeVonta Smith,4,3
2021100308,2274,45607,Greg Ward,4,3
2021100308,2274,52608,Quez Watkins,4,3
2021100308,2274,53439,DeVonta Smith,4,3
2021100308,2483,43415,Demarcus Robinson,4,3
2021100308,2483,43454,Tyreek Hill,4,3
2021100308,2483,47839,Mecole Hardman,4,3
2021100308,2550,52429,Jalen Reagor,4,0
2021100308,2550,53439,DeVonta Smith,4,0
2021100308,2645,52429,Jalen Reagor,4,3
2021100308,2645,53439,DeVonta Smith,4,3
2021100308,2713,52608,Quez Watkins,4,3
2021100308,2713,53439,DeVonta Smith,4,1
2021100308,2735,52608,Quez Watkins,4,3
2021100308,2735,53439,DeVonta Smith,4,3
2021100308,2759,52429,Jalen Reagor,4,2
2021100308,2759,52608,Quez Watkins,4,1
2021100308,2759,53439,DeVonta Smith,4,0
2021100308,2812,52608,Quez Watkins,4,3
2021100308,2812,53439,DeVonta Smith,4,3
2021100308,2927,43415,Demarcus Robinson,4,3
2021100308,2927,43454,Tyreek Hill,4,3
2021100308,2927,47839,Mecole Hardman,4,3
2021100308,3017,47839,Mecole Hardman,4,0
2021100308,3062,43415,Demarcus Robinson,4,3
2021100308,3062,43454,Tyreek Hill,4,3
2021100308,3173,52429,Jalen Reagor,4,3
2021100308,3173,53439,DeVonta Smith,4,3
2021100308,3206,52608,Quez Watkins,4,1
2021100308,3206,53439,DeVonta Smith,4,1
2021100308,3309,52608,Quez Watkins,4,3
2021100308,3309,53439,DeVonta Smith,4,3
2021100308,3363,52429,Jalen Reagor,4,3
2021100308,3363,53439,DeVonta Smith,4,3
2021100308,3532,43415,Demarcus Robinson,4,3
2021100308,3532,43454,Tyreek Hill,4,3
2021100308,3584,43454,Tyreek Hill,4,3
2021100308,3584,47839,Mecole Hardman,4,3
2021100308,3781,52429,Jalen Reagor,4,3
2021100308,3781,52608,Quez Watkins,4,0
2021100308,3781,53439,DeVonta Smith,4,0
2021100308,3810,52429,Jalen Reagor,4,1
2021100308,3810,52608,Quez Watkins,4,0
2021100308,3810,53439,DeVonta Smith,4,0
2021100308,3832,52429,Jalen Reagor,4,3
2021100308,3832,52608,Quez Watkins,4,3
2021100308,3832,53439,DeVonta Smith,4,3
2021100308,3861,52429,Jalen Reagor,4,1
2021100308,3861,52608,Quez Watkins,4,3
2021100308,3861,53439,DeVonta Smith,4,0
2021100308,3932,45607,Greg Ward,4,1
2021100308,3932,52608,Quez Watkins,4,3
2021100308,3932,53439,DeVonta Smith,4,3
2021100308,3956,52608,Quez Watkins,4,0
2021100308,3956,53439,DeVonta Smith,4,1
2021100308,4055,43415,Demarcus Robinson,4,3
2021100308,4055,43454,Tyreek Hill,4,3
2021100308,4138,46522,Byron Pringle,4,3
2021100308,4190,43415,Demarcus Robinson,4,1
2021100308,4190,43454,Tyreek Hill,4,0
2021100308,4190,47839,Mecole Hardman,4,3
2021100308,4246,45607,Greg Ward,4,3
2021100308,4246,52429,Jalen Reagor,4,3
2021100308,4246,53439,DeVonta Smith,4,3
2021100308,4306,45607,Greg Ward,4,1
2021100308,4306,52429,Jalen Reagor,4,3
2021100308,4306,53439,DeVonta Smith,4,0
2021100308,4397,45607,Greg Ward,4,3
2021100308,4397,52429,Jalen Reagor,4,3
2021100308,4397,53439,DeVonta Smith,4,3
2021100308,4419,45607,Greg Ward,4,3
2021100308,4419,52608,Quez Watkins,4,3
2021100308,4419,53439,DeVonta Smith,4,3
2021100308,4471,45607,Greg Ward,4,3
2021100308,4471,52429,Jalen Reagor,4,3
2021100308,4471,53439,DeVonta Smith,4,3
2021100309,76,44881,Cooper Kupp,4,3
2021100309,76,52465,Van Jefferson,4,3
2021100309,149,39989,Robert Woods,4,3
2021100309,149,44881,Cooper Kupp,4,3
2021100309,149,52465,Van Jefferson,4,3
2021100309,173,39989,Robert Woods,4,3
2021100309,173,44881,Cooper Kupp,4,3
2021100309,173,52465,Van Jefferson,4,3
2021100309,221,39989,Robert Woods,4,3
2021100309,221,44881,Cooper Kupp,4,3
2021100309,221,52465,Van Jefferson,4,3
2021100309,255,39989,Robert Woods,4,3
2021100309,255,44881,Cooper Kupp,4,3
2021100309,255,52465,Van Jefferson,4,3
2021100309,311,37077,A.J. Green,4,3
2021100309,311,39973,DeAndre Hopkins,4,1
2021100309,311,46116,Christian Kirk,4,3
2021100309,333,37077,A.J. Green,4,3
2021100309,333,39973,DeAndre Hopkins,4,3
2021100309,333,46116,Christian Kirk,4,3
2021100309,362,37077,A.J. Green,4,3
2021100309,362,39973,DeAndre Hopkins,4,3
2021100309,362,46116,Christian Kirk,4,3
2021100309,362,53478,Rondale Moore,4,3
2021100309,427,33130,DeSean Jackson,4,0
2021100309,427,44881,Cooper Kupp,4,0
2021100309,479,37077,A.J. Green,4,3
2021100309,479,39973,DeAndre Hopkins,4,3
2021100309,479,46116,Christian Kirk,4,3
2021100309,541,39973,DeAndre Hopkins,4,3
2021100309,541,46116,Christian Kirk,4,1
2021100309,615,37077,A.J. Green,4,1
2021100309,615,39973,DeAndre Hopkins,4,3
2021100309,615,46116,Christian Kirk,4,0
2021100309,615,53478,Rondale Moore,4,3
2021100309,703,33130,DeSean Jackson,4,0
2021100309,703,39989,Robert Woods,4,3
2021100309,703,44881,Cooper Kupp,4,3
2021100309,732,39989,Robert Woods,4,3
2021100309,732,44881,Cooper Kupp,4,3
2021100309,732,52465,Van Jefferson,4,3
2021100309,871,52465,Van Jefferson,4,0
2021100309,927,37077,A.J. Green,4,3
2021100309,927,39973,DeAndre Hopkins,4,3
2021100309,927,46116,Christian Kirk,4,1
2021100309,1012,37077,A.J. Green,4,3
2021100309,1012,39973,DeAndre Hopkins,4,3
2021100309,1012,46116,Christian Kirk,4,3
2021100309,1012,53478,Rondale Moore,4,3
2021100309,1066,37077,A.J. Green,4,3
2021100309,1066,39973,DeAndre Hopkins,4,3
2021100309,1066,46116,Christian Kirk,4,3
2021100309,1107,37077,A.J. Green,4,0
2021100309,1107,39973,DeAndre Hopkins,4,0
2021100309,1107,46116,Christian Kirk,4,0
2021100309,1107,53478,Rondale Moore,4,0
2021100309,1131,37077,A.J. Green,4,3
2021100309,1131,39973,DeAndre Hopkins,4,0
2021100309,1131,46116,Christian Kirk,4,0
2021100309,1131,53478,Rondale Moore,4,0
2021100309,1176,37077,A.J. Green,4,3
2021100309,1176,39973,DeAndre Hopkins,4,3
2021100309,1176,46116,Christian Kirk,4,3
2021100309,1200,37077,A.J. Green,4,3
2021100309,1200,39973,DeAndre Hopkins,4,3
2021100309,1200,46116,Christian Kirk,4,3
2021100309,1342,37077,A.J. Green,4,3
2021100309,1342,39973,DeAndre Hopkins,4,3
2021100309,1342,46116,Christian Kirk,4,3
2021100309,1476,39989,Robert Woods,4,3
2021100309,1476,44881,Cooper Kupp,4,3
2021100309,1476,52465,Van Jefferson,4,3
2021100309,1498,39989,Robert Woods,4,3
2021100309,1498,44881,Cooper Kupp,4,3
2021100309,1498,52465,Van Jefferson,4,3
2021100309,1520,39989,Robert Woods,4,0
2021100309,1520,44881,Cooper Kupp,4,1
2021100309,1520,52465,Van Jefferson,4,0
2021100309,1544,39989,Robert Woods,4,0
2021100309,1544,44881,Cooper Kupp,4,0
2021100309,1544,52465,Van Jefferson,4,0
2021100309,1577,33130,DeSean Jackson,4,0
2021100309,1577,39989,Robert Woods,4,3
2021100309,1577,44881,Cooper Kupp,4,2
2021100309,1623,39989,Robert Woods,4,3
2021100309,1623,44881,Cooper Kupp,4,3
2021100309,1623,52465,Van Jefferson,4,3
2021100309,1689,37077,A.J. Green,4,3
2021100309,1689,39973,DeAndre Hopkins,4,1
2021100309,1689,46116,Christian Kirk,4,0
2021100309,1711,37077,A.J. Green,4,0
2021100309,1711,39973,DeAndre Hopkins,4,1
2021100309,1711,46116,Christian Kirk,4,0
2021100309,1711,53478,Rondale Moore,4,3
2021100309,1839,33130,DeSean Jackson,4,0
2021100309,1839,39989,Robert Woods,4,0
2021100309,1839,44881,Cooper Kupp,4,3
2021100309,1861,33130,DeSean Jackson,4,0
2021100309,1861,39989,Robert Woods,4,0
2021100309,1861,44881,Cooper Kupp,4,0
2021100309,1908,39989,Robert Woods,4,1
2021100309,1908,44881,Cooper Kupp,4,2
2021100309,1908,52465,Van Jefferson,4,0
2021100309,1953,39989,Robert Woods,4,3
2021100309,1953,44881,Cooper Kupp,4,3
2021100309,1953,52465,Van Jefferson,4,3
2021100309,1975,39989,Robert Woods,4,3
2021100309,1975,44881,Cooper Kupp,4,3
2021100309,1975,52465,Van Jefferson,4,3
2021100309,2054,39973,DeAndre Hopkins,4,3
2021100309,2054,46116,Christian Kirk,4,3
2021100309,2078,37077,A.J. Green,4,3
2021100309,2078,39973,DeAndre Hopkins,4,3
2021100309,2078,46116,Christian Kirk,4,3
2021100309,2280,37077,A.J. Green,4,3
2021100309,2280,39973,DeAndre Hopkins,4,3
2021100309,2280,46116,Christian Kirk,4,3
2021100309,2280,53478,Rondale Moore,4,1
2021100309,2313,37077,A.J. Green,4,0
2021100309,2313,39973,DeAndre Hopkins,4,0
2021100309,2313,46116,Christian Kirk,4,0
2021100309,2313,53478,Rondale Moore,4,3
2021100309,2342,37077,A.J. Green,4,3
2021100309,2342,39973,DeAndre Hopkins,4,3
2021100309,2342,53478,Rondale Moore,4,1
2021100309,2423,37077,A.J. Green,4,0
2021100309,2423,39973,DeAndre Hopkins,4,1
2021100309,2423,46116,Christian Kirk,4,2
2021100309,2542,37077,A.J. Green,4,3
2021100309,2542,39973,DeAndre Hopkins,4,3
2021100309,2542,46116,Christian Kirk,4,3
2021100309,2564,37077,A.J. Green,4,3
2021100309,2564,39973,DeAndre Hopkins,4,1
2021100309,2564,46116,Christian Kirk,4,3
2021100309,2720,37077,A.J. Green,4,3
2021100309,2720,39973,DeAndre Hopkins,4,3
2021100309,2720,46116,Christian Kirk,4,3
2021100309,2786,37077,A.J. Green,4,3
2021100309,2786,39973,DeAndre Hopkins,4,3
2021100309,2786,46116,Christian Kirk,4,3
2021100309,2831,37077,A.J. Green,4,3
2021100309,2831,39973,DeAndre Hopkins,4,3
2021100309,2831,46116,Christian Kirk,4,3
2021100309,2927,33130,DeSean Jackson,4,1
2021100309,2927,39989,Robert Woods,4,3
2021100309,2927,44881,Cooper Kupp,4,3
2021100309,2985,33130,DeSean Jackson,4,3
2021100309,2985,39989,Robert Woods,4,2
2021100309,2985,44881,Cooper Kupp,4,3
2021100309,3088,33130,DeSean Jackson,4,3
2021100309,3088,39989,Robert Woods,4,1
2021100309,3088,44881,Cooper Kupp,4,3
2021100309,3239,37077,A.J. Green,4,3
2021100309,3239,39973,DeAndre Hopkins,4,3
2021100309,3239,46116,Christian Kirk,4,3
2021100309,3239,53478,Rondale Moore,4,3
2021100309,3390,39989,Robert Woods,4,3
2021100309,3390,44881,Cooper Kupp,4,3
2021100309,3390,52465,Van Jefferson,4,3
2021100309,3414,39989,Robert Woods,4,3
2021100309,3414,44881,Cooper Kupp,4,3
2021100309,3414,52465,Van Jefferson,4,3
2021100309,3443,39989,Robert Woods,4,3
2021100309,3443,44881,Cooper Kupp,4,3
2021100309,3443,52465,Van Jefferson,4,3
2021100309,3476,39989,Robert Woods,4,0
2021100309,3476,44881,Cooper Kupp,4,2
2021100309,3476,52465,Van Jefferson,4,0
2021100309,3498,39989,Robert Woods,4,0
2021100309,3498,44881,Cooper Kupp,4,0
2021100309,3498,52465,Van Jefferson,4,0
2021100309,3522,39989,Robert Woods,4,3
2021100309,3522,44881,Cooper Kupp,4,3
2021100309,3522,52465,Van Jefferson,4,3
2021100309,3567,39989,Robert Woods,4,3
2021100309,3567,44881,Cooper Kupp,4,3
2021100309,3567,52465,Van Jefferson,4,3
2021100309,3615,39989,Robert Woods,4,3
2021100309,3615,44881,Cooper Kupp,4,3
2021100309,3615,52465,Van Jefferson,4,3
2021100309,3658,39989,Robert Woods,4,1
2021100309,3658,44881,Cooper Kupp,4,1
2021100309,3658,52465,Van Jefferson,4,3
2021100309,3703,39989,Robert Woods,4,0
2021100309,3703,44881,Cooper Kupp,4,3
2021100309,3703,52465,Van Jefferson,4,0
2021100309,3767,39989,Robert Woods,4,3
2021100309,3767,44881,Cooper Kupp,4,3
2021100309,3767,52465,Van Jefferson,4,3
2021100309,4071,39989,Robert Woods,4,3
2021100309,4071,44881,Cooper Kupp,4,3
2021100309,4071,52465,Van Jefferson,4,3
2021100309,4095,39989,Robert Woods,4,3
2021100309,4095,44881,Cooper Kupp,4,3
2021100309,4095,52465,Van Jefferson,4,3
2021100309,4151,39989,Robert Woods,4,3
2021100309,4151,44881,Cooper Kupp,4,3
2021100309,4151,52465,Van Jefferson,4,3
2021100309,4274,39989,Robert Woods,4,3
2021100309,4274,44881,Cooper Kupp,4,3
2021100309,4274,52465,Van Jefferson,4,3
2021100309,4298,39989,Robert Woods,4,3
2021100309,4298,44881,Cooper Kupp,4,3
2021100309,4298,52465,Van Jefferson,4,3
2021100310,97,42412,Tyler Lockett,4,3
2021100310,97,47847,DK Metcalf,4,3
2021100310,97,52622,Freddie Swain,4,3
2021100310,149,47819,Deebo Samuel,4,3
2021100310,149,52433,Brandon Aiyuk,4,3
2021100310,198,47819,Deebo Samuel,4,1
2021100310,198,52433,Brandon Aiyuk,4,3
2021100310,282,38613,Mohamed Sanu,4,3
2021100310,282,47819,Deebo Samuel,4,3
2021100310,282,52433,Brandon Aiyuk,4,3
2021100310,306,38613,Mohamed Sanu,4,3
2021100310,306,47819,Deebo Samuel,4,1
2021100310,306,52433,Brandon Aiyuk,4,3
2021100310,359,46671,Trent Sherfield,4,0
2021100310,359,47819,Deebo Samuel,4,3
2021100310,422,42412,Tyler Lockett,4,1
2021100310,422,47847,DK Metcalf,4,1
2021100310,446,42412,Tyler Lockett,4,3
2021100310,446,47847,DK Metcalf,4,3
2021100310,446,52622,Freddie Swain,4,3
2021100310,581,47819,Deebo Samuel,4,0
2021100310,581,52433,Brandon Aiyuk,4,3
2021100310,650,42412,Tyler Lockett,4,3
2021100310,650,47847,DK Metcalf,4,3
2021100310,809,47819,Deebo Samuel,4,3
2021100310,809,52433,Brandon Aiyuk,4,3
2021100310,837,46671,Trent Sherfield,4,3
2021100310,837,52625,Jauan Jennings,4,3
2021100310,865,47819,Deebo Samuel,4,0
2021100310,865,52433,Brandon Aiyuk,4,0
2021100310,1129,47819,Deebo Samuel,4,0
2021100310,1129,52433,Brandon Aiyuk,4,0
2021100310,1151,47819,Deebo Samuel,4,3
2021100310,1151,52433,Brandon Aiyuk,4,3
2021100310,1173,38613,Mohamed Sanu,4,3
2021100310,1173,47819,Deebo Samuel,4,3
2021100310,1173,52433,Brandon Aiyuk,4,3
2021100310,1290,38613,Mohamed Sanu,4,3
2021100310,1290,47819,Deebo Samuel,4,3
2021100310,1290,52433,Brandon Aiyuk,4,3
2021100310,1391,42412,Tyler Lockett,4,3
2021100310,1391,47847,DK Metcalf,4,3
2021100310,1391,52622,Freddie Swain,4,3
2021100310,1483,38613,Mohamed Sanu,4,3
2021100310,1483,46671,Trent Sherfield,4,3
2021100310,1483,47819,Deebo Samuel,4,3
2021100310,1522,42412,Tyler Lockett,4,0
2021100310,1522,47847,DK Metcalf,4,0
2021100310,1592,42412,Tyler Lockett,4,1
2021100310,1592,47847,DK Metcalf,4,3
2021100310,1658,47847,DK Metcalf,4,3
2021100310,1731,47819,Deebo Samuel,4,3
2021100310,1731,52433,Brandon Aiyuk,4,3
2021100310,1807,38613,Mohamed Sanu,4,3
2021100310,1807,46671,Trent Sherfield,4,3
2021100310,1807,52625,Jauan Jennings,4,3
2021100310,1829,38613,Mohamed Sanu,4,3
2021100310,1829,47819,Deebo Samuel,4,3
2021100310,1829,52433,Brandon Aiyuk,4,3
2021100310,2166,42412,Tyler Lockett,4,3
2021100310,2166,47847,DK Metcalf,4,1
2021100310,2166,52622,Freddie Swain,4,3
2021100310,2238,47819,Deebo Samuel,4,1
2021100310,2238,52433,Brandon Aiyuk,4,3
2021100310,2281,38613,Mohamed Sanu,4,3
2021100310,2281,47819,Deebo Samuel,4,3
2021100310,2281,52433,Brandon Aiyuk,4,3
2021100310,2328,42412,Tyler Lockett,4,0
2021100310,2328,47847,DK Metcalf,4,3
2021100310,2584,42412,Tyler Lockett,4,0
2021100310,2584,47847,DK Metcalf,4,3
2021100310,2584,52622,Freddie Swain,4,1
2021100310,2711,47819,Deebo Samuel,4,1
2021100310,2711,52433,Brandon Aiyuk,4,3
2021100310,2803,42412,Tyler Lockett,4,0
2021100310,2803,47847,DK Metcalf,4,0
2021100310,2831,42412,Tyler Lockett,4,3
2021100310,2831,47847,DK Metcalf,4,3
2021100310,2920,42412,Tyler Lockett,4,3
2021100310,2920,47847,DK Metcalf,4,3
2021100310,2959,42412,Tyler Lockett,4,3
2021100310,2959,47847,DK Metcalf,4,3
2021100310,2959,52622,Freddie Swain,4,3
2021100310,3013,42412,Tyler Lockett,4,3
2021100310,3013,47847,DK Metcalf,4,3
2021100310,3013,52622,Freddie Swain,4,3
2021100310,3062,42412,Tyler Lockett,4,3
2021100310,3062,47847,DK Metcalf,4,3
2021100310,3062,52622,Freddie Swain,4,3
2021100310,3208,38613,Mohamed Sanu,4,0
2021100310,3208,47819,Deebo Samuel,4,0
2021100310,3208,52433,Brandon Aiyuk,4,2
2021100310,3268,42412,Tyler Lockett,4,3
2021100310,3268,47847,DK Metcalf,4,0
2021100310,3338,42412,Tyler Lockett,4,3
2021100310,3338,47847,DK Metcalf,4,3
2021100310,3338,52622,Freddie Swain,4,3
2021100310,3407,46671,Trent Sherfield,4,3
2021100310,3407,52625,Jauan Jennings,4,3
2021100310,3478,47819,Deebo Samuel,4,3
2021100310,3536,38613,Mohamed Sanu,4,0
2021100310,3536,47819,Deebo Samuel,4,0
2021100310,3536,52433,Brandon Aiyuk,4,0
2021100310,3700,38613,Mohamed Sanu,4,3
2021100310,3700,47819,Deebo Samuel,4,1
2021100310,3700,52433,Brandon Aiyuk,4,3
2021100310,3733,38613,Mohamed Sanu,4,3
2021100310,3733,47819,Deebo Samuel,4,3
2021100310,3733,52433,Brandon Aiyuk,4,3
2021100310,3815,38613,Mohamed Sanu,4,3
2021100310,3815,47819,Deebo Samuel,4,3
2021100310,3815,52433,Brandon Aiyuk,4,0
2021100310,3915,38613,Mohamed Sanu,4,3
2021100310,3915,46671,Trent Sherfield,4,0
2021100310,3915,47819,Deebo Samuel,4,0
2021100310,3937,38613,Mohamed Sanu,4,0
2021100310,3937,46671,Trent Sherfield,4,0
2021100310,3937,47819,Deebo Samuel,4,0
2021100310,3961,38613,Mohamed Sanu,4,3
2021100310,3961,46671,Trent Sherfield,4,3
2021100310,3961,47819,Deebo Samuel,4,3
2021100310,4025,38613,Mohamed Sanu,4,3
2021100310,4025,46671,Trent Sherfield,4,3
2021100310,4025,47819,Deebo Samuel,4,3
2021100310,4066,38613,Mohamed Sanu,4,3
2021100310,4066,46671,Trent Sherfield,4,0
2021100310,4066,47819,Deebo Samuel,4,0
2021100310,4094,38613,Mohamed Sanu,4,1
2021100310,4094,46671,Trent Sherfield,4,3
2021100310,4094,47819,Deebo Samuel,4,3
2021100310,4116,38613,Mohamed Sanu,4,3
2021100310,4116,47819,Deebo Samuel,4,3
2021100310,4116,52433,Brandon Aiyuk,4,3
2021100311,55,45267,Tim Patrick,4,3
2021100311,55,46109,Courtland Sutton,4,3
2021100311,121,46109,Courtland Sutton,4,0
2021100311,143,45267,Tim Patrick,4,3
2021100311,143,46109,Courtland Sutton,4,3
2021100311,298,41230,Sammy Watkins,4,3
2021100311,298,47808,Marquise Brown,4,0
2021100311,320,41230,Sammy Watkins,4,3
2021100311,320,52500,Devin Duvernay,4,3
2021100311,360,45267,Tim Patrick,4,3
2021100311,360,46109,Courtland Sutton,4,3
2021100311,405,45039,David Moore,4,3
2021100311,405,45267,Tim Patrick,4,3
2021100311,405,46109,Courtland Sutton,4,3
2021100311,427,45039,David Moore,4,3
2021100311,427,45267,Tim Patrick,4,3
2021100311,427,46109,Courtland Sutton,4,3
2021100311,466,41230,Sammy Watkins,4,3
2021100311,641,45039,David Moore,4,3
2021100311,641,45267,Tim Patrick,4,3
2021100311,641,46109,Courtland Sutton,4,3
2021100311,686,45267,Tim Patrick,4,3
2021100311,686,46109,Courtland Sutton,4,3
2021100311,773,47808,Marquise Brown,4,3
2021100311,795,41230,Sammy Watkins,4,3
2021100311,795,47808,Marquise Brown,4,1
2021100311,795,52500,Devin Duvernay,4,1
2021100311,962,45039,David Moore,4,3
2021100311,962,45267,Tim Patrick,4,3
2021100311,962,46109,Courtland Sutton,4,3
2021100311,1039,41230,Sammy Watkins,4,3
2021100311,1039,47808,Marquise Brown,4,3
2021100311,1039,52609,James Proche,4,3
2021100311,1084,52500,Devin Duvernay,4,0
2021100311,1150,52500,Devin Duvernay,4,1
2021100311,1150,52609,James Proche,4,0
2021100311,1174,52500,Devin Duvernay,4,0
2021100311,1174,52609,James Proche,4,0
2021100311,1269,46109,Courtland Sutton,4,3
2021100311,1356,41230,Sammy Watkins,4,3
2021100311,1356,52500,Devin Duvernay,4,3
2021100311,1401,41230,Sammy Watkins,4,3
2021100311,1401,47808,Marquise Brown,4,0
2021100311,1423,41230,Sammy Watkins,4,1
2021100311,1423,47808,Marquise Brown,4,0
2021100311,1486,45267,Tim Patrick,4,3
2021100311,1486,46109,Courtland Sutton,4,3
2021100311,1486,52766,Kendall Hinton,4,2
2021100311,1510,45267,Tim Patrick,4,3
2021100311,1510,46109,Courtland Sutton,4,3
2021100311,1510,52766,Kendall Hinton,4,3
2021100311,1630,41230,Sammy Watkins,4,3
2021100311,1630,47808,Marquise Brown,4,3
2021100311,1680,41230,Sammy Watkins,4,3
2021100311,1680,52500,Devin Duvernay,4,2
2021100311,1820,42051,Diontae Spencer,4,1
2021100311,1820,45267,Tim Patrick,4,0
2021100311,1820,46109,Courtland Sutton,4,3
2021100311,1842,45267,Tim Patrick,4,3
2021100311,1842,46109,Courtland Sutton,4,3
2021100311,1842,52766,Kendall Hinton,4,0
2021100311,1916,41230,Sammy Watkins,4,3
2021100311,1916,47808,Marquise Brown,4,1
2021100311,1961,41230,Sammy Watkins,4,3
2021100311,1961,47808,Marquise Brown,4,3
2021100311,1961,52609,James Proche,4,3
2021100311,1983,41230,Sammy Watkins,4,3
2021100311,1983,47808,Marquise Brown,4,3
2021100311,1983,52609,James Proche,4,3
2021100311,2174,41230,Sammy Watkins,4,1
2021100311,2174,47808,Marquise Brown,4,0
2021100311,2255,45039,David Moore,4,3
2021100311,2255,45267,Tim Patrick,4,3
2021100311,2255,46109,Courtland Sutton,4,3
2021100311,2279,45267,Tim Patrick,4,3
2021100311,2279,46109,Courtland Sutton,4,1
2021100311,2301,45039,David Moore,4,3
2021100311,2301,46109,Courtland Sutton,4,3
2021100311,2301,52766,Kendall Hinton,4,3
2021100311,2368,45039,David Moore,4,0
2021100311,2368,45267,Tim Patrick,4,3
2021100311,2368,46109,Courtland Sutton,4,0
2021100311,2421,47808,Marquise Brown,4,3
2021100311,2480,41230,Sammy Watkins,4,3
2021100311,2480,47808,Marquise Brown,4,0
2021100311,2480,52609,James Proche,4,1
2021100311,2569,45267,Tim Patrick,4,3
2021100311,2569,46109,Courtland Sutton,4,0
2021100311,2649,45267,Tim Patrick,4,3
2021100311,2649,46109,Courtland Sutton,4,3
2021100311,2695,45039,David Moore,4,0
2021100311,2695,45267,Tim Patrick,4,0
2021100311,2695,46109,Courtland Sutton,4,0
2021100311,2758,41230,Sammy Watkins,4,3
2021100311,2758,47808,Marquise Brown,4,3
2021100311,2758,52500,Devin Duvernay,4,3
2021100311,2780,41230,Sammy Watkins,4,3
2021100311,2780,47808,Marquise Brown,4,3
2021100311,2780,52609,James Proche,4,3
2021100311,2809,41230,Sammy Watkins,4,0
2021100311,2809,47808,Marquise Brown,4,0
2021100311,2854,41230,Sammy Watkins,4,1
2021100311,2854,52500,Devin Duvernay,4,0
2021100311,2854,52609,James Proche,4,0
2021100311,2876,47808,Marquise Brown,4,3
2021100311,2876,52500,Devin Duvernay,4,3
2021100311,2876,52609,James Proche,4,3
2021100311,2900,47808,Marquise Brown,4,3
2021100311,2900,52609,James Proche,4,3
2021100311,2964,52500,Devin Duvernay,4,1
2021100311,3023,41230,Sammy Watkins,4,3
2021100311,3023,52609,James Proche,4,3
2021100311,3023,53560,Tylan Wallace,4,3
2021100311,3045,47808,Marquise Brown,4,3
2021100311,3045,52500,Devin Duvernay,4,3
2021100311,3045,52609,James Proche,4,3
2021100311,3147,45267,Tim Patrick,4,3
2021100311,3147,46109,Courtland Sutton,4,3
2021100311,3147,52766,Kendall Hinton,4,3
2021100311,3185,45267,Tim Patrick,4,3
2021100311,3185,46109,Courtland Sutton,4,3
2021100311,3185,52766,Kendall Hinton,4,3
2021100311,3309,45267,Tim Patrick,4,3
2021100311,3309,46109,Courtland Sutton,4,3
2021100311,3309,52766,Kendall Hinton,4,3
2021100311,3333,45267,Tim Patrick,4,3
2021100311,3333,46109,Courtland Sutton,4,3
2021100311,3333,52766,Kendall Hinton,4,3
2021100311,3355,45267,Tim Patrick,4,3
2021100311,3355,46109,Courtland Sutton,4,3
2021100311,3355,52766,Kendall Hinton,4,3
2021100311,3379,45267,Tim Patrick,4,0
2021100311,3379,46109,Courtland Sutton,4,0
2021100311,3379,52766,Kendall Hinton,4,0
2021100311,3419,45267,Tim Patrick,4,3
2021100311,3419,46109,Courtland Sutton,4,0
2021100311,3419,52766,Kendall Hinton,4,3
2021100311,3484,41230,Sammy Watkins,4,3
2021100311,3508,41230,Sammy Watkins,4,3
2021100311,3508,47808,Marquise Brown,4,3
2021100311,3508,52500,Devin Duvernay,4,1
2021100311,3609,41230,Sammy Watkins,4,3
2021100311,3609,47808,Marquise Brown,4,3
2021100311,3609,52609,James Proche,4,3
2021100311,3685,41230,Sammy Watkins,4,3
2021100311,3685,47808,Marquise Brown,4,3
2021100311,3685,52500,Devin Duvernay,4,3
2021100311,3757,47808,Marquise Brown,4,3
2021100311,3757,52500,Devin Duvernay,4,3
2021100311,3757,52609,James Proche,4,3
2021100311,3906,45267,Tim Patrick,4,3
2021100311,3906,46109,Courtland Sutton,4,3
2021100311,3906,52766,Kendall Hinton,4,3
2021100311,3951,45267,Tim Patrick,4,3
2021100311,3951,46109,Courtland Sutton,4,3
2021100311,3951,52766,Kendall Hinton,4,3
2021100311,3992,45267,Tim Patrick,4,3
2021100311,3992,46109,Courtland Sutton,4,3
2021100311,3992,52766,Kendall Hinton,4,3
2021100311,4033,45267,Tim Patrick,4,3
2021100311,4033,46109,Courtland Sutton,4,3
2021100311,4033,52766,Kendall Hinton,4,3
2021100311,4074,45267,Tim Patrick,4,3
2021100311,4074,46109,Courtland Sutton,4,3
2021100311,4074,52766,Kendall Hinton,4,3
2021100311,4096,45267,Tim Patrick,4,3
2021100311,4096,46109,Courtland Sutton,4,3
2021100311,4096,52766,Kendall Hinton,4,3
2021100312,55,44874,JuJu Smith-Schuster,4,3
2021100312,55,47849,Diontae Johnson,4,3
2021100312,126,44874,JuJu Smith-Schuster,4,3
2021100312,126,46129,James Washington,4,3
2021100312,126,47849,Diontae Johnson,4,3
2021100312,216,44874,JuJu Smith-Schuster,4,3
2021100312,216,46129,James Washington,4,3
2021100312,216,47849,Diontae Johnson,4,3
2021100312,290,41282,Davante Adams,4,3
2021100312,290,46705,Allen Lazard,4,3
2021100312,377,41282,Davante Adams,4,3
2021100312,377,46705,Allen Lazard,4,3
2021100312,401,41282,Davante Adams,4,3
2021100312,401,46705,Allen Lazard,4,0
2021100312,540,44874,JuJu Smith-Schuster,4,3
2021100312,540,46129,James Washington,4,3
2021100312,540,47849,Diontae Johnson,4,3
2021100312,562,44874,JuJu Smith-Schuster,4,3
2021100312,562,47849,Diontae Johnson,4,3
2021100312,646,41282,Davante Adams,4,3
2021100312,646,46276,Equanimeous St. Brown,4,3
2021100312,690,37139,Randall Cobb,4,3
2021100312,690,41282,Davante Adams,4,3
2021100312,690,46705,Allen Lazard,4,3
2021100312,712,37139,Randall Cobb,4,3
2021100312,712,41282,Davante Adams,4,3
2021100312,712,46705,Allen Lazard,4,3
2021100312,770,41282,Davante Adams,4,0
2021100312,770,46276,Equanimeous St. Brown,4,0
2021100312,792,37139,Randall Cobb,4,3
2021100312,792,41282,Davante Adams,4,3
2021100312,792,46705,Allen Lazard,4,3
2021100312,816,46276,Equanimeous St. Brown,4,3
2021100312,816,46705,Allen Lazard,4,3
2021100312,878,37139,Randall Cobb,4,3
2021100312,878,41282,Davante Adams,4,3
2021100312,878,46705,Allen Lazard,4,3
2021100312,997,44874,JuJu Smith-Schuster,4,3
2021100312,997,46129,James Washington,4,3
2021100312,997,47849,Diontae Johnson,4,1
2021100312,1083,37139,Randall Cobb,4,1
2021100312,1083,41282,Davante Adams,4,3
2021100312,1083,46705,Allen Lazard,4,0
2021100312,1145,37139,Randall Cobb,4,3
2021100312,1145,41282,Davante Adams,4,0
2021100312,1145,46705,Allen Lazard,4,0
2021100312,1307,44874,JuJu Smith-Schuster,4,3
2021100312,1307,47849,Diontae Johnson,4,3
2021100312,1342,44874,JuJu Smith-Schuster,4,3
2021100312,1342,46129,James Washington,4,3
2021100312,1342,47849,Diontae Johnson,4,3
2021100312,1395,44874,JuJu Smith-Schuster,4,3
2021100312,1395,46129,James Washington,4,3
2021100312,1395,47849,Diontae Johnson,4,3
2021100312,1438,44874,JuJu Smith-Schuster,4,3
2021100312,1438,46129,James Washington,4,3
2021100312,1438,47849,Diontae Johnson,4,3
2021100312,1522,37139,Randall Cobb,4,3
2021100312,1522,41282,Davante Adams,4,3
2021100312,1522,46705,Allen Lazard,4,3
2021100312,1626,41282,Davante Adams,4,0
2021100312,1626,46705,Allen Lazard,4,3
2021100312,1665,37139,Randall Cobb,4,3
2021100312,1665,41282,Davante Adams,4,3
2021100312,1665,46705,Allen Lazard,4,3
2021100312,1689,37139,Randall Cobb,4,3
2021100312,1689,41282,Davante Adams,4,3
2021100312,1689,46705,Allen Lazard,4,3
2021100312,1735,37139,Randall Cobb,4,3
2021100312,1735,41282,Davante Adams,4,3
2021100312,1735,46705,Allen Lazard,4,3
2021100312,1757,37139,Randall Cobb,4,3
2021100312,1757,41282,Davante Adams,4,3
2021100312,1757,46705,Allen Lazard,4,3
2021100312,1800,37139,Randall Cobb,4,3
2021100312,1800,41282,Davante Adams,4,3
2021100312,1800,46705,Allen Lazard,4,3
2021100312,1979,41282,Davante Adams,4,0
2021100312,1979,46705,Allen Lazard,4,0
2021100312,1979,53514,Amari Rodgers,4,1
2021100312,2091,41282,Davante Adams,4,3
2021100312,2091,46705,Allen Lazard,4,3
2021100312,2113,41282,Davante Adams,4,3
2021100312,2113,46705,Allen Lazard,4,3
2021100312,2188,37139,Randall Cobb,4,3
2021100312,2188,41282,Davante Adams,4,3
2021100312,2188,46705,Allen Lazard,4,1
2021100312,2262,44874,JuJu Smith-Schuster,4,3
2021100312,2262,46129,James Washington,4,3
2021100312,2262,47849,Diontae Johnson,4,3
2021100312,2286,52793,Cody White,4,3
2021100312,2331,44874,JuJu Smith-Schuster,4,3
2021100312,2331,46129,James Washington,4,3
2021100312,2331,47849,Diontae Johnson,4,3
2021100312,2353,44874,JuJu Smith-Schuster,4,3
2021100312,2353,46129,James Washington,4,3
2021100312,2353,47849,Diontae Johnson,4,3
2021100312,2619,44874,JuJu Smith-Schuster,4,3
2021100312,2619,46129,James Washington,4,3
2021100312,2619,47849,Diontae Johnson,4,3
2021100312,2641,44874,JuJu Smith-Schuster,4,3
2021100312,2641,46129,James Washington,4,3
2021100312,2641,47849,Diontae Johnson,4,3
2021100312,2680,44874,JuJu Smith-Schuster,4,3
2021100312,2680,47849,Diontae Johnson,4,3
2021100312,2708,41282,Davante Adams,4,3
2021100312,2708,46705,Allen Lazard,4,3
2021100312,2769,44874,JuJu Smith-Schuster,4,3
2021100312,2769,46129,James Washington,4,3
2021100312,2769,47849,Diontae Johnson,4,3
2021100312,2791,44874,JuJu Smith-Schuster,4,3
2021100312,2791,46129,James Washington,4,3
2021100312,2791,47849,Diontae Johnson,4,3
2021100312,2860,44874,JuJu Smith-Schuster,4,3
2021100312,2860,46129,James Washington,4,3
2021100312,2860,47849,Diontae Johnson,4,3
2021100312,2903,44874,JuJu Smith-Schuster,4,3
2021100312,2903,46129,James Washington,4,3
2021100312,2903,47849,Diontae Johnson,4,3
2021100312,2993,37139,Randall Cobb,4,3
2021100312,2993,41282,Davante Adams,4,3
2021100312,2993,46705,Allen Lazard,4,3
2021100312,3017,37139,Randall Cobb,4,3
2021100312,3017,41282,Davante Adams,4,3
2021100312,3017,46705,Allen Lazard,4,3
2021100312,3058,44874,JuJu Smith-Schuster,4,3
2021100312,3058,46129,James Washington,4,3
2021100312,3058,47849,Diontae Johnson,4,3
2021100312,3143,44874,JuJu Smith-Schuster,4,3
2021100312,3143,46129,James Washington,4,3
2021100312,3143,47849,Diontae Johnson,4,3
2021100312,3189,44874,JuJu Smith-Schuster,4,3
2021100312,3189,46129,James Washington,4,3
2021100312,3189,47849,Diontae Johnson,4,3
2021100312,3301,41282,Davante Adams,4,3
2021100312,3323,37139,Randall Cobb,4,3
2021100312,3323,41282,Davante Adams,4,3
2021100312,3323,46705,Allen Lazard,4,3
2021100312,3362,37139,Randall Cobb,4,3
2021100312,3362,41282,Davante Adams,4,3
2021100312,3362,46705,Allen Lazard,4,3
2021100312,3384,44874,JuJu Smith-Schuster,4,3
2021100312,3384,46129,James Washington,4,3
2021100312,3384,47849,Diontae Johnson,4,3
2021100312,3442,44874,JuJu Smith-Schuster,4,3
2021100312,3442,46129,James Washington,4,3
2021100312,3442,47849,Diontae Johnson,4,3
2021100312,3466,44874,JuJu Smith-Schuster,4,3
2021100312,3466,46129,James Washington,4,3
2021100312,3466,47849,Diontae Johnson,4,3
2021100312,3488,44874,JuJu Smith-Schuster,4,3
2021100312,3488,46129,James Washington,4,3
2021100312,3488,47849,Diontae Johnson,4,3
2021100312,3513,44874,JuJu Smith-Schuster,4,3
2021100312,3513,46129,James Washington,4,3
2021100312,3513,47849,Diontae Johnson,4,3
2021100312,3537,44874,JuJu Smith-Schuster,4,1
2021100312,3537,46129,James Washington,4,0
2021100312,3537,47849,Diontae Johnson,4,1
2021100312,3559,44874,JuJu Smith-Schuster,4,3
2021100312,3559,46129,James Washington,4,3
2021100312,3559,47849,Diontae Johnson,4,3
2021100312,3728,37139,Randall Cobb,4,3
2021100312,3728,41282,Davante Adams,4,3
2021100312,3728,46705,Allen Lazard,4,3
2021100312,3865,44874,JuJu Smith-Schuster,4,3
2021100312,3865,46129,James Washington,4,3
2021100312,3865,47849,Diontae Johnson,4,3
2021100312,3889,44874,JuJu Smith-Schuster,4,3
2021100312,3889,46129,James Washington,4,3
2021100312,3889,47849,Diontae Johnson,4,3
2021100313,56,42363,Nelson Agholor,4,3
2021100313,56,45185,Kendrick Bourne,4,3
2021100313,56,48097,Jakobi Meyers,4,3
2021100313,80,42363,Nelson Agholor,4,3
2021100313,80,45185,Kendrick Bourne,4,3
2021100313,80,48097,Jakobi Meyers,4,3
2021100313,109,42363,Nelson Agholor,4,1
2021100313,109,45185,Kendrick Bourne,4,3
2021100313,109,48097,Jakobi Meyers,4,1
2021100313,161,42363,Nelson Agholor,4,1
2021100313,161,45185,Kendrick Bourne,4,3
2021100313,161,48097,Jakobi Meyers,4,1
2021100313,202,41233,Mike Evans,4,3
2021100313,202,44896,Chris Godwin,4,3
2021100313,226,35634,Antonio Brown,4,3
2021100313,226,41233,Mike Evans,4,3
2021100313,226,44896,Chris Godwin,4,3
2021100313,303,35634,Antonio Brown,4,3
2021100313,303,41233,Mike Evans,4,3
2021100313,303,44896,Chris Godwin,4,1
2021100313,327,35634,Antonio Brown,4,3
2021100313,327,41233,Mike Evans,4,3
2021100313,327,44896,Chris Godwin,4,1
2021100313,399,47815,N'Keal Harry,4,3
2021100313,399,48097,Jakobi Meyers,4,3
2021100313,494,42363,Nelson Agholor,4,3
2021100313,494,45185,Kendrick Bourne,4,3
2021100313,494,48097,Jakobi Meyers,4,0
2021100313,585,41233,Mike Evans,4,0
2021100313,585,44896,Chris Godwin,4,3
2021100313,654,41233,Mike Evans,4,3
2021100313,654,44896,Chris Godwin,4,3
2021100313,678,35634,Antonio Brown,4,0
2021100313,678,41233,Mike Evans,4,1
2021100313,678,44896,Chris Godwin,4,3
2021100313,758,41233,Mike Evans,4,3
2021100313,780,35634,Antonio Brown,4,3
2021100313,780,41233,Mike Evans,4,3
2021100313,780,44896,Chris Godwin,4,3
2021100313,840,42363,Nelson Agholor,4,3
2021100313,840,45185,Kendrick Bourne,4,1
2021100313,840,47815,N'Keal Harry,4,3
2021100313,840,48097,Jakobi Meyers,4,3
2021100313,885,42363,Nelson Agholor,4,0
2021100313,885,48097,Jakobi Meyers,4,1
2021100313,907,42363,Nelson Agholor,4,3
2021100313,907,45185,Kendrick Bourne,4,3
2021100313,907,48097,Jakobi Meyers,4,3
2021100313,970,35634,Antonio Brown,4,3
2021100313,970,44896,Chris Godwin,4,3
2021100313,970,52569,Tyler Johnson,4,1
2021100313,1036,41233,Mike Evans,4,3
2021100313,1036,44896,Chris Godwin,4,3
2021100313,1036,52569,Tyler Johnson,4,3
2021100313,1094,35634,Antonio Brown,4,3
2021100313,1094,41233,Mike Evans,4,1
2021100313,1094,44896,Chris Godwin,4,3
2021100313,1163,35634,Antonio Brown,4,0
2021100313,1163,41233,Mike Evans,4,3
2021100313,1163,44896,Chris Godwin,4,3
2021100313,1185,35634,Antonio Brown,4,3
2021100313,1185,41233,Mike Evans,4,3
2021100313,1185,44896,Chris Godwin,4,3
2021100313,1295,42363,Nelson Agholor,4,0
2021100313,1295,45185,Kendrick Bourne,4,0
2021100313,1295,48097,Jakobi Meyers,4,0
2021100313,1319,42363,Nelson Agholor,4,3
2021100313,1319,45185,Kendrick Bourne,4,3
2021100313,1319,48097,Jakobi Meyers,4,3
2021100313,1343,42363,Nelson Agholor,4,3
2021100313,1343,45185,Kendrick Bourne,4,3
2021100313,1343,48097,Jakobi Meyers,4,3
2021100313,1365,45185,Kendrick Bourne,4,1
2021100313,1365,47815,N'Keal Harry,4,3
2021100313,1365,48097,Jakobi Meyers,4,3
2021100313,1389,45185,Kendrick Bourne,4,3
2021100313,1389,47815,N'Keal Harry,4,3
2021100313,1389,48097,Jakobi Meyers,4,3
2021100313,1475,42363,Nelson Agholor,4,3
2021100313,1475,45185,Kendrick Bourne,4,3
2021100313,1475,48097,Jakobi Meyers,4,3
2021100313,1511,42363,Nelson Agholor,4,3
2021100313,1511,45185,Kendrick Bourne,4,3
2021100313,1511,48097,Jakobi Meyers,4,3
2021100313,1561,42363,Nelson Agholor,4,3
2021100313,1561,45185,Kendrick Bourne,4,2
2021100313,1561,48097,Jakobi Meyers,4,3
2021100313,1594,47815,N'Keal Harry,4,3
2021100313,1594,48097,Jakobi Meyers,4,3
2021100313,1618,42363,Nelson Agholor,4,3
2021100313,1618,45185,Kendrick Bourne,4,1
2021100313,1618,48097,Jakobi Meyers,4,0
2021100313,1718,35634,Antonio Brown,4,3
2021100313,1718,41233,Mike Evans,4,3
2021100313,1718,44896,Chris Godwin,4,3
2021100313,1789,35634,Antonio Brown,4,0
2021100313,1789,41233,Mike Evans,4,1
2021100313,1789,44896,Chris Godwin,4,1
2021100313,1854,42363,Nelson Agholor,4,3
2021100313,1854,48097,Jakobi Meyers,4,3
2021100313,2041,35634,Antonio Brown,4,3
2021100313,2041,41233,Mike Evans,4,3
2021100313,2041,44896,Chris Godwin,4,3
2021100313,2070,35634,Antonio Brown,4,0
2021100313,2070,41233,Mike Evans,4,0
2021100313,2070,44896,Chris Godwin,4,1
2021100313,2111,35634,Antonio Brown,4,3
2021100313,2111,41233,Mike Evans,4,3
2021100313,2111,44896,Chris Godwin,4,3
2021100313,2135,35634,Antonio Brown,4,3
2021100313,2135,41233,Mike Evans,4,3
2021100313,2135,44896,Chris Godwin,4,1
2021100313,2159,35634,Antonio Brown,4,3
2021100313,2159,41233,Mike Evans,4,3
2021100313,2159,44896,Chris Godwin,4,3
2021100313,2181,35634,Antonio Brown,4,3
2021100313,2181,41233,Mike Evans,4,3
2021100313,2181,52569,Tyler Johnson,4,3
2021100313,2203,35634,Antonio Brown,4,3
2021100313,2203,41233,Mike Evans,4,3
2021100313,2203,44896,Chris Godwin,4,3
2021100313,2379,41233,Mike Evans,4,3
2021100313,2379,44896,Chris Godwin,4,3
2021100313,2401,35634,Antonio Brown,4,3
2021100313,2401,41233,Mike Evans,4,3
2021100313,2401,44896,Chris Godwin,4,3
2021100313,2496,42363,Nelson Agholor,4,0
2021100313,2496,48097,Jakobi Meyers,4,3
2021100313,2541,42363,Nelson Agholor,4,3
2021100313,2541,45185,Kendrick Bourne,4,3
2021100313,2541,48097,Jakobi Meyers,4,3
2021100313,2628,35634,Antonio Brown,4,3
2021100313,2628,41233,Mike Evans,4,3
2021100313,2628,44896,Chris Godwin,4,3
2021100313,2948,41233,Mike Evans,4,0
2021100313,2948,44896,Chris Godwin,4,1
2021100313,2970,41233,Mike Evans,4,3
2021100313,2970,44896,Chris Godwin,4,3
2021100313,2970,52569,Tyler Johnson,4,3
2021100313,3086,42363,Nelson Agholor,4,3
2021100313,3086,45185,Kendrick Bourne,4,3
2021100313,3086,48097,Jakobi Meyers,4,3
2021100313,3110,42363,Nelson Agholor,4,3
2021100313,3110,48097,Jakobi Meyers,4,3
2021100313,3134,42363,Nelson Agholor,4,3
2021100313,3134,48097,Jakobi Meyers,4,3
2021100313,3158,47815,N'Keal Harry,4,3
2021100313,3158,48097,Jakobi Meyers,4,3
2021100313,3182,47815,N'Keal Harry,4,3
2021100313,3182,48097,Jakobi Meyers,4,3
2021100313,3367,35634,Antonio Brown,4,3
2021100313,3367,41233,Mike Evans,4,3
2021100313,3367,44896,Chris Godwin,4,3
2021100313,3417,35634,Antonio Brown,4,3
2021100313,3417,41233,Mike Evans,4,3
2021100313,3417,44896,Chris Godwin,4,3
2021100313,3550,41233,Mike Evans,4,3
2021100313,3550,44896,Chris Godwin,4,1
2021100313,3550,52569,Tyler Johnson,4,3
2021100313,3572,35634,Antonio Brown,4,3
2021100313,3572,41233,Mike Evans,4,3
2021100313,3572,44896,Chris Godwin,4,3
2021100313,3617,35634,Antonio Brown,4,3
2021100313,3617,41233,Mike Evans,4,3
2021100313,3617,44896,Chris Godwin,4,3
2021100313,3639,41233,Mike Evans,4,2
2021100313,3639,44896,Chris Godwin,4,2
2021100313,3639,52569,Tyler Johnson,4,1
2021100313,3695,42363,Nelson Agholor,4,3
2021100313,3695,48097,Jakobi Meyers,4,3
2021100313,3719,42363,Nelson Agholor,4,3
2021100313,3719,48097,Jakobi Meyers,4,3
2021100313,3743,42363,Nelson Agholor,4,3
2021100313,3743,45185,Kendrick Bourne,4,3
2021100313,3743,48097,Jakobi Meyers,4,3
2021100313,3800,47815,N'Keal Harry,4,3
2021100313,3800,48097,Jakobi Meyers,4,3
2021100313,3822,47815,N'Keal Harry,4,1
2021100313,3822,48097,Jakobi Meyers,4,2
2021100313,3906,35634,Antonio Brown,4,3
2021100313,3906,41233,Mike Evans,4,3
2021100313,3906,44896,Chris Godwin,4,3
2021100313,3966,35634,Antonio Brown,4,3
2021100313,3966,41233,Mike Evans,4,3
2021100313,3966,44896,Chris Godwin,4,3
2021100313,4001,35634,Antonio Brown,4,0
2021100313,4001,41233,Mike Evans,4,1
2021100313,4001,44896,Chris Godwin,4,0
2021100313,4028,35634,Antonio Brown,4,3
2021100313,4028,41233,Mike Evans,4,3
2021100313,4028,44896,Chris Godwin,4,3
2021100313,4100,35634,Antonio Brown,4,3
2021100313,4100,41233,Mike Evans,4,3
2021100313,4100,44896,Chris Godwin,4,3
2021100313,4139,35634,Antonio Brown,4,3
2021100313,4139,41233,Mike Evans,4,3
2021100313,4139,44896,Chris Godwin,4,3
2021100313,4216,42363,Nelson Agholor,4,3
2021100313,4216,45185,Kendrick Bourne,4,3
2021100313,4216,48097,Jakobi Meyers,4,3
2021100313,4249,42363,Nelson Agholor,4,3
2021100313,4249,45185,Kendrick Bourne,4,3
2021100313,4249,48097,Jakobi Meyers,4,3
2021100313,4296,42363,Nelson Agholor,4,3
2021100313,4296,45185,Kendrick Bourne,4,3
2021100313,4296,48097,Jakobi Meyers,4,3
2021100313,4325,42363,Nelson Agholor,4,3
2021100313,4325,45185,Kendrick Bourne,4,3
2021100313,4325,48097,Jakobi Meyers,4,3
2021100313,4347,42363,Nelson Agholor,4,3
2021100313,4347,45185,Kendrick Bourne,4,1
2021100313,4347,48097,Jakobi Meyers,4,3
2021100313,4376,42363,Nelson Agholor,4,3
2021100313,4376,45185,Kendrick Bourne,4,3
2021100313,4376,48097,Jakobi Meyers,4,3
2021100400,81,40024,Keenan Allen,4,3
2021100400,81,44819,Mike Williams,4,3
2021100400,81,48556,Jalen Guyton,4,3
2021100400,149,40024,Keenan Allen,4,3
2021100400,149,44819,Mike Williams,4,3
2021100400,149,48556,Jalen Guyton,4,3
2021100400,196,40024,Keenan Allen,4,3
2021100400,196,44819,Mike Williams,4,3
2021100400,262,40024,Keenan Allen,4,3
2021100400,262,44819,Mike Williams,4,3
2021100400,312,40024,Keenan Allen,4,3
2021100400,312,44819,Mike Williams,4,3
2021100400,312,48556,Jalen Guyton,4,3
2021100400,380,40024,Keenan Allen,4,3
2021100400,380,44819,Mike Williams,4,3
2021100400,485,47932,Hunter Renfrow,4,3
2021100400,485,52420,Henry Ruggs,4,3
2021100400,485,52489,Bryan Edwards,4,3
2021100400,532,40024,Keenan Allen,4,0
2021100400,532,48556,Jalen Guyton,4,0
2021100400,592,40024,Keenan Allen,4,3
2021100400,592,44819,Mike Williams,4,3
2021100400,592,48556,Jalen Guyton,4,3
2021100400,644,47932,Hunter Renfrow,4,3
2021100400,644,52420,Henry Ruggs,4,2
2021100400,644,52489,Bryan Edwards,4,3
2021100400,666,52420,Henry Ruggs,4,1
2021100400,666,52489,Bryan Edwards,4,3
2021100400,819,40024,Keenan Allen,4,3
2021100400,819,44819,Mike Williams,4,3
2021100400,819,48556,Jalen Guyton,4,3
2021100400,841,40024,Keenan Allen,4,0
2021100400,841,44819,Mike Williams,4,0
2021100400,841,48556,Jalen Guyton,4,0
2021100400,964,47932,Hunter Renfrow,4,3
2021100400,964,52420,Henry Ruggs,4,3
2021100400,964,52489,Bryan Edwards,4,3
2021100400,1077,40024,Keenan Allen,4,3
2021100400,1077,44819,Mike Williams,4,3
2021100400,1077,48556,Jalen Guyton,4,3
2021100400,1198,47932,Hunter Renfrow,4,3
2021100400,1198,52420,Henry Ruggs,4,3
2021100400,1198,52489,Bryan Edwards,4,3
2021100400,1222,40024,Keenan Allen,4,3
2021100400,1222,44819,Mike Williams,4,3
2021100400,1222,48556,Jalen Guyton,4,0
2021100400,1289,40024,Keenan Allen,4,3
2021100400,1289,44819,Mike Williams,4,3
2021100400,1289,48556,Jalen Guyton,4,3
2021100400,1338,52420,Henry Ruggs,4,3
2021100400,1338,52489,Bryan Edwards,4,3
2021100400,1362,52420,Henry Ruggs,4,0
2021100400,1362,52489,Bryan Edwards,4,0
2021100400,1384,47932,Hunter Renfrow,4,3
2021100400,1384,52420,Henry Ruggs,4,3
2021100400,1384,52489,Bryan Edwards,4,3
2021100400,1424,52489,Bryan Edwards,4,3
2021100400,1446,47932,Hunter Renfrow,4,3
2021100400,1446,52420,Henry Ruggs,4,3
2021100400,1446,52489,Bryan Edwards,4,3
2021100400,1468,47932,Hunter Renfrow,4,3
2021100400,1468,52420,Henry Ruggs,4,3
2021100400,1468,52489,Bryan Edwards,4,3
2021100400,1522,44819,Mike Williams,4,3
2021100400,1522,48556,Jalen Guyton,4,3
2021100400,1599,40024,Keenan Allen,4,1
2021100400,1599,44819,Mike Williams,4,3
2021100400,1650,40024,Keenan Allen,4,3
2021100400,1650,44819,Mike Williams,4,3
2021100400,1650,48556,Jalen Guyton,4,3
2021100400,1674,40024,Keenan Allen,4,3
2021100400,1674,44819,Mike Williams,4,3
2021100400,1674,48556,Jalen Guyton,4,3
2021100400,1891,40024,Keenan Allen,4,3
2021100400,1891,44819,Mike Williams,4,3
2021100400,1891,48556,Jalen Guyton,4,3
2021100400,1953,40024,Keenan Allen,4,3
2021100400,1953,44819,Mike Williams,4,3
2021100400,1953,48556,Jalen Guyton,4,3
2021100400,1975,40024,Keenan Allen,4,3
2021100400,1975,44819,Mike Williams,4,3
2021100400,1975,48556,Jalen Guyton,4,3
2021100400,1999,40024,Keenan Allen,4,3
2021100400,1999,44819,Mike Williams,4,3
2021100400,1999,48556,Jalen Guyton,4,3
2021100400,2023,40024,Keenan Allen,4,3
2021100400,2023,44819,Mike Williams,4,3
2021100400,2023,48556,Jalen Guyton,4,3
2021100400,2047,40024,Keenan Allen,4,3
2021100400,2047,44819,Mike Williams,4,3
2021100400,2047,48556,Jalen Guyton,4,3
2021100400,2088,40024,Keenan Allen,4,3
2021100400,2088,44819,Mike Williams,4,3
2021100400,2088,48556,Jalen Guyton,4,3
2021100400,2278,44849,Zay Jones,4,1
2021100400,2278,47932,Hunter Renfrow,4,3
2021100400,2302,41500,Willie Snead,4,0
2021100400,2302,44849,Zay Jones,4,0
2021100400,2302,47932,Hunter Renfrow,4,1
2021100400,2302,52489,Bryan Edwards,4,2
2021100400,2386,47932,Hunter Renfrow,4,0
2021100400,2386,52420,Henry Ruggs,4,0
2021100400,2386,52489,Bryan Edwards,4,0
2021100400,2457,47932,Hunter Renfrow,4,3
2021100400,2457,52420,Henry Ruggs,4,3
2021100400,2457,52489,Bryan Edwards,4,3
2021100400,2524,44849,Zay Jones,4,3
2021100400,2524,47932,Hunter Renfrow,4,3
2021100400,2524,52489,Bryan Edwards,4,3
2021100400,2548,47932,Hunter Renfrow,4,1
2021100400,2548,52420,Henry Ruggs,4,0
2021100400,2548,52489,Bryan Edwards,4,0
2021100400,2659,40024,Keenan Allen,4,0
2021100400,2659,44819,Mike Williams,4,0
2021100400,2747,40024,Keenan Allen,4,0
2021100400,2829,47932,Hunter Renfrow,4,3
2021100400,2829,52420,Henry Ruggs,4,3
2021100400,2829,52489,Bryan Edwards,4,3
2021100400,2858,47932,Hunter Renfrow,4,3
2021100400,2858,52420,Henry Ruggs,4,3
2021100400,2858,52489,Bryan Edwards,4,3
2021100400,2912,47932,Hunter Renfrow,4,3
2021100400,2912,52420,Henry Ruggs,4,3
2021100400,2912,52489,Bryan Edwards,4,3
2021100400,2957,41500,Willie Snead,4,3
2021100400,2957,47932,Hunter Renfrow,4,2
2021100400,2979,47932,Hunter Renfrow,4,3
2021100400,2979,52420,Henry Ruggs,4,3
2021100400,2979,52489,Bryan Edwards,4,1
2021100400,3047,40024,Keenan Allen,4,3
2021100400,3047,44819,Mike Williams,4,3
2021100400,3116,40024,Keenan Allen,4,3
2021100400,3116,48556,Jalen Guyton,4,3
2021100400,3116,53506,Josh Palmer,4,3
2021100400,3231,40024,Keenan Allen,4,3
2021100400,3231,44819,Mike Williams,4,3
2021100400,3257,40024,Keenan Allen,4,3
2021100400,3257,48556,Jalen Guyton,4,3
2021100400,3257,53506,Josh Palmer,4,3
2021100400,3279,40024,Keenan Allen,4,3
2021100400,3279,44819,Mike Williams,4,3
2021100400,3279,48556,Jalen Guyton,4,1
2021100400,3337,52420,Henry Ruggs,4,0
2021100400,3337,52489,Bryan Edwards,4,0
2021100400,3504,40024,Keenan Allen,4,3
2021100400,3504,44819,Mike Williams,4,3
2021100400,3504,48556,Jalen Guyton,4,3
2021100400,3526,40024,Keenan Allen,4,3
2021100400,3526,44819,Mike Williams,4,3
2021100400,3526,48556,Jalen Guyton,4,3
2021100400,3711,47932,Hunter Renfrow,4,3
2021100400,3711,52420,Henry Ruggs,4,3
2021100400,3711,52489,Bryan Edwards,4,3
2021100400,3735,47932,Hunter Renfrow,4,3
2021100400,3735,52420,Henry Ruggs,4,3
2021100400,3735,52489,Bryan Edwards,4,3
2021100400,3757,47932,Hunter Renfrow,4,3
2021100400,3757,52420,Henry Ruggs,4,3
2021100400,3757,52489,Bryan Edwards,4,3
2021100400,3781,47932,Hunter Renfrow,4,3
2021100400,3781,52420,Henry Ruggs,4,3
2021100400,3781,52489,Bryan Edwards,4,3
2021100400,3805,47932,Hunter Renfrow,4,0
2021100400,3805,52420,Henry Ruggs,4,0
2021100400,3805,52489,Bryan Edwards,4,3
2021100400,3859,47932,Hunter Renfrow,4,3
2021100400,3859,52420,Henry Ruggs,4,3
2021100400,3859,52489,Bryan Edwards,4,3
2021100400,4096,47932,Hunter Renfrow,4,3
2021100400,4096,52420,Henry Ruggs,4,3
2021100400,4096,52489,Bryan Edwards,4,3
2021100400,4139,47932,Hunter Renfrow,4,3
2021100400,4139,52420,Henry Ruggs,4,0
2021100400,4139,52489,Bryan Edwards,4,0
2021100400,4161,44849,Zay Jones,4,0
2021100400,4161,47932,Hunter Renfrow,4,3
2021100400,4161,52420,Henry Ruggs,4,0
2021100700,95,39989,Robert Woods,5,3
2021100700,95,44881,Cooper Kupp,5,0
2021100700,95,52465,Van Jefferson,5,3
2021100700,165,39989,Robert Woods,5,3
2021100700,165,44881,Cooper Kupp,5,3
2021100700,165,52465,Van Jefferson,5,3
2021100700,227,42412,Tyler Lockett,5,0
2021100700,227,47847,DK Metcalf,5,0
2021100700,227,52622,Freddie Swain,5,2
2021100700,272,42412,Tyler Lockett,5,3
2021100700,272,48119,Penny Hart,5,3
2021100700,272,52622,Freddie Swain,5,3
2021100700,301,42412,Tyler Lockett,5,1
2021100700,301,47847,DK Metcalf,5,3
2021100700,301,52622,Freddie Swain,5,0
2021100700,372,33130,DeSean Jackson,5,3
2021100700,372,39989,Robert Woods,5,3
2021100700,372,44881,Cooper Kupp,5,3
2021100700,417,33130,DeSean Jackson,5,3
2021100700,417,44881,Cooper Kupp,5,3
2021100700,523,42412,Tyler Lockett,5,3
2021100700,523,47847,DK Metcalf,5,3
2021100700,545,42412,Tyler Lockett,5,3
2021100700,545,47847,DK Metcalf,5,3
2021100700,599,47847,DK Metcalf,5,0
2021100700,599,52622,Freddie Swain,5,0
2021100700,734,33130,DeSean Jackson,5,0
2021100700,734,39989,Robert Woods,5,2
2021100700,734,44881,Cooper Kupp,5,3
2021100700,799,39989,Robert Woods,5,3
2021100700,799,44881,Cooper Kupp,5,3
2021100700,799,52465,Van Jefferson,5,3
2021100700,823,39989,Robert Woods,5,3
2021100700,823,44881,Cooper Kupp,5,3
2021100700,823,52465,Van Jefferson,5,3
2021100700,893,39989,Robert Woods,5,0
2021100700,893,44881,Cooper Kupp,5,1
2021100700,893,52465,Van Jefferson,5,0
2021100700,988,42412,Tyler Lockett,5,0
2021100700,988,48119,Penny Hart,5,3
2021100700,1014,39989,Robert Woods,5,0
2021100700,1014,52465,Van Jefferson,5,0
2021100700,1036,33130,DeSean Jackson,5,3
2021100700,1036,39989,Robert Woods,5,3
2021100700,1036,44881,Cooper Kupp,5,3
2021100700,1143,42412,Tyler Lockett,5,1
2021100700,1143,47847,DK Metcalf,5,0
2021100700,1205,42412,Tyler Lockett,5,3
2021100700,1205,47847,DK Metcalf,5,3
2021100700,1205,52622,Freddie Swain,5,3
2021100700,1336,33130,DeSean Jackson,5,0
2021100700,1336,39989,Robert Woods,5,3
2021100700,1336,44881,Cooper Kupp,5,3
2021100700,1381,39989,Robert Woods,5,3
2021100700,1381,44881,Cooper Kupp,5,3
2021100700,1381,52465,Van Jefferson,5,3
2021100700,1405,39989,Robert Woods,5,3
2021100700,1405,44881,Cooper Kupp,5,3
2021100700,1405,52465,Van Jefferson,5,3
2021100700,1492,39989,Robert Woods,5,1
2021100700,1492,44881,Cooper Kupp,5,3
2021100700,1492,52465,Van Jefferson,5,1
2021100700,1649,42412,Tyler Lockett,5,3
2021100700,1649,47847,DK Metcalf,5,3
2021100700,1649,52622,Freddie Swain,5,3
2021100700,1694,42412,Tyler Lockett,5,3
2021100700,1694,47847,DK Metcalf,5,3
2021100700,1694,52622,Freddie Swain,5,3
2021100700,1727,42412,Tyler Lockett,5,3
2021100700,1727,47847,DK Metcalf,5,3
2021100700,1727,52622,Freddie Swain,5,3
2021100700,1775,42412,Tyler Lockett,5,0
2021100700,1775,47847,DK Metcalf,5,0
2021100700,1775,52622,Freddie Swain,5,3
2021100700,1828,42412,Tyler Lockett,5,3
2021100700,1828,47847,DK Metcalf,5,3
2021100700,1828,52622,Freddie Swain,5,3
2021100700,1939,42412,Tyler Lockett,5,0
2021100700,1939,47847,DK Metcalf,5,0
2021100700,1984,42412,Tyler Lockett,5,3
2021100700,1984,48119,Penny Hart,5,3
2021100700,2051,42412,Tyler Lockett,5,0
2021100700,2051,47847,DK Metcalf,5,1
2021100700,2051,52622,Freddie Swain,5,0
2021100700,2110,33130,DeSean Jackson,5,3
2021100700,2110,39989,Robert Woods,5,3
2021100700,2110,44881,Cooper Kupp,5,3
2021100700,2139,33130,DeSean Jackson,5,3
2021100700,2139,39989,Robert Woods,5,3
2021100700,2139,44881,Cooper Kupp,5,3
2021100700,2161,33130,DeSean Jackson,5,3
2021100700,2161,39989,Robert Woods,5,3
2021100700,2161,44881,Cooper Kupp,5,3
2021100700,2185,33130,DeSean Jackson,5,3
2021100700,2185,39989,Robert Woods,5,3
2021100700,2185,44881,Cooper Kupp,5,1
2021100700,2207,33130,DeSean Jackson,5,3
2021100700,2207,39989,Robert Woods,5,3
2021100700,2207,44881,Cooper Kupp,5,3
2021100700,2229,33130,DeSean Jackson,5,0
2021100700,2229,39989,Robert Woods,5,0
2021100700,2229,44881,Cooper Kupp,5,1
2021100700,2353,42412,Tyler Lockett,5,1
2021100700,2353,47847,DK Metcalf,5,3
2021100700,2353,52622,Freddie Swain,5,3
2021100700,2432,39989,Robert Woods,5,0
2021100700,2432,52465,Van Jefferson,5,0
2021100700,2466,39989,Robert Woods,5,3
2021100700,2466,44881,Cooper Kupp,5,3
2021100700,2466,52465,Van Jefferson,5,3
2021100700,2490,39989,Robert Woods,5,0
2021100700,2490,44881,Cooper Kupp,5,1
2021100700,2490,52465,Van Jefferson,5,0
2021100700,2540,39989,Robert Woods,5,3
2021100700,2540,44881,Cooper Kupp,5,3
2021100700,2540,52465,Van Jefferson,5,3
2021100700,2617,42412,Tyler Lockett,5,3
2021100700,2617,47847,DK Metcalf,5,3
2021100700,2748,39989,Robert Woods,5,3
2021100700,2748,44881,Cooper Kupp,5,3
2021100700,2748,52465,Van Jefferson,5,3
2021100700,2833,33130,DeSean Jackson,5,1
2021100700,2833,39989,Robert Woods,5,3
2021100700,2833,44881,Cooper Kupp,5,3
2021100700,2906,47847,DK Metcalf,5,3
2021100700,2906,52622,Freddie Swain,5,3
2021100700,2939,42412,Tyler Lockett,5,3
2021100700,2939,47847,DK Metcalf,5,3
2021100700,3029,42412,Tyler Lockett,5,3
2021100700,3029,47847,DK Metcalf,5,3
2021100700,3095,42412,Tyler Lockett,5,0
2021100700,3095,47847,DK Metcalf,5,3
2021100700,3119,42412,Tyler Lockett,5,3
2021100700,3119,47847,DK Metcalf,5,3
2021100700,3206,39989,Robert Woods,5,3
2021100700,3206,44881,Cooper Kupp,5,3
2021100700,3206,52465,Van Jefferson,5,3
2021100700,3230,39989,Robert Woods,5,0
2021100700,3230,44881,Cooper Kupp,5,0
2021100700,3230,52465,Van Jefferson,5,0
2021100700,3275,39989,Robert Woods,5,3
2021100700,3275,44881,Cooper Kupp,5,3
2021100700,3275,52465,Van Jefferson,5,3
2021100700,3373,42412,Tyler Lockett,5,3
2021100700,3373,47847,DK Metcalf,5,3
2021100700,3373,52622,Freddie Swain,5,3
2021100700,3425,42412,Tyler Lockett,5,0
2021100700,3425,48119,Penny Hart,5,0
2021100700,3425,52622,Freddie Swain,5,0
2021100700,3447,42412,Tyler Lockett,5,3
2021100700,3447,47847,DK Metcalf,5,3
2021100700,3447,52622,Freddie Swain,5,3
2021100700,3471,42412,Tyler Lockett,5,3
2021100700,3471,47847,DK Metcalf,5,3
2021100700,3471,52622,Freddie Swain,5,3
2021100700,3495,42412,Tyler Lockett,5,3
2021100700,3495,47847,DK Metcalf,5,3
2021100700,3495,52622,Freddie Swain,5,3
2021100700,3562,42412,Tyler Lockett,5,3
2021100700,3562,47847,DK Metcalf,5,3
2021100700,3562,52622,Freddie Swain,5,3
2021100700,3584,42412,Tyler Lockett,5,0
2021100700,3584,47847,DK Metcalf,5,3
2021100700,3584,52622,Freddie Swain,5,1
2021100700,3606,42412,Tyler Lockett,5,0
2021100700,3606,47847,DK Metcalf,5,2
2021100700,3606,52622,Freddie Swain,5,0
2021100700,3800,39989,Robert Woods,5,1
2021100700,3800,44881,Cooper Kupp,5,3
2021100700,3800,52465,Van Jefferson,5,1
2021100700,3841,42412,Tyler Lockett,5,0
2021100700,3841,47847,DK Metcalf,5,3
2021100700,3841,52622,Freddie Swain,5,0
2021100700,4003,42412,Tyler Lockett,5,0
2021100700,4003,48119,Penny Hart,5,0
2021100700,4003,52622,Freddie Swain,5,0
2021100700,4074,42372,Phillip Dorsett,5,3
2021100700,4074,42412,Tyler Lockett,5,3
2021100700,4074,52622,Freddie Swain,5,3
2021101000,55,43429,Tajae Sharpe,5,3
2021101000,55,48374,Olamide Zaccheaus,5,2
2021101000,143,43429,Tajae Sharpe,5,3
2021101000,143,48374,Olamide Zaccheaus,5,3
2021101000,197,43429,Tajae Sharpe,5,3
2021101000,197,48374,Olamide Zaccheaus,5,3
2021101000,219,43429,Tajae Sharpe,5,3
2021101000,219,48374,Olamide Zaccheaus,5,3
2021101000,319,43429,Tajae Sharpe,5,3
2021101000,319,48374,Olamide Zaccheaus,5,3
2021101000,364,43429,Tajae Sharpe,5,3
2021101000,364,48374,Olamide Zaccheaus,5,3
2021101000,486,42448,Jamison Crowder,5,0
2021101000,486,44817,Corey Davis,5,0
2021101000,486,53463,Elijah Moore,5,3
2021101000,625,43429,Tajae Sharpe,5,3
2021101000,625,48374,Olamide Zaccheaus,5,1
2021101000,670,43429,Tajae Sharpe,5,3
2021101000,670,48374,Olamide Zaccheaus,5,3
2021101000,715,43429,Tajae Sharpe,5,0
2021101000,715,48374,Olamide Zaccheaus,5,1
2021101000,739,48374,Olamide Zaccheaus,5,3
2021101000,828,44817,Corey Davis,5,3
2021101000,828,53463,Elijah Moore,5,1
2021101000,888,42448,Jamison Crowder,5,0
2021101000,888,44817,Corey Davis,5,3
2021101000,888,45555,Keelan Cole,5,0
2021101000,982,48374,Olamide Zaccheaus,5,2
2021101000,1051,48374,Olamide Zaccheaus,5,3
2021101000,1112,43429,Tajae Sharpe,5,1
2021101000,1112,48374,Olamide Zaccheaus,5,0
2021101000,1134,43429,Tajae Sharpe,5,3
2021101000,1134,48374,Olamide Zaccheaus,5,3
2021101000,1190,44817,Corey Davis,5,1
2021101000,1190,45555,Keelan Cole,5,3
2021101000,1212,44817,Corey Davis,5,3
2021101000,1212,45555,Keelan Cole,5,1
2021101000,1238,43429,Tajae Sharpe,5,3
2021101000,1238,48374,Olamide Zaccheaus,5,3
2021101000,1268,43429,Tajae Sharpe,5,3
2021101000,1268,48374,Olamide Zaccheaus,5,2
2021101000,1329,44817,Corey Davis,5,3
2021101000,1329,53463,Elijah Moore,5,3
2021101000,1374,52467,Denzel Mims,5,0
2021101000,1374,53463,Elijah Moore,5,0
2021101000,1396,42448,Jamison Crowder,5,3
2021101000,1396,44817,Corey Davis,5,3
2021101000,1396,45555,Keelan Cole,5,3
2021101000,1396,46279,Braxton Berrios,5,3
2021101000,1492,44817,Corey Davis,5,0
2021101000,1492,45555,Keelan Cole,5,0
2021101000,1516,52467,Denzel Mims,5,0
2021101000,1516,53463,Elijah Moore,5,0
2021101000,1538,42448,Jamison Crowder,5,3
2021101000,1538,44817,Corey Davis,5,3
2021101000,1538,45555,Keelan Cole,5,3
2021101000,1676,42448,Jamison Crowder,5,1
2021101000,1676,44817,Corey Davis,5,1
2021101000,1676,53463,Elijah Moore,5,3
2021101000,1781,43429,Tajae Sharpe,5,3
2021101000,1781,48374,Olamide Zaccheaus,5,3
2021101000,1803,43429,Tajae Sharpe,5,3
2021101000,1803,46394,Christian Blake,5,3
2021101000,1803,48374,Olamide Zaccheaus,5,3
2021101000,1827,43429,Tajae Sharpe,5,3
2021101000,1827,46394,Christian Blake,5,3
2021101000,1827,48374,Olamide Zaccheaus,5,3
2021101000,1872,43429,Tajae Sharpe,5,0
2021101000,1872,46394,Christian Blake,5,1
2021101000,1872,48374,Olamide Zaccheaus,5,0
2021101000,1894,43429,Tajae Sharpe,5,3
2021101000,1894,46394,Christian Blake,5,3
2021101000,1894,48374,Olamide Zaccheaus,5,3
2021101000,1927,43429,Tajae Sharpe,5,3
2021101000,1927,46394,Christian Blake,5,3
2021101000,1927,48374,Olamide Zaccheaus,5,3
2021101000,1949,43429,Tajae Sharpe,5,3
2021101000,1949,46394,Christian Blake,5,3
2021101000,1949,48374,Olamide Zaccheaus,5,3
2021101000,1971,43429,Tajae Sharpe,5,3
2021101000,1971,48374,Olamide Zaccheaus,5,3
2021101000,2283,48374,Olamide Zaccheaus,5,1
2021101000,2307,43429,Tajae Sharpe,5,3
2021101000,2307,48374,Olamide Zaccheaus,5,1
2021101000,2340,43429,Tajae Sharpe,5,3
2021101000,2340,48374,Olamide Zaccheaus,5,3
2021101000,2362,43429,Tajae Sharpe,5,3
2021101000,2362,48374,Olamide Zaccheaus,5,3
2021101000,2402,46279,Braxton Berrios,5,2
2021101000,2402,53463,Elijah Moore,5,0
2021101000,2452,42448,Jamison Crowder,5,3
2021101000,2452,44817,Corey Davis,5,1
2021101000,2452,45555,Keelan Cole,5,1
2021101000,2474,42448,Jamison Crowder,5,0
2021101000,2474,52467,Denzel Mims,5,1
2021101000,2474,53463,Elijah Moore,5,0
2021101000,2576,43429,Tajae Sharpe,5,0
2021101000,2576,48374,Olamide Zaccheaus,5,0
2021101000,2598,43429,Tajae Sharpe,5,1
2021101000,2648,43429,Tajae Sharpe,5,3
2021101000,2722,43429,Tajae Sharpe,5,3
2021101000,2722,46394,Christian Blake,5,3
2021101000,2722,48374,Olamide Zaccheaus,5,3
2021101000,2837,42448,Jamison Crowder,5,0
2021101000,2837,44817,Corey Davis,5,3
2021101000,2837,53463,Elijah Moore,5,1
2021101000,2969,43429,Tajae Sharpe,5,3
2021101000,2969,48374,Olamide Zaccheaus,5,1
2021101000,3035,43429,Tajae Sharpe,5,3
2021101000,3035,48374,Olamide Zaccheaus,5,3
2021101000,3080,43429,Tajae Sharpe,5,3
2021101000,3080,48374,Olamide Zaccheaus,5,0
2021101000,3120,43429,Tajae Sharpe,5,3
2021101000,3120,48374,Olamide Zaccheaus,5,3
2021101000,3144,46394,Christian Blake,5,3
2021101000,3144,48374,Olamide Zaccheaus,5,3
2021101000,3187,42448,Jamison Crowder,5,3
2021101000,3187,44817,Corey Davis,5,3
2021101000,3187,45555,Keelan Cole,5,3
2021101000,3211,42448,Jamison Crowder,5,1
2021101000,3211,44817,Corey Davis,5,3
2021101000,3211,45555,Keelan Cole,5,0
2021101000,3235,42448,Jamison Crowder,5,0
2021101000,3235,44817,Corey Davis,5,0
2021101000,3235,45555,Keelan Cole,5,0
2021101000,3270,42448,Jamison Crowder,5,0
2021101000,3270,52467,Denzel Mims,5,3
2021101000,3270,53463,Elijah Moore,5,3
2021101000,3294,44817,Corey Davis,5,1
2021101000,3294,53463,Elijah Moore,5,0
2021101000,3361,42448,Jamison Crowder,5,3
2021101000,3361,44817,Corey Davis,5,3
2021101000,3361,45555,Keelan Cole,5,3
2021101000,3442,48374,Olamide Zaccheaus,5,3
2021101000,3500,48374,Olamide Zaccheaus,5,3
2021101000,3545,43429,Tajae Sharpe,5,0
2021101000,3545,48374,Olamide Zaccheaus,5,2
2021101000,3700,42448,Jamison Crowder,5,1
2021101000,3700,44817,Corey Davis,5,3
2021101000,3700,53463,Elijah Moore,5,3
2021101000,3765,42448,Jamison Crowder,5,3
2021101000,3765,44817,Corey Davis,5,3
2021101000,3765,45555,Keelan Cole,5,3
2021101000,3789,42448,Jamison Crowder,5,3
2021101000,3789,44817,Corey Davis,5,3
2021101000,3789,45555,Keelan Cole,5,3
2021101000,3814,42448,Jamison Crowder,5,3
2021101000,3814,44817,Corey Davis,5,3
2021101000,3814,45555,Keelan Cole,5,3
2021101000,3836,42448,Jamison Crowder,5,3
2021101000,3836,52467,Denzel Mims,5,3
2021101000,3836,53463,Elijah Moore,5,1
2021101000,3860,42448,Jamison Crowder,5,3
2021101000,3860,52467,Denzel Mims,5,3
2021101000,3860,53463,Elijah Moore,5,3
2021101000,3889,42448,Jamison Crowder,5,2
2021101000,3889,44817,Corey Davis,5,0
2021101000,3889,45555,Keelan Cole,5,0
2021101000,3911,44817,Corey Davis,5,0
2021101000,3911,45555,Keelan Cole,5,0
2021101000,3911,46279,Braxton Berrios,5,3
2021101000,3952,42448,Jamison Crowder,5,3
2021101000,3952,44817,Corey Davis,5,3
2021101000,3952,45555,Keelan Cole,5,3
2021101001,62,52429,Jalen Reagor,5,3
2021101001,62,52608,Quez Watkins,5,3
2021101001,62,53439,DeVonta Smith,5,3
2021101001,206,43808,Robby Anderson,5,3
2021101001,206,46093,D.J. Moore,5,3
2021101001,311,43808,Robby Anderson,5,3
2021101001,311,46093,D.J. Moore,5,3
2021101001,311,53488,Terrace Marshall,5,3
2021101001,345,43808,Robby Anderson,5,0
2021101001,345,46093,D.J. Moore,5,0
2021101001,345,53488,Terrace Marshall,5,0
2021101001,450,52429,Jalen Reagor,5,3
2021101001,450,52608,Quez Watkins,5,3
2021101001,450,53439,DeVonta Smith,5,3
2021101001,539,43808,Robby Anderson,5,1
2021101001,539,46093,D.J. Moore,5,3
2021101001,539,53488,Terrace Marshall,5,3
2021101001,613,45607,Greg Ward,5,1
2021101001,613,52429,Jalen Reagor,5,1
2021101001,613,53439,DeVonta Smith,5,0
2021101001,735,43808,Robby Anderson,5,3
2021101001,735,46093,D.J. Moore,5,3
2021101001,735,53488,Terrace Marshall,5,3
2021101001,806,43808,Robby Anderson,5,0
2021101001,806,46093,D.J. Moore,5,0
2021101001,806,53488,Terrace Marshall,5,0
2021101001,828,43808,Robby Anderson,5,3
2021101001,828,46093,D.J. Moore,5,3
2021101001,828,53488,Terrace Marshall,5,3
2021101001,873,43808,Robby Anderson,5,3
2021101001,873,46093,D.J. Moore,5,3
2021101001,873,53488,Terrace Marshall,5,3
2021101001,895,43808,Robby Anderson,5,3
2021101001,895,46093,D.J. Moore,5,3
2021101001,895,53488,Terrace Marshall,5,3
2021101001,973,52429,Jalen Reagor,5,3
2021101001,973,52608,Quez Watkins,5,3
2021101001,973,53439,DeVonta Smith,5,3
2021101001,997,52429,Jalen Reagor,5,3
2021101001,997,52608,Quez Watkins,5,3
2021101001,997,53439,DeVonta Smith,5,3
2021101001,1063,52608,Quez Watkins,5,3
2021101001,1063,53439,DeVonta Smith,5,3
2021101001,1184,43808,Robby Anderson,5,3
2021101001,1184,46093,D.J. Moore,5,3
2021101001,1229,43808,Robby Anderson,5,0
2021101001,1229,46093,D.J. Moore,5,0
2021101001,1229,53488,Terrace Marshall,5,0
2021101001,1251,43808,Robby Anderson,5,3
2021101001,1251,46093,D.J. Moore,5,3
2021101001,1251,53488,Terrace Marshall,5,3
2021101001,1313,52429,Jalen Reagor,5,3
2021101001,1313,52608,Quez Watkins,5,3
2021101001,1313,53439,DeVonta Smith,5,3
2021101001,1359,52429,Jalen Reagor,5,3
2021101001,1359,52608,Quez Watkins,5,3
2021101001,1359,53439,DeVonta Smith,5,3
2021101001,1383,45607,Greg Ward,5,1
2021101001,1383,52429,Jalen Reagor,5,0
2021101001,1383,53439,DeVonta Smith,5,0
2021101001,1429,45607,Greg Ward,5,1
2021101001,1429,52429,Jalen Reagor,5,3
2021101001,1429,53439,DeVonta Smith,5,0
2021101001,1556,52429,Jalen Reagor,5,0
2021101001,1556,53439,DeVonta Smith,5,0
2021101001,1602,52608,Quez Watkins,5,0
2021101001,1602,53439,DeVonta Smith,5,0
2021101001,1679,43808,Robby Anderson,5,0
2021101001,1679,44123,Brandon Zylstra,5,3
2021101001,1679,46093,D.J. Moore,5,0
2021101001,1974,43808,Robby Anderson,5,3
2021101001,1974,46093,D.J. Moore,5,3
2021101001,1974,53488,Terrace Marshall,5,3
2021101001,2019,43808,Robby Anderson,5,3
2021101001,2019,46093,D.J. Moore,5,3
2021101001,2019,53488,Terrace Marshall,5,3
2021101001,2095,52429,Jalen Reagor,5,3
2021101001,2095,52608,Quez Watkins,5,3
2021101001,2095,53439,DeVonta Smith,5,3
2021101001,2135,52429,Jalen Reagor,5,3
2021101001,2135,52608,Quez Watkins,5,0
2021101001,2135,53439,DeVonta Smith,5,0
2021101001,2176,45607,Greg Ward,5,0
2021101001,2176,52429,Jalen Reagor,5,0
2021101001,2176,53439,DeVonta Smith,5,0
2021101001,2209,45607,Greg Ward,5,3
2021101001,2209,52608,Quez Watkins,5,3
2021101001,2209,53439,DeVonta Smith,5,3
2021101001,2250,45607,Greg Ward,5,3
2021101001,2250,52608,Quez Watkins,5,3
2021101001,2250,53439,DeVonta Smith,5,3
2021101001,2330,43808,Robby Anderson,5,3
2021101001,2330,46093,D.J. Moore,5,3
2021101001,2330,53488,Terrace Marshall,5,3
2021101001,2391,43808,Robby Anderson,5,0
2021101001,2391,46093,D.J. Moore,5,0
2021101001,2415,43808,Robby Anderson,5,0
2021101001,2415,44123,Brandon Zylstra,5,0
2021101001,2415,53488,Terrace Marshall,5,0
2021101001,2437,43808,Robby Anderson,5,0
2021101001,2437,46093,D.J. Moore,5,0
2021101001,2437,53488,Terrace Marshall,5,0
2021101001,2540,52429,Jalen Reagor,5,3
2021101001,2540,52608,Quez Watkins,5,3
2021101001,2540,53439,DeVonta Smith,5,3
2021101001,2660,45607,Greg Ward,5,3
2021101001,2660,52608,Quez Watkins,5,3
2021101001,2660,53439,DeVonta Smith,5,0
2021101001,2747,43808,Robby Anderson,5,0
2021101001,2747,44123,Brandon Zylstra,5,3
2021101001,2747,46093,D.J. Moore,5,0
2021101001,2773,52429,Jalen Reagor,5,3
2021101001,2773,53439,DeVonta Smith,5,3
2021101001,2865,43808,Robby Anderson,5,3
2021101001,2865,46093,D.J. Moore,5,3
2021101001,2865,53488,Terrace Marshall,5,3
2021101001,2889,43808,Robby Anderson,5,3
2021101001,2889,46093,D.J. Moore,5,3
2021101001,2889,53488,Terrace Marshall,5,3
2021101001,2934,43808,Robby Anderson,5,3
2021101001,2934,46093,D.J. Moore,5,3
2021101001,2958,43808,Robby Anderson,5,0
2021101001,2958,46093,D.J. Moore,5,1
2021101001,2958,53488,Terrace Marshall,5,1
2021101001,3024,52429,Jalen Reagor,5,3
2021101001,3024,52608,Quez Watkins,5,3
2021101001,3024,53439,DeVonta Smith,5,3
2021101001,3095,52429,Jalen Reagor,5,3
2021101001,3095,52608,Quez Watkins,5,3
2021101001,3095,53439,DeVonta Smith,5,3
2021101001,3117,52429,Jalen Reagor,5,3
2021101001,3117,52608,Quez Watkins,5,0
2021101001,3117,53439,DeVonta Smith,5,3
2021101001,3316,43808,Robby Anderson,5,0
2021101001,3316,46093,D.J. Moore,5,0
2021101001,3316,53488,Terrace Marshall,5,3
2021101001,3389,43663,Alex Erickson,5,3
2021101001,3389,44123,Brandon Zylstra,5,3
2021101001,3597,52429,Jalen Reagor,5,3
2021101001,3597,52608,Quez Watkins,5,0
2021101001,3597,53439,DeVonta Smith,5,0
2021101001,3630,52429,Jalen Reagor,5,3
2021101001,3630,52608,Quez Watkins,5,3
2021101001,3630,53439,DeVonta Smith,5,3
2021101001,3707,52608,Quez Watkins,5,3
2021101001,3748,45607,Greg Ward,5,3
2021101001,3748,53439,DeVonta Smith,5,3
2021101001,3772,45607,Greg Ward,5,3
2021101001,3772,52429,Jalen Reagor,5,3
2021101001,3772,53439,DeVonta Smith,5,3
2021101001,3836,43808,Robby Anderson,5,3
2021101001,3836,46093,D.J. Moore,5,3
2021101001,3836,53488,Terrace Marshall,5,3
2021101001,3906,52429,Jalen Reagor,5,3
2021101001,3906,52608,Quez Watkins,5,3
2021101001,3906,53439,DeVonta Smith,5,3
2021101001,3974,45607,Greg Ward,5,1
2021101001,3974,52429,Jalen Reagor,5,3
2021101001,3974,53439,DeVonta Smith,5,3
2021101001,4003,43808,Robby Anderson,5,3
2021101001,4003,46093,D.J. Moore,5,3
2021101001,4003,53488,Terrace Marshall,5,3
2021101001,4025,43808,Robby Anderson,5,3
2021101001,4025,46093,D.J. Moore,5,3
2021101001,4025,53488,Terrace Marshall,5,3
2021101001,4070,43808,Robby Anderson,5,3
2021101001,4070,46093,D.J. Moore,5,0
2021101001,4070,53488,Terrace Marshall,5,0
2021101001,4094,43808,Robby Anderson,5,3
2021101001,4094,46093,D.J. Moore,5,3
2021101001,4094,53488,Terrace Marshall,5,3
2021101001,4116,43808,Robby Anderson,5,3
2021101001,4116,46093,D.J. Moore,5,3
2021101001,4116,53488,Terrace Marshall,5,3
2021101002,154,37139,Randall Cobb,5,1
2021101002,154,41282,Davante Adams,5,0
2021101002,154,46705,Allen Lazard,5,0
2021101002,176,37139,Randall Cobb,5,0
2021101002,176,41282,Davante Adams,5,0
2021101002,176,46705,Allen Lazard,5,0
2021101002,223,43344,Tyler Boyd,5,3
2021101002,223,52441,Tee Higgins,5,3
2021101002,223,53434,Ja'Marr Chase,5,3
2021101002,247,53434,Ja'Marr Chase,5,3
2021101002,317,37139,Randall Cobb,5,3
2021101002,317,41282,Davante Adams,5,3
2021101002,317,46705,Allen Lazard,5,3
2021101002,341,41282,Davante Adams,5,0
2021101002,341,46705,Allen Lazard,5,0
2021101002,341,53514,Amari Rodgers,5,0
2021101002,367,43344,Tyler Boyd,5,3
2021101002,367,52441,Tee Higgins,5,3
2021101002,367,53434,Ja'Marr Chase,5,3
2021101002,422,43344,Tyler Boyd,5,0
2021101002,422,52441,Tee Higgins,5,3
2021101002,422,53434,Ja'Marr Chase,5,3
2021101002,484,37139,Randall Cobb,5,3
2021101002,484,41282,Davante Adams,5,3
2021101002,484,46705,Allen Lazard,5,3
2021101002,506,37139,Randall Cobb,5,0
2021101002,506,41282,Davante Adams,5,0
2021101002,506,46705,Allen Lazard,5,1
2021101002,567,43344,Tyler Boyd,5,3
2021101002,567,52441,Tee Higgins,5,3
2021101002,567,53434,Ja'Marr Chase,5,3
2021101002,589,43344,Tyler Boyd,5,3
2021101002,589,52441,Tee Higgins,5,3
2021101002,589,53434,Ja'Marr Chase,5,3
2021101002,611,43344,Tyler Boyd,5,3
2021101002,611,52441,Tee Higgins,5,1
2021101002,611,53434,Ja'Marr Chase,5,3
2021101002,656,46322,Auden Tate,5,3
2021101002,656,53434,Ja'Marr Chase,5,3
2021101002,680,52441,Tee Higgins,5,1
2021101002,680,53434,Ja'Marr Chase,5,3
2021101002,704,43344,Tyler Boyd,5,3
2021101002,704,52441,Tee Higgins,5,3
2021101002,704,53434,Ja'Marr Chase,5,3
2021101002,728,43344,Tyler Boyd,5,3
2021101002,728,52441,Tee Higgins,5,1
2021101002,728,53434,Ja'Marr Chase,5,3
2021101002,752,43344,Tyler Boyd,5,3
2021101002,752,52441,Tee Higgins,5,3
2021101002,752,53434,Ja'Marr Chase,5,3
2021101002,808,37139,Randall Cobb,5,3
2021101002,808,41282,Davante Adams,5,3
2021101002,808,46705,Allen Lazard,5,3
2021101002,896,37139,Randall Cobb,5,0
2021101002,896,41282,Davante Adams,5,0
2021101002,896,46705,Allen Lazard,5,0
2021101002,920,46276,Equanimeous St. Brown,5,2
2021101002,920,46705,Allen Lazard,5,0
2021101002,968,37139,Randall Cobb,5,3
2021101002,968,41282,Davante Adams,5,3
2021101002,968,46705,Allen Lazard,5,3
2021101002,1024,43344,Tyler Boyd,5,3
2021101002,1024,52441,Tee Higgins,5,2
2021101002,1024,53434,Ja'Marr Chase,5,3
2021101002,1112,41282,Davante Adams,5,3
2021101002,1112,46705,Allen Lazard,5,3
2021101002,1141,37139,Randall Cobb,5,3
2021101002,1141,41282,Davante Adams,5,1
2021101002,1141,46276,Equanimeous St. Brown,5,0
2021101002,1233,37139,Randall Cobb,5,3
2021101002,1233,41282,Davante Adams,5,0
2021101002,1233,46705,Allen Lazard,5,3
2021101002,1315,43344,Tyler Boyd,5,3
2021101002,1315,52441,Tee Higgins,5,3
2021101002,1315,53434,Ja'Marr Chase,5,3
2021101002,1408,41282,Davante Adams,5,3
2021101002,1408,46705,Allen Lazard,5,3
2021101002,1437,37139,Randall Cobb,5,2
2021101002,1437,41282,Davante Adams,5,3
2021101002,1437,46705,Allen Lazard,5,3
2021101002,1482,41282,Davante Adams,5,3
2021101002,1482,46705,Allen Lazard,5,0
2021101002,1529,37139,Randall Cobb,5,3
2021101002,1529,46276,Equanimeous St. Brown,5,3
2021101002,1529,48624,Malik Taylor,5,3
2021101002,1575,41282,Davante Adams,5,3
2021101002,1575,46705,Allen Lazard,5,3
2021101002,1693,43344,Tyler Boyd,5,3
2021101002,1693,52441,Tee Higgins,5,3
2021101002,1693,53434,Ja'Marr Chase,5,3
2021101002,1717,43344,Tyler Boyd,5,0
2021101002,1717,52441,Tee Higgins,5,2
2021101002,1717,53434,Ja'Marr Chase,5,0
2021101002,1905,43344,Tyler Boyd,5,3
2021101002,1905,52441,Tee Higgins,5,3
2021101002,1905,53434,Ja'Marr Chase,5,3
2021101002,1929,46322,Auden Tate,5,1
2021101002,1957,41282,Davante Adams,5,1
2021101002,1957,46705,Allen Lazard,5,1
2021101002,2005,41282,Davante Adams,5,3
2021101002,2005,46705,Allen Lazard,5,3
2021101002,2076,37139,Randall Cobb,5,0
2021101002,2076,41282,Davante Adams,5,0
2021101002,2076,46705,Allen Lazard,5,0
2021101002,2168,41282,Davante Adams,5,1
2021101002,2168,46705,Allen Lazard,5,3
2021101002,2168,53514,Amari Rodgers,5,1
2021101002,2192,37139,Randall Cobb,5,3
2021101002,2192,41282,Davante Adams,5,3
2021101002,2192,46705,Allen Lazard,5,3
2021101002,2273,43344,Tyler Boyd,5,3
2021101002,2273,52441,Tee Higgins,5,3
2021101002,2273,53434,Ja'Marr Chase,5,3
2021101002,2318,43344,Tyler Boyd,5,3
2021101002,2318,48471,Trenton Irwin,5,3
2021101002,2318,53434,Ja'Marr Chase,5,3
2021101002,2340,43344,Tyler Boyd,5,3
2021101002,2340,52441,Tee Higgins,5,3
2021101002,2340,53434,Ja'Marr Chase,5,3
2021101002,2406,43344,Tyler Boyd,5,3
2021101002,2406,52441,Tee Higgins,5,0
2021101002,2406,53434,Ja'Marr Chase,5,3
2021101002,2452,43344,Tyler Boyd,5,1
2021101002,2452,52441,Tee Higgins,5,1
2021101002,2452,53434,Ja'Marr Chase,5,0
2021101002,2641,41282,Davante Adams,5,0
2021101002,2641,46705,Allen Lazard,5,3
2021101002,2641,53514,Amari Rodgers,5,2
2021101002,2728,37139,Randall Cobb,5,3
2021101002,2728,41282,Davante Adams,5,3
2021101002,2728,46705,Allen Lazard,5,3
2021101002,2866,43344,Tyler Boyd,5,3
2021101002,2866,52441,Tee Higgins,5,3
2021101002,2866,53434,Ja'Marr Chase,5,3
2021101002,2924,43344,Tyler Boyd,5,3
2021101002,2924,52441,Tee Higgins,5,3
2021101002,2924,53434,Ja'Marr Chase,5,3
2021101002,3011,48471,Trenton Irwin,5,3
2021101002,3011,53434,Ja'Marr Chase,5,0
2021101002,3033,43344,Tyler Boyd,5,3
2021101002,3033,52441,Tee Higgins,5,3
2021101002,3033,53434,Ja'Marr Chase,5,3
2021101002,3100,43344,Tyler Boyd,5,3
2021101002,3100,52441,Tee Higgins,5,3
2021101002,3100,53434,Ja'Marr Chase,5,3
2021101002,3188,41282,Davante Adams,5,0
2021101002,3188,46705,Allen Lazard,5,1
2021101002,3227,37139,Randall Cobb,5,3
2021101002,3227,41282,Davante Adams,5,3
2021101002,3227,46705,Allen Lazard,5,3
2021101002,3269,43344,Tyler Boyd,5,3
2021101002,3269,52441,Tee Higgins,5,3
2021101002,3269,53434,Ja'Marr Chase,5,3
2021101002,3331,43344,Tyler Boyd,5,3
2021101002,3331,52441,Tee Higgins,5,3
2021101002,3331,53434,Ja'Marr Chase,5,3
2021101002,3355,43344,Tyler Boyd,5,3
2021101002,3355,52441,Tee Higgins,5,3
2021101002,3355,53434,Ja'Marr Chase,5,3
2021101002,3377,43344,Tyler Boyd,5,3
2021101002,3377,52441,Tee Higgins,5,3
2021101002,3377,53434,Ja'Marr Chase,5,3
2021101002,3401,43344,Tyler Boyd,5,0
2021101002,3401,52441,Tee Higgins,5,0
2021101002,3401,53434,Ja'Marr Chase,5,3
2021101002,3423,43344,Tyler Boyd,5,3
2021101002,3423,52441,Tee Higgins,5,3
2021101002,3423,53434,Ja'Marr Chase,5,3
2021101002,3522,37139,Randall Cobb,5,3
2021101002,3522,41282,Davante Adams,5,3
2021101002,3522,46705,Allen Lazard,5,3
2021101002,3647,43344,Tyler Boyd,5,3
2021101002,3647,52441,Tee Higgins,5,3
2021101002,3647,53434,Ja'Marr Chase,5,3
2021101002,3806,43344,Tyler Boyd,5,3
2021101002,3806,48471,Trenton Irwin,5,1
2021101002,3806,53434,Ja'Marr Chase,5,3
2021101002,3935,37139,Randall Cobb,5,3
2021101002,3935,41282,Davante Adams,5,3
2021101002,3935,46705,Allen Lazard,5,3
2021101002,4043,37139,Randall Cobb,5,0
2021101002,4043,41282,Davante Adams,5,0
2021101002,4043,46705,Allen Lazard,5,0
2021101003,148,41246,Brandin Cooks,5,3
2021101003,148,42419,Chris Conley,5,3
2021101003,182,41246,Brandin Cooks,5,3
2021101003,182,42419,Chris Conley,5,3
2021101003,182,43396,Chris Moore,5,3
2021101003,318,41246,Brandin Cooks,5,0
2021101003,318,42419,Chris Conley,5,3
2021101003,399,41246,Brandin Cooks,5,3
2021101003,399,42419,Chris Conley,5,3
2021101003,399,43396,Chris Moore,5,3
2021101003,518,41246,Brandin Cooks,5,3
2021101003,616,42363,Nelson Agholor,5,3
2021101003,616,45185,Kendrick Bourne,5,3
2021101003,616,48097,Jakobi Meyers,5,3
2021101003,703,42363,Nelson Agholor,5,3
2021101003,703,45185,Kendrick Bourne,5,3
2021101003,703,48097,Jakobi Meyers,5,3
2021101003,846,41246,Brandin Cooks,5,3
2021101003,846,42419,Chris Conley,5,3
2021101003,846,43396,Chris Moore,5,3
2021101003,896,41246,Brandin Cooks,5,3
2021101003,896,42419,Chris Conley,5,1
2021101003,896,43396,Chris Moore,5,1
2021101003,1006,47815,N'Keal Harry,5,3
2021101003,1006,48097,Jakobi Meyers,5,3
2021101003,1051,42363,Nelson Agholor,5,3
2021101003,1051,45185,Kendrick Bourne,5,3
2021101003,1051,48097,Jakobi Meyers,5,3
2021101003,1075,42363,Nelson Agholor,5,3
2021101003,1075,48097,Jakobi Meyers,5,3
2021101003,1110,42363,Nelson Agholor,5,3
2021101003,1110,48097,Jakobi Meyers,5,3
2021101003,1236,41246,Brandin Cooks,5,3
2021101003,1236,42419,Chris Conley,5,3
2021101003,1236,43396,Chris Moore,5,3
2021101003,1414,41246,Brandin Cooks,5,0
2021101003,1414,42419,Chris Conley,5,0
2021101003,1459,41246,Brandin Cooks,5,3
2021101003,1459,42419,Chris Conley,5,3
2021101003,1459,43396,Chris Moore,5,3
2021101003,1481,41246,Brandin Cooks,5,3
2021101003,1481,42419,Chris Conley,5,3
2021101003,1481,43396,Chris Moore,5,3
2021101003,1505,41246,Brandin Cooks,5,1
2021101003,1505,42419,Chris Conley,5,0
2021101003,1505,43396,Chris Moore,5,3
2021101003,1546,41246,Brandin Cooks,5,3
2021101003,1546,42419,Chris Conley,5,3
2021101003,1546,43396,Chris Moore,5,1
2021101003,1753,42363,Nelson Agholor,5,3
2021101003,1753,45185,Kendrick Bourne,5,0
2021101003,1753,48097,Jakobi Meyers,5,0
2021101003,1777,42363,Nelson Agholor,5,0
2021101003,1777,45185,Kendrick Bourne,5,0
2021101003,1777,48097,Jakobi Meyers,5,0
2021101003,1801,42363,Nelson Agholor,5,3
2021101003,1801,45185,Kendrick Bourne,5,3
2021101003,1801,48097,Jakobi Meyers,5,3
2021101003,1829,42363,Nelson Agholor,5,3
2021101003,1829,45185,Kendrick Bourne,5,1
2021101003,1829,48097,Jakobi Meyers,5,3
2021101003,1874,42363,Nelson Agholor,5,3
2021101003,1874,45185,Kendrick Bourne,5,3
2021101003,1874,48097,Jakobi Meyers,5,3
2021101003,1896,42363,Nelson Agholor,5,0
2021101003,1896,45185,Kendrick Bourne,5,2
2021101003,1896,48097,Jakobi Meyers,5,0
2021101003,1920,42363,Nelson Agholor,5,3
2021101003,1920,45185,Kendrick Bourne,5,3
2021101003,1920,48097,Jakobi Meyers,5,3
2021101003,1966,42363,Nelson Agholor,5,1
2021101003,1966,45185,Kendrick Bourne,5,1
2021101003,1966,48097,Jakobi Meyers,5,3
2021101003,2089,42363,Nelson Agholor,5,0
2021101003,2089,48097,Jakobi Meyers,5,0
2021101003,2229,45185,Kendrick Bourne,5,3
2021101003,2229,47815,N'Keal Harry,5,0
2021101003,2229,48097,Jakobi Meyers,5,1
2021101003,2253,45185,Kendrick Bourne,5,0
2021101003,2253,47815,N'Keal Harry,5,0
2021101003,2253,48097,Jakobi Meyers,5,0
2021101003,2359,41246,Brandin Cooks,5,3
2021101003,2359,42419,Chris Conley,5,3
2021101003,2359,43396,Chris Moore,5,3
2021101003,2523,41246,Brandin Cooks,5,3
2021101003,2579,41246,Brandin Cooks,5,3
2021101003,2579,42419,Chris Conley,5,3
2021101003,2579,43396,Chris Moore,5,3
2021101003,2604,41246,Brandin Cooks,5,3
2021101003,2604,42419,Chris Conley,5,0
2021101003,2679,42363,Nelson Agholor,5,3
2021101003,2679,45185,Kendrick Bourne,5,3
2021101003,2679,48097,Jakobi Meyers,5,3
2021101003,2725,42363,Nelson Agholor,5,3
2021101003,2725,48097,Jakobi Meyers,5,1
2021101003,2906,41246,Brandin Cooks,5,3
2021101003,2906,42419,Chris Conley,5,3
2021101003,2906,43396,Chris Moore,5,3
2021101003,2972,41246,Brandin Cooks,5,3
2021101003,2972,42419,Chris Conley,5,3
2021101003,2994,41246,Brandin Cooks,5,3
2021101003,2994,42419,Chris Conley,5,1
2021101003,2994,43396,Chris Moore,5,0
2021101003,3076,42363,Nelson Agholor,5,3
2021101003,3076,48097,Jakobi Meyers,5,3
2021101003,3184,42363,Nelson Agholor,5,3
2021101003,3184,45185,Kendrick Bourne,5,3
2021101003,3184,48097,Jakobi Meyers,5,3
2021101003,3280,41246,Brandin Cooks,5,3
2021101003,3280,42419,Chris Conley,5,3
2021101003,3280,43396,Chris Moore,5,3
2021101003,3332,42363,Nelson Agholor,5,3
2021101003,3332,48097,Jakobi Meyers,5,3
2021101003,3420,42363,Nelson Agholor,5,3
2021101003,3420,45185,Kendrick Bourne,5,3
2021101003,3420,48097,Jakobi Meyers,5,3
2021101003,3449,45185,Kendrick Bourne,5,3
2021101003,3449,47815,N'Keal Harry,5,1
2021101003,3449,48097,Jakobi Meyers,5,1
2021101003,3525,42363,Nelson Agholor,5,3
2021101003,3525,45185,Kendrick Bourne,5,1
2021101003,3525,48097,Jakobi Meyers,5,3
2021101003,3549,47815,N'Keal Harry,5,0
2021101003,3549,48097,Jakobi Meyers,5,0
2021101003,3857,41246,Brandin Cooks,5,0
2021101003,3857,42419,Chris Conley,5,0
2021101003,3857,43396,Chris Moore,5,2
2021101003,3879,41246,Brandin Cooks,5,3
2021101003,3879,42419,Chris Conley,5,3
2021101003,3879,43396,Chris Moore,5,3
2021101004,77,38696,Marvin Jones,5,0
2021101004,77,52450,Laviska Shenault,5,1
2021101004,99,38696,Marvin Jones,5,0
2021101004,99,39954,Tavon Austin,5,0
2021101004,99,52450,Laviska Shenault,5,0
2021101004,314,47834,A.J. Brown,5,3
2021101004,391,44003,Marcus Johnson,5,3
2021101004,391,47834,A.J. Brown,5,3
2021101004,436,43556,Chester Rogers,5,3
2021101004,436,44003,Marcus Johnson,5,3
2021101004,436,47834,A.J. Brown,5,3
2021101004,479,38696,Marvin Jones,5,0
2021101004,479,52450,Laviska Shenault,5,0
2021101004,503,38696,Marvin Jones,5,0
2021101004,503,52450,Laviska Shenault,5,0
2021101004,538,38696,Marvin Jones,5,3
2021101004,538,39954,Tavon Austin,5,3
2021101004,538,44978,Jamal Agnew,5,3
2021101004,585,38696,Marvin Jones,5,3
2021101004,585,44978,Jamal Agnew,5,3
2021101004,585,52450,Laviska Shenault,5,3
2021101004,676,44003,Marcus Johnson,5,1
2021101004,676,47834,A.J. Brown,5,1
2021101004,698,43556,Chester Rogers,5,3
2021101004,698,44003,Marcus Johnson,5,3
2021101004,698,47834,A.J. Brown,5,3
2021101004,727,44003,Marcus Johnson,5,0
2021101004,727,46836,Cameron Batson,5,3
2021101004,727,47834,A.J. Brown,5,0
2021101004,770,43556,Chester Rogers,5,3
2021101004,770,44003,Marcus Johnson,5,3
2021101004,770,44930,Josh Reynolds,5,3
2021101004,845,43556,Chester Rogers,5,3
2021101004,845,44003,Marcus Johnson,5,3
2021101004,845,47834,A.J. Brown,5,3
2021101004,869,47834,A.J. Brown,5,3
2021101004,1035,38696,Marvin Jones,5,3
2021101004,1035,44978,Jamal Agnew,5,3
2021101004,1035,52450,Laviska Shenault,5,3
2021101004,1059,38696,Marvin Jones,5,3
2021101004,1059,39954,Tavon Austin,5,3
2021101004,1059,44978,Jamal Agnew,5,1
2021101004,1083,38696,Marvin Jones,5,0
2021101004,1083,39954,Tavon Austin,5,0
2021101004,1233,44003,Marcus Johnson,5,0
2021101004,1233,47834,A.J. Brown,5,0
2021101004,1397,44930,Josh Reynolds,5,3
2021101004,1397,47834,A.J. Brown,5,3
2021101004,1547,38696,Marvin Jones,5,3
2021101004,1547,44978,Jamal Agnew,5,3
2021101004,1547,52450,Laviska Shenault,5,3
2021101004,1590,38696,Marvin Jones,5,3
2021101004,1590,44978,Jamal Agnew,5,3
2021101004,1590,52450,Laviska Shenault,5,3
2021101004,1708,43556,Chester Rogers,5,3
2021101004,1708,44003,Marcus Johnson,5,3
2021101004,1708,47834,A.J. Brown,5,3
2021101004,1732,43556,Chester Rogers,5,3
2021101004,1732,44003,Marcus Johnson,5,3
2021101004,1732,47834,A.J. Brown,5,3
2021101004,1754,43556,Chester Rogers,5,3
2021101004,1754,44930,Josh Reynolds,5,1
2021101004,1754,47834,A.J. Brown,5,1
2021101004,1794,43556,Chester Rogers,5,3
2021101004,1794,44930,Josh Reynolds,5,3
2021101004,1794,47834,A.J. Brown,5,3
2021101004,1857,38696,Marvin Jones,5,0
2021101004,1857,44978,Jamal Agnew,5,1
2021101004,1857,52450,Laviska Shenault,5,0
2021101004,1917,38696,Marvin Jones,5,0
2021101004,1917,39954,Tavon Austin,5,3
2021101004,1917,52450,Laviska Shenault,5,1
2021101004,2089,43556,Chester Rogers,5,3
2021101004,2089,44003,Marcus Johnson,5,3
2021101004,2089,47834,A.J. Brown,5,3
2021101004,2176,43556,Chester Rogers,5,1
2021101004,2176,44003,Marcus Johnson,5,3
2021101004,2176,47834,A.J. Brown,5,3
2021101004,2231,44003,Marcus Johnson,5,1
2021101004,2231,47834,A.J. Brown,5,0
2021101004,2552,43556,Chester Rogers,5,3
2021101004,2552,44003,Marcus Johnson,5,3
2021101004,2552,44930,Josh Reynolds,5,1
2021101004,2574,43556,Chester Rogers,5,0
2021101004,2574,44003,Marcus Johnson,5,0
2021101004,2574,47834,A.J. Brown,5,0
2021101004,2784,38696,Marvin Jones,5,0
2021101004,2784,52450,Laviska Shenault,5,1
2021101004,2956,38696,Marvin Jones,5,1
2021101004,2956,52450,Laviska Shenault,5,3
2021101004,3014,38696,Marvin Jones,5,3
2021101004,3014,44978,Jamal Agnew,5,2
2021101004,3014,52450,Laviska Shenault,5,1
2021101004,3043,44003,Marcus Johnson,5,3
2021101004,3043,47834,A.J. Brown,5,0
2021101004,3129,38696,Marvin Jones,5,0
2021101004,3129,44978,Jamal Agnew,5,0
2021101004,3129,52450,Laviska Shenault,5,0
2021101004,3157,38696,Marvin Jones,5,3
2021101004,3207,38696,Marvin Jones,5,3
2021101004,3207,44978,Jamal Agnew,5,3
2021101004,3207,52450,Laviska Shenault,5,3
2021101004,3239,38696,Marvin Jones,5,3
2021101004,3239,52450,Laviska Shenault,5,3
2021101004,3261,38696,Marvin Jones,5,3
2021101004,3261,39954,Tavon Austin,5,3
2021101004,3261,44978,Jamal Agnew,5,3
2021101004,3472,43556,Chester Rogers,5,3
2021101004,3472,44003,Marcus Johnson,5,3
2021101004,3472,47834,A.J. Brown,5,3
2021101004,3515,38696,Marvin Jones,5,0
2021101004,3515,44978,Jamal Agnew,5,0
2021101004,3515,52450,Laviska Shenault,5,0
2021101004,3548,38696,Marvin Jones,5,3
2021101004,3548,39954,Tavon Austin,5,3
2021101004,3548,44978,Jamal Agnew,5,3
2021101004,3616,38696,Marvin Jones,5,1
2021101004,3616,39954,Tavon Austin,5,3
2021101004,3616,44978,Jamal Agnew,5,0
2021101004,3640,38696,Marvin Jones,5,3
2021101004,3640,39954,Tavon Austin,5,3
2021101004,3640,52450,Laviska Shenault,5,1
2021101004,3885,38696,Marvin Jones,5,3
2021101004,3885,39954,Tavon Austin,5,3
2021101004,3885,44978,Jamal Agnew,5,3
2021101004,3914,38696,Marvin Jones,5,3
2021101004,3914,39954,Tavon Austin,5,3
2021101004,3914,44978,Jamal Agnew,5,3
2021101004,3956,39954,Tavon Austin,5,0
2021101004,3956,44978,Jamal Agnew,5,0
2021101004,3956,52450,Laviska Shenault,5,3
2021101004,3997,39954,Tavon Austin,5,3
2021101004,3997,44978,Jamal Agnew,5,3
2021101004,3997,52450,Laviska Shenault,5,3
2021101004,4067,38696,Marvin Jones,5,3
2021101004,4067,44978,Jamal Agnew,5,3
2021101004,4067,52450,Laviska Shenault,5,3
2021101004,4089,38696,Marvin Jones,5,3
2021101004,4089,39954,Tavon Austin,5,3
2021101004,4089,44978,Jamal Agnew,5,3
2021101005,101,43584,Kalif Raymond,5,3
2021101005,101,52574,Quintez Cephus,5,3
2021101005,101,53541,Amon-Ra St. Brown,5,3
2021101005,167,46992,KhaDarel Hodge,5,3
2021101005,167,48053,Trinity Benson,5,3
2021101005,201,43584,Kalif Raymond,5,3
2021101005,201,52574,Quintez Cephus,5,3
2021101005,201,53541,Amon-Ra St. Brown,5,3
2021101005,225,43584,Kalif Raymond,5,3
2021101005,225,52574,Quintez Cephus,5,3
2021101005,225,53541,Amon-Ra St. Brown,5,3
2021101005,268,46992,KhaDarel Hodge,5,3
2021101005,268,52574,Quintez Cephus,5,3
2021101005,268,53541,Amon-Ra St. Brown,5,3
2021101005,330,40488,Adam Thielen,5,3
2021101005,330,52430,Justin Jefferson,5,1
2021101005,330,52584,K.J. Osborn,5,1
2021101005,378,40488,Adam Thielen,5,3
2021101005,378,44923,Dede Westbrook,5,3
2021101005,378,52430,Justin Jefferson,5,3
2021101005,378,52584,K.J. Osborn,5,3
2021101005,402,52430,Justin Jefferson,5,3
2021101005,445,40488,Adam Thielen,5,3
2021101005,445,44923,Dede Westbrook,5,3
2021101005,445,52430,Justin Jefferson,5,3
2021101005,445,52584,K.J. Osborn,5,3
2021101005,495,40488,Adam Thielen,5,3
2021101005,495,52430,Justin Jefferson,5,3
2021101005,495,52584,K.J. Osborn,5,3
2021101005,519,40488,Adam Thielen,5,1
2021101005,519,44923,Dede Westbrook,5,0
2021101005,519,52430,Justin Jefferson,5,1
2021101005,519,52584,K.J. Osborn,5,0
2021101005,575,43584,Kalif Raymond,5,0
2021101005,575,52574,Quintez Cephus,5,1
2021101005,620,43584,Kalif Raymond,5,3
2021101005,620,52574,Quintez Cephus,5,3
2021101005,620,53541,Amon-Ra St. Brown,5,3
2021101005,716,46992,KhaDarel Hodge,5,1
2021101005,716,48053,Trinity Benson,5,0
2021101005,918,40488,Adam Thielen,5,3
2021101005,918,52430,Justin Jefferson,5,3
2021101005,918,52584,K.J. Osborn,5,3
2021101005,940,40488,Adam Thielen,5,3
2021101005,940,52430,Justin Jefferson,5,3
2021101005,940,52584,K.J. Osborn,5,3
2021101005,964,40488,Adam Thielen,5,3
2021101005,964,52430,Justin Jefferson,5,3
2021101005,1044,40488,Adam Thielen,5,3
2021101005,1044,52430,Justin Jefferson,5,3
2021101005,1106,40488,Adam Thielen,5,3
2021101005,1106,44923,Dede Westbrook,5,1
2021101005,1106,52430,Justin Jefferson,5,3
2021101005,1106,52584,K.J. Osborn,5,0
2021101005,1185,43584,Kalif Raymond,5,3
2021101005,1185,52574,Quintez Cephus,5,2
2021101005,1185,53541,Amon-Ra St. Brown,5,3
2021101005,1256,43584,Kalif Raymond,5,3
2021101005,1256,52574,Quintez Cephus,5,3
2021101005,1256,53541,Amon-Ra St. Brown,5,3
2021101005,1341,40488,Adam Thielen,5,3
2021101005,1341,52430,Justin Jefferson,5,3
2021101005,1341,52584,K.J. Osborn,5,3
2021101005,1396,40488,Adam Thielen,5,3
2021101005,1396,52430,Justin Jefferson,5,1
2021101005,1396,52584,K.J. Osborn,5,3
2021101005,1420,40488,Adam Thielen,5,0
2021101005,1420,52430,Justin Jefferson,5,3
2021101005,1420,52584,K.J. Osborn,5,3
2021101005,1476,40488,Adam Thielen,5,3
2021101005,1476,52430,Justin Jefferson,5,3
2021101005,1476,52584,K.J. Osborn,5,3
2021101005,1532,43584,Kalif Raymond,5,3
2021101005,1532,52574,Quintez Cephus,5,3
2021101005,1573,43584,Kalif Raymond,5,3
2021101005,1573,52574,Quintez Cephus,5,3
2021101005,1573,53541,Amon-Ra St. Brown,5,3
2021101005,1597,43584,Kalif Raymond,5,3
2021101005,1597,48053,Trinity Benson,5,3
2021101005,1597,52574,Quintez Cephus,5,3
2021101005,1669,48053,Trinity Benson,5,3
2021101005,1669,52574,Quintez Cephus,5,3
2021101005,1701,43584,Kalif Raymond,5,3
2021101005,1701,46992,KhaDarel Hodge,5,3
2021101005,1701,53541,Amon-Ra St. Brown,5,3
2021101005,1723,43584,Kalif Raymond,5,3
2021101005,1723,46992,KhaDarel Hodge,5,3
2021101005,1723,53541,Amon-Ra St. Brown,5,3
2021101005,1745,43584,Kalif Raymond,5,3
2021101005,1745,46992,KhaDarel Hodge,5,3
2021101005,1745,53541,Amon-Ra St. Brown,5,3
2021101005,2019,43584,Kalif Raymond,5,3
2021101005,2019,46992,KhaDarel Hodge,5,3
2021101005,2019,53541,Amon-Ra St. Brown,5,3
2021101005,2132,40488,Adam Thielen,5,3
2021101005,2132,52430,Justin Jefferson,5,3
2021101005,2321,43584,Kalif Raymond,5,0
2021101005,2321,46992,KhaDarel Hodge,5,0
2021101005,2321,53541,Amon-Ra St. Brown,5,3
2021101005,2343,46992,KhaDarel Hodge,5,3
2021101005,2343,48053,Trinity Benson,5,3
2021101005,2343,53541,Amon-Ra St. Brown,5,3
2021101005,2384,40488,Adam Thielen,5,3
2021101005,2384,52430,Justin Jefferson,5,3
2021101005,2434,40488,Adam Thielen,5,1
2021101005,2434,52430,Justin Jefferson,5,1
2021101005,2456,40488,Adam Thielen,5,3
2021101005,2456,44923,Dede Westbrook,5,1
2021101005,2456,52430,Justin Jefferson,5,1
2021101005,2456,52584,K.J. Osborn,5,3
2021101005,2612,43584,Kalif Raymond,5,3
2021101005,2612,46992,KhaDarel Hodge,5,3
2021101005,2612,53541,Amon-Ra St. Brown,5,3
2021101005,2682,40488,Adam Thielen,5,3
2021101005,2682,52430,Justin Jefferson,5,3
2021101005,2746,46992,KhaDarel Hodge,5,0
2021101005,2746,48053,Trinity Benson,5,0
2021101005,2779,46992,KhaDarel Hodge,5,3
2021101005,2779,48053,Trinity Benson,5,3
2021101005,2910,40488,Adam Thielen,5,3
2021101005,2910,52430,Justin Jefferson,5,1
2021101005,2968,40488,Adam Thielen,5,3
2021101005,2968,52430,Justin Jefferson,5,0
2021101005,2968,52584,K.J. Osborn,5,1
2021101005,3029,40488,Adam Thielen,5,3
2021101005,3029,52430,Justin Jefferson,5,3
2021101005,3029,52584,K.J. Osborn,5,3
2021101005,3114,40488,Adam Thielen,5,1
2021101005,3114,52430,Justin Jefferson,5,0
2021101005,3114,52584,K.J. Osborn,5,3
2021101005,3136,40488,Adam Thielen,5,3
2021101005,3136,44923,Dede Westbrook,5,3
2021101005,3136,52430,Justin Jefferson,5,3
2021101005,3136,52584,K.J. Osborn,5,3
2021101005,3194,43584,Kalif Raymond,5,3
2021101005,3194,46992,KhaDarel Hodge,5,3
2021101005,3194,53541,Amon-Ra St. Brown,5,3
2021101005,3229,43584,Kalif Raymond,5,3
2021101005,3229,46992,KhaDarel Hodge,5,3
2021101005,3229,53541,Amon-Ra St. Brown,5,3
2021101005,3253,43584,Kalif Raymond,5,3
2021101005,3253,46992,KhaDarel Hodge,5,3
2021101005,3253,53541,Amon-Ra St. Brown,5,3
2021101005,3275,43584,Kalif Raymond,5,3
2021101005,3275,46992,KhaDarel Hodge,5,3
2021101005,3275,53541,Amon-Ra St. Brown,5,3
2021101005,3447,40488,Adam Thielen,5,0
2021101005,3447,52430,Justin Jefferson,5,1
2021101005,3489,43584,Kalif Raymond,5,3
2021101005,3489,46992,KhaDarel Hodge,5,3
2021101005,3489,53541,Amon-Ra St. Brown,5,3
2021101005,3513,43584,Kalif Raymond,5,3
2021101005,3513,46992,KhaDarel Hodge,5,3
2021101005,3513,53541,Amon-Ra St. Brown,5,3
2021101005,3542,43584,Kalif Raymond,5,3
2021101005,3542,46992,KhaDarel Hodge,5,3
2021101005,3542,53541,Amon-Ra St. Brown,5,3
2021101005,3564,43584,Kalif Raymond,5,3
2021101005,3564,48053,Trinity Benson,5,3
2021101005,3564,53541,Amon-Ra St. Brown,5,3
2021101005,3808,43584,Kalif Raymond,5,3
2021101005,3808,46992,KhaDarel Hodge,5,3
2021101005,3808,53541,Amon-Ra St. Brown,5,3
2021101005,3854,46992,KhaDarel Hodge,5,1
2021101005,3854,48053,Trinity Benson,5,1
2021101005,3854,53541,Amon-Ra St. Brown,5,1
2021101005,3890,40488,Adam Thielen,5,3
2021101005,3890,44923,Dede Westbrook,5,3
2021101005,3890,52430,Justin Jefferson,5,3
2021101005,3890,52584,K.J. Osborn,5,3
2021101005,3931,40488,Adam Thielen,5,3
2021101005,3931,44923,Dede Westbrook,5,3
2021101005,3931,52430,Justin Jefferson,5,3
2021101005,3931,52584,K.J. Osborn,5,3
2021101005,3972,40488,Adam Thielen,5,3
2021101005,3972,44923,Dede Westbrook,5,3
2021101005,3972,52430,Justin Jefferson,5,0
2021101005,3972,52584,K.J. Osborn,5,3
2021101006,115,44874,JuJu Smith-Schuster,5,3
2021101006,115,47849,Diontae Johnson,5,3
2021101006,115,52457,Chase Claypool,5,3
2021101006,170,47849,Diontae Johnson,5,1
2021101006,192,44874,JuJu Smith-Schuster,5,3
2021101006,192,47849,Diontae Johnson,5,3
2021101006,192,52457,Chase Claypool,5,1
2021101006,313,45267,Tim Patrick,5,3
2021101006,313,46109,Courtland Sutton,5,3
2021101006,313,52766,Kendall Hinton,5,3
2021101006,398,44874,JuJu Smith-Schuster,5,3
2021101006,398,47849,Diontae Johnson,5,3
2021101006,398,52457,Chase Claypool,5,3
2021101006,425,46256,Ray-Ray McCloud,5,3
2021101006,425,52457,Chase Claypool,5,3
2021101006,472,44874,JuJu Smith-Schuster,5,3
2021101006,472,47849,Diontae Johnson,5,3
2021101006,472,52457,Chase Claypool,5,3
2021101006,653,45267,Tim Patrick,5,3
2021101006,653,46109,Courtland Sutton,5,3
2021101006,653,52766,Kendall Hinton,5,3
2021101006,756,44874,JuJu Smith-Schuster,5,3
2021101006,756,47849,Diontae Johnson,5,3
2021101006,756,52457,Chase Claypool,5,3
2021101006,878,44874,JuJu Smith-Schuster,5,3
2021101006,878,47849,Diontae Johnson,5,3
2021101006,878,52457,Chase Claypool,5,3
2021101006,900,44874,JuJu Smith-Schuster,5,3
2021101006,900,47849,Diontae Johnson,5,3
2021101006,900,52457,Chase Claypool,5,3
2021101006,992,45267,Tim Patrick,5,3
2021101006,992,46109,Courtland Sutton,5,3
2021101006,1014,45267,Tim Patrick,5,3
2021101006,1014,46109,Courtland Sutton,5,3
2021101006,1114,44874,JuJu Smith-Schuster,5,3
2021101006,1114,47849,Diontae Johnson,5,3
2021101006,1114,52457,Chase Claypool,5,3
2021101006,1188,45267,Tim Patrick,5,0
2021101006,1188,46109,Courtland Sutton,5,0
2021101006,1389,47849,Diontae Johnson,5,3
2021101006,1389,52457,Chase Claypool,5,3
2021101006,1480,46256,Ray-Ray McCloud,5,0
2021101006,1480,47849,Diontae Johnson,5,3
2021101006,1480,52793,Cody White,5,0
2021101006,1502,46256,Ray-Ray McCloud,5,3
2021101006,1502,47849,Diontae Johnson,5,3
2021101006,1502,52457,Chase Claypool,5,3
2021101006,1609,45039,David Moore,5,3
2021101006,1609,45267,Tim Patrick,5,3
2021101006,1609,46109,Courtland Sutton,5,3
2021101006,1703,45039,David Moore,5,3
2021101006,1703,45267,Tim Patrick,5,3
2021101006,1703,46109,Courtland Sutton,5,3
2021101006,1729,45039,David Moore,5,3
2021101006,1729,45267,Tim Patrick,5,3
2021101006,1729,46109,Courtland Sutton,5,3
2021101006,1774,45267,Tim Patrick,5,0
2021101006,1774,46109,Courtland Sutton,5,0
2021101006,1774,52766,Kendall Hinton,5,0
2021101006,1912,46256,Ray-Ray McCloud,5,3
2021101006,1912,47849,Diontae Johnson,5,3
2021101006,1912,52793,Cody White,5,3
2021101006,2026,45267,Tim Patrick,5,3
2021101006,2026,46109,Courtland Sutton,5,3
2021101006,2076,45267,Tim Patrick,5,0
2021101006,2076,46109,Courtland Sutton,5,0
2021101006,2121,45267,Tim Patrick,5,3
2021101006,2121,52660,Tyrie Cleveland,5,3
2021101006,2121,52766,Kendall Hinton,5,3
2021101006,2192,45267,Tim Patrick,5,3
2021101006,2192,46109,Courtland Sutton,5,3
2021101006,2192,52766,Kendall Hinton,5,3
2021101006,2328,46256,Ray-Ray McCloud,5,3
2021101006,2328,47849,Diontae Johnson,5,3
2021101006,2328,52793,Cody White,5,3
2021101006,2352,46256,Ray-Ray McCloud,5,3
2021101006,2352,47849,Diontae Johnson,5,3
2021101006,2352,52457,Chase Claypool,5,3
2021101006,2397,46256,Ray-Ray McCloud,5,1
2021101006,2397,47849,Diontae Johnson,5,0
2021101006,2397,52793,Cody White,5,1
2021101006,2419,46256,Ray-Ray McCloud,5,3
2021101006,2419,47849,Diontae Johnson,5,3
2021101006,2419,52457,Chase Claypool,5,3
2021101006,2506,46256,Ray-Ray McCloud,5,3
2021101006,2506,47849,Diontae Johnson,5,3
2021101006,2506,52457,Chase Claypool,5,3
2021101006,2562,47849,Diontae Johnson,5,3
2021101006,2562,52457,Chase Claypool,5,3
2021101006,2588,47849,Diontae Johnson,5,3
2021101006,2588,52457,Chase Claypool,5,3
2021101006,2631,46256,Ray-Ray McCloud,5,3
2021101006,2631,47849,Diontae Johnson,5,3
2021101006,2631,52457,Chase Claypool,5,3
2021101006,2687,45267,Tim Patrick,5,3
2021101006,2687,46109,Courtland Sutton,5,3
2021101006,2751,45267,Tim Patrick,5,3
2021101006,2751,46109,Courtland Sutton,5,3
2021101006,2751,52766,Kendall Hinton,5,3
2021101006,2794,45267,Tim Patrick,5,3
2021101006,2794,46109,Courtland Sutton,5,3
2021101006,2794,52766,Kendall Hinton,5,3
2021101006,2864,45267,Tim Patrick,5,3
2021101006,2864,46109,Courtland Sutton,5,3
2021101006,2864,52766,Kendall Hinton,5,3
2021101006,2898,45267,Tim Patrick,5,3
2021101006,2898,46109,Courtland Sutton,5,3
2021101006,2898,52766,Kendall Hinton,5,3
2021101006,2922,45267,Tim Patrick,5,3
2021101006,2922,46109,Courtland Sutton,5,3
2021101006,2922,52766,Kendall Hinton,5,3
2021101006,2946,45267,Tim Patrick,5,3
2021101006,2946,46109,Courtland Sutton,5,3
2021101006,2946,52766,Kendall Hinton,5,3
2021101006,3060,45267,Tim Patrick,5,3
2021101006,3060,46109,Courtland Sutton,5,1
2021101006,3060,52766,Kendall Hinton,5,1
2021101006,3197,46256,Ray-Ray McCloud,5,3
2021101006,3197,47849,Diontae Johnson,5,3
2021101006,3197,52457,Chase Claypool,5,3
2021101006,3273,45267,Tim Patrick,5,3
2021101006,3273,46109,Courtland Sutton,5,3
2021101006,3273,52766,Kendall Hinton,5,3
2021101006,3297,45267,Tim Patrick,5,3
2021101006,3297,46109,Courtland Sutton,5,3
2021101006,3297,52766,Kendall Hinton,5,3
2021101006,3342,46109,Courtland Sutton,5,3
2021101006,3342,52660,Tyrie Cleveland,5,3
2021101006,3342,52766,Kendall Hinton,5,3
2021101006,3613,45267,Tim Patrick,5,3
2021101006,3613,46109,Courtland Sutton,5,3
2021101006,3613,52766,Kendall Hinton,5,3
2021101006,3639,45267,Tim Patrick,5,3
2021101006,3639,46109,Courtland Sutton,5,3
2021101006,3639,52766,Kendall Hinton,5,3
2021101006,3663,45267,Tim Patrick,5,3
2021101006,3663,46109,Courtland Sutton,5,3
2021101006,3663,52766,Kendall Hinton,5,3
2021101006,3704,45267,Tim Patrick,5,0
2021101006,3704,46109,Courtland Sutton,5,1
2021101006,3704,52766,Kendall Hinton,5,0
2021101006,3728,45267,Tim Patrick,5,3
2021101006,3728,46109,Courtland Sutton,5,3
2021101006,3728,52766,Kendall Hinton,5,3
2021101006,3752,45267,Tim Patrick,5,3
2021101006,3752,46109,Courtland Sutton,5,3
2021101006,3752,52766,Kendall Hinton,5,3
2021101006,3774,45267,Tim Patrick,5,3
2021101006,3774,52660,Tyrie Cleveland,5,3
2021101006,3774,52766,Kendall Hinton,5,3
2021101006,3798,45267,Tim Patrick,5,1
2021101006,3798,52660,Tyrie Cleveland,5,3
2021101006,3798,52766,Kendall Hinton,5,0
2021101006,3825,42051,Diontae Spencer,5,3
2021101006,3825,45267,Tim Patrick,5,3
2021101006,3825,46109,Courtland Sutton,5,3
2021101006,3849,42051,Diontae Spencer,5,3
2021101006,3849,45267,Tim Patrick,5,3
2021101006,3849,46109,Courtland Sutton,5,3
2021101006,3876,45267,Tim Patrick,5,3
2021101006,3876,46109,Courtland Sutton,5,3
2021101006,3876,52766,Kendall Hinton,5,3
2021101007,77,48480,Preston Williams,5,0
2021101007,77,53435,Jaylen Waddle,5,0
2021101007,106,48480,Preston Williams,5,3
2021101007,106,53435,Jaylen Waddle,5,3
2021101007,195,48480,Preston Williams,5,3
2021101007,195,53435,Jaylen Waddle,5,3
2021101007,295,41506,Albert Wilson,5,1
2021101007,295,53435,Jaylen Waddle,5,3
2021101007,394,35634,Antonio Brown,5,3
2021101007,394,41233,Mike Evans,5,1
2021101007,394,44896,Chris Godwin,5,3
2021101007,418,41233,Mike Evans,5,0
2021101007,418,44896,Chris Godwin,5,0
2021101007,470,35634,Antonio Brown,5,0
2021101007,470,41233,Mike Evans,5,0
2021101007,470,44896,Chris Godwin,5,0
2021101007,522,35634,Antonio Brown,5,1
2021101007,522,41233,Mike Evans,5,3
2021101007,522,44896,Chris Godwin,5,0
2021101007,544,35634,Antonio Brown,5,3
2021101007,544,41233,Mike Evans,5,3
2021101007,544,44896,Chris Godwin,5,3
2021101007,600,48480,Preston Williams,5,1
2021101007,600,53435,Jaylen Waddle,5,0
2021101007,669,41506,Albert Wilson,5,3
2021101007,669,44931,Mack Hollins,5,3
2021101007,767,48480,Preston Williams,5,3
2021101007,767,53435,Jaylen Waddle,5,3
2021101007,791,48480,Preston Williams,5,3
2021101007,791,53435,Jaylen Waddle,5,3
2021101007,864,35634,Antonio Brown,5,3
2021101007,864,41233,Mike Evans,5,3
2021101007,864,52569,Tyler Johnson,5,3
2021101007,935,35634,Antonio Brown,5,1
2021101007,935,41233,Mike Evans,5,3
2021101007,935,52569,Tyler Johnson,5,3
2021101007,957,41233,Mike Evans,5,3
2021101007,957,44896,Chris Godwin,5,3
2021101007,957,52569,Tyler Johnson,5,3
2021101007,986,35634,Antonio Brown,5,3
2021101007,986,41233,Mike Evans,5,3
2021101007,986,44896,Chris Godwin,5,3
2021101007,986,52569,Tyler Johnson,5,3
2021101007,1063,41233,Mike Evans,5,3
2021101007,1063,44896,Chris Godwin,5,3
2021101007,1063,52569,Tyler Johnson,5,3
2021101007,1138,48480,Preston Williams,5,3
2021101007,1138,53435,Jaylen Waddle,5,3
2021101007,1183,41506,Albert Wilson,5,3
2021101007,1183,48480,Preston Williams,5,3
2021101007,1183,53435,Jaylen Waddle,5,3
2021101007,1268,35634,Antonio Brown,5,3
2021101007,1268,41233,Mike Evans,5,1
2021101007,1268,52569,Tyler Johnson,5,3
2021101007,1335,45050,Isaiah Ford,5,3
2021101007,1335,48480,Preston Williams,5,3
2021101007,1335,53435,Jaylen Waddle,5,2
2021101007,1359,48480,Preston Williams,5,3
2021101007,1359,53435,Jaylen Waddle,5,1
2021101007,1381,44931,Mack Hollins,5,3
2021101007,1381,48480,Preston Williams,5,3
2021101007,1381,53435,Jaylen Waddle,5,3
2021101007,1434,41506,Albert Wilson,5,3
2021101007,1434,48480,Preston Williams,5,3
2021101007,1458,41506,Albert Wilson,5,3
2021101007,1458,44931,Mack Hollins,5,3
2021101007,1458,53435,Jaylen Waddle,5,3
2021101007,1560,35634,Antonio Brown,5,3
2021101007,1560,41233,Mike Evans,5,3
2021101007,1560,44896,Chris Godwin,5,3
2021101007,1589,41233,Mike Evans,5,0
2021101007,1589,44896,Chris Godwin,5,0
2021101007,1611,35634,Antonio Brown,5,3
2021101007,1611,44896,Chris Godwin,5,1
2021101007,1611,52569,Tyler Johnson,5,3
2021101007,1635,35634,Antonio Brown,5,3
2021101007,1635,41233,Mike Evans,5,3
2021101007,1635,44896,Chris Godwin,5,3
2021101007,1657,35634,Antonio Brown,5,3
2021101007,1657,41233,Mike Evans,5,3
2021101007,1657,44896,Chris Godwin,5,3
2021101007,1657,52569,Tyler Johnson,5,3
2021101007,1681,41233,Mike Evans,5,0
2021101007,1681,44896,Chris Godwin,5,0
2021101007,1726,35634,Antonio Brown,5,3
2021101007,1726,41233,Mike Evans,5,3
2021101007,1726,52569,Tyler Johnson,5,3
2021101007,1755,35634,Antonio Brown,5,3
2021101007,1755,44896,Chris Godwin,5,3
2021101007,1755,52569,Tyler Johnson,5,3
2021101007,1841,35634,Antonio Brown,5,3
2021101007,1841,41233,Mike Evans,5,3
2021101007,1841,44896,Chris Godwin,5,3
2021101007,1914,35634,Antonio Brown,5,3
2021101007,1914,41233,Mike Evans,5,3
2021101007,1914,44896,Chris Godwin,5,3
2021101007,1970,48480,Preston Williams,5,3
2021101007,1970,53435,Jaylen Waddle,5,3
2021101007,1994,48480,Preston Williams,5,3
2021101007,1994,53435,Jaylen Waddle,5,3
2021101007,2038,48480,Preston Williams,5,3
2021101007,2038,53435,Jaylen Waddle,5,3
2021101007,2067,48480,Preston Williams,5,3
2021101007,2067,53435,Jaylen Waddle,5,3
2021101007,2138,41233,Mike Evans,5,0
2021101007,2138,44896,Chris Godwin,5,0
2021101007,2138,52569,Tyler Johnson,5,0
2021101007,2160,35634,Antonio Brown,5,0
2021101007,2160,41233,Mike Evans,5,1
2021101007,2160,44896,Chris Godwin,5,2
2021101007,2330,35634,Antonio Brown,5,3
2021101007,2330,41233,Mike Evans,5,3
2021101007,2330,44896,Chris Godwin,5,3
2021101007,2330,52569,Tyler Johnson,5,3
2021101007,2354,41233,Mike Evans,5,0
2021101007,2354,44896,Chris Godwin,5,1
2021101007,2354,52569,Tyler Johnson,5,3
2021101007,2395,44931,Mack Hollins,5,3
2021101007,2395,53435,Jaylen Waddle,5,3
2021101007,2474,44931,Mack Hollins,5,0
2021101007,2474,53435,Jaylen Waddle,5,3
2021101007,2503,44931,Mack Hollins,5,3
2021101007,2503,53435,Jaylen Waddle,5,3
2021101007,2551,44931,Mack Hollins,5,1
2021101007,2551,53435,Jaylen Waddle,5,0
2021101007,2575,41506,Albert Wilson,5,1
2021101007,2575,45050,Isaiah Ford,5,3
2021101007,2599,41506,Albert Wilson,5,3
2021101007,2599,48480,Preston Williams,5,3
2021101007,2623,48480,Preston Williams,5,3
2021101007,2623,53435,Jaylen Waddle,5,3
2021101007,2680,44931,Mack Hollins,5,3
2021101007,2680,53435,Jaylen Waddle,5,3
2021101007,2736,41233,Mike Evans,5,3
2021101007,2736,44896,Chris Godwin,5,3
2021101007,2758,35634,Antonio Brown,5,3
2021101007,2758,41233,Mike Evans,5,3
2021101007,2758,44896,Chris Godwin,5,3
2021101007,2780,35634,Antonio Brown,5,3
2021101007,2780,41233,Mike Evans,5,3
2021101007,2780,44896,Chris Godwin,5,3
2021101007,2892,35634,Antonio Brown,5,3
2021101007,2892,41233,Mike Evans,5,3
2021101007,2892,44896,Chris Godwin,5,3
2021101007,2942,35634,Antonio Brown,5,3
2021101007,2942,41233,Mike Evans,5,3
2021101007,2942,52569,Tyler Johnson,5,3
2021101007,3096,48480,Preston Williams,5,1
2021101007,3096,53435,Jaylen Waddle,5,0
2021101007,3120,48480,Preston Williams,5,3
2021101007,3120,53435,Jaylen Waddle,5,3
2021101007,3142,44931,Mack Hollins,5,0
2021101007,3142,48480,Preston Williams,5,0
2021101007,3142,53435,Jaylen Waddle,5,3
2021101007,3239,35634,Antonio Brown,5,3
2021101007,3239,41233,Mike Evans,5,3
2021101007,3239,44896,Chris Godwin,5,3
2021101007,3263,35634,Antonio Brown,5,3
2021101007,3263,41233,Mike Evans,5,3
2021101007,3263,44896,Chris Godwin,5,3
2021101007,3354,48480,Preston Williams,5,3
2021101007,3354,53435,Jaylen Waddle,5,3
2021101007,3383,48480,Preston Williams,5,3
2021101007,3383,53435,Jaylen Waddle,5,3
2021101007,3419,41233,Mike Evans,5,0
2021101007,3419,52569,Tyler Johnson,5,1
2021101007,3544,41233,Mike Evans,5,3
2021101007,3544,44029,Jaydon Mickens,5,3
2021101007,3544,52569,Tyler Johnson,5,1
2021101007,3608,48480,Preston Williams,5,0
2021101007,3608,53435,Jaylen Waddle,5,0
2021101007,3630,48480,Preston Williams,5,3
2021101007,3630,53435,Jaylen Waddle,5,3
2021101007,3654,48480,Preston Williams,5,3
2021101007,3654,53435,Jaylen Waddle,5,3
2021101007,3836,35634,Antonio Brown,5,3
2021101007,3836,44029,Jaydon Mickens,5,3
2021101007,3836,52569,Tyler Johnson,5,1
2021101008,63,40092,Kenny Stills,5,1
2021101008,63,53098,Marquez Callaway,5,1
2021101008,85,37737,Chris Hogan,5,3
2021101008,85,42437,Ty Montgomery,5,3
2021101008,109,40092,Kenny Stills,5,3
2021101008,109,42437,Ty Montgomery,5,3
2021101008,109,53098,Marquez Callaway,5,3
2021101008,133,40092,Kenny Stills,5,1
2021101008,133,48415,Deonte Harty,5,2
2021101008,155,40092,Kenny Stills,5,3
2021101008,186,42794,DeAndre Carter,5,0
2021101008,186,43010,Adam Humphries,5,3
2021101008,186,47859,Terry McLaurin,5,0
2021101008,229,42794,DeAndre Carter,5,0
2021101008,229,43010,Adam Humphries,5,1
2021101008,229,47859,Terry McLaurin,5,0
2021101008,327,42437,Ty Montgomery,5,3
2021101008,327,48415,Deonte Harty,5,3
2021101008,327,53098,Marquez Callaway,5,3
2021101008,392,42794,DeAndre Carter,5,1
2021101008,392,43010,Adam Humphries,5,3
2021101008,392,47859,Terry McLaurin,5,0
2021101008,458,42794,DeAndre Carter,5,3
2021101008,458,43010,Adam Humphries,5,3
2021101008,458,47859,Terry McLaurin,5,0
2021101008,552,42794,DeAndre Carter,5,3
2021101008,552,47859,Terry McLaurin,5,1
2021101008,607,43010,Adam Humphries,5,0
2021101008,607,47859,Terry McLaurin,5,0
2021101008,607,53687,Dax Milne,5,1
2021101008,638,42794,DeAndre Carter,5,3
2021101008,638,43010,Adam Humphries,5,3
2021101008,638,47859,Terry McLaurin,5,3
2021101008,840,42794,DeAndre Carter,5,3
2021101008,840,43010,Adam Humphries,5,3
2021101008,840,47859,Terry McLaurin,5,3
2021101008,899,43010,Adam Humphries,5,2
2021101008,899,47859,Terry McLaurin,5,1
2021101008,899,53687,Dax Milne,5,1
2021101008,993,43010,Adam Humphries,5,1
2021101008,993,47859,Terry McLaurin,5,1
2021101008,993,53687,Dax Milne,5,1
2021101008,1074,40092,Kenny Stills,5,3
2021101008,1074,53098,Marquez Callaway,5,3
2021101008,1124,40092,Kenny Stills,5,3
2021101008,1124,53098,Marquez Callaway,5,3
2021101008,1165,40092,Kenny Stills,5,3
2021101008,1301,42794,DeAndre Carter,5,1
2021101008,1301,47859,Terry McLaurin,5,0
2021101008,1330,42794,DeAndre Carter,5,2
2021101008,1330,43010,Adam Humphries,5,3
2021101008,1330,47859,Terry McLaurin,5,3
2021101008,1416,42794,DeAndre Carter,5,3
2021101008,1416,43010,Adam Humphries,5,1
2021101008,1416,47859,Terry McLaurin,5,3
2021101008,1440,42794,DeAndre Carter,5,3
2021101008,1440,43010,Adam Humphries,5,3
2021101008,1440,47859,Terry McLaurin,5,3
2021101008,1512,42794,DeAndre Carter,5,1
2021101008,1512,44852,Curtis Samuel,5,2
2021101008,1512,47859,Terry McLaurin,5,0
2021101008,1557,43010,Adam Humphries,5,3
2021101008,1557,44852,Curtis Samuel,5,3
2021101008,1557,47859,Terry McLaurin,5,3
2021101008,1617,40092,Kenny Stills,5,0
2021101008,1617,53098,Marquez Callaway,5,2
2021101008,1664,40092,Kenny Stills,5,3
2021101008,1664,53098,Marquez Callaway,5,3
2021101008,1686,40092,Kenny Stills,5,3
2021101008,1686,42437,Ty Montgomery,5,3
2021101008,1686,53098,Marquez Callaway,5,3
2021101008,1818,42794,DeAndre Carter,5,1
2021101008,1818,43010,Adam Humphries,5,3
2021101008,1818,47859,Terry McLaurin,5,1
2021101008,1840,42794,DeAndre Carter,5,0
2021101008,1840,43010,Adam Humphries,5,3
2021101008,1840,47859,Terry McLaurin,5,0
2021101008,1862,42794,DeAndre Carter,5,3
2021101008,1862,43010,Adam Humphries,5,3
2021101008,1862,47859,Terry McLaurin,5,3
2021101008,1957,40092,Kenny Stills,5,3
2021101008,1957,42437,Ty Montgomery,5,3
2021101008,1957,53098,Marquez Callaway,5,0
2021101008,2183,40092,Kenny Stills,5,0
2021101008,2183,42437,Ty Montgomery,5,0
2021101008,2183,53098,Marquez Callaway,5,0
2021101008,2261,43010,Adam Humphries,5,2
2021101008,2261,47859,Terry McLaurin,5,0
2021101008,2261,53687,Dax Milne,5,0
2021101008,2304,43010,Adam Humphries,5,1
2021101008,2304,47859,Terry McLaurin,5,3
2021101008,2304,53687,Dax Milne,5,3
2021101008,2351,40092,Kenny Stills,5,3
2021101008,2351,53098,Marquez Callaway,5,3
2021101008,2394,37737,Chris Hogan,5,0
2021101008,2394,42437,Ty Montgomery,5,0
2021101008,2485,43010,Adam Humphries,5,3
2021101008,2485,47859,Terry McLaurin,5,3
2021101008,2485,53687,Dax Milne,5,3
2021101008,2514,43010,Adam Humphries,5,1
2021101008,2514,47859,Terry McLaurin,5,1
2021101008,2514,53687,Dax Milne,5,3
2021101008,2570,43010,Adam Humphries,5,0
2021101008,2570,52550,Antonio Gandy-Golden,5,0
2021101008,2570,53687,Dax Milne,5,1
2021101008,2600,43010,Adam Humphries,5,3
2021101008,2600,47859,Terry McLaurin,5,3
2021101008,2600,53687,Dax Milne,5,3
2021101008,2647,40092,Kenny Stills,5,3
2021101008,2647,53098,Marquez Callaway,5,3
2021101008,2669,40092,Kenny Stills,5,3
2021101008,2669,53098,Marquez Callaway,5,0
2021101008,2691,40092,Kenny Stills,5,0
2021101008,2691,42437,Ty Montgomery,5,3
2021101008,2691,53098,Marquez Callaway,5,3
2021101008,2743,42794,DeAndre Carter,5,2
2021101008,2743,47859,Terry McLaurin,5,1
2021101008,2743,53687,Dax Milne,5,0
2021101008,2809,42794,DeAndre Carter,5,0
2021101008,2809,47859,Terry McLaurin,5,1
2021101008,3028,43010,Adam Humphries,5,3
2021101008,3028,47859,Terry McLaurin,5,3
2021101008,3028,53687,Dax Milne,5,3
2021101008,3105,40092,Kenny Stills,5,1
2021101008,3105,53098,Marquez Callaway,5,0
2021101008,3131,37737,Chris Hogan,5,3
2021101008,3131,42437,Ty Montgomery,5,3
2021101008,3261,42794,DeAndre Carter,5,3
2021101008,3261,43010,Adam Humphries,5,3
2021101008,3261,52550,Antonio Gandy-Golden,5,3
2021101008,3283,42794,DeAndre Carter,5,3
2021101008,3283,43010,Adam Humphries,5,1
2021101008,3283,52550,Antonio Gandy-Golden,5,3
2021101008,3305,42794,DeAndre Carter,5,0
2021101008,3305,43010,Adam Humphries,5,3
2021101008,3305,47859,Terry McLaurin,5,0
2021101008,3331,37737,Chris Hogan,5,3
2021101008,3331,40092,Kenny Stills,5,3
2021101008,3331,53098,Marquez Callaway,5,3
2021101008,3376,40092,Kenny Stills,5,0
2021101008,3376,42437,Ty Montgomery,5,0
2021101008,3376,53098,Marquez Callaway,5,0
2021101008,3398,40092,Kenny Stills,5,3
2021101008,3398,53098,Marquez Callaway,5,3
2021101008,3454,42794,DeAndre Carter,5,0
2021101008,3454,43010,Adam Humphries,5,3
2021101008,3454,47859,Terry McLaurin,5,1
2021101008,3487,42794,DeAndre Carter,5,2
2021101008,3487,43010,Adam Humphries,5,3
2021101008,3487,47859,Terry McLaurin,5,1
2021101008,3532,42794,DeAndre Carter,5,1
2021101008,3532,43010,Adam Humphries,5,3
2021101008,3532,47859,Terry McLaurin,5,3
2021101008,3573,42794,DeAndre Carter,5,0
2021101008,3573,47859,Terry McLaurin,5,0
2021101008,3573,53687,Dax Milne,5,0
2021101008,3644,42794,DeAndre Carter,5,1
2021101008,3644,47859,Terry McLaurin,5,0
2021101008,3701,42794,DeAndre Carter,5,3
2021101008,3701,43010,Adam Humphries,5,3
2021101008,3701,47859,Terry McLaurin,5,1
2021101008,3770,40092,Kenny Stills,5,3
2021101008,3770,42437,Ty Montgomery,5,3
2021101008,3770,53098,Marquez Callaway,5,3
2021101008,3853,53098,Marquez Callaway,5,0
2021101008,3923,40092,Kenny Stills,5,2
2021101008,3923,42437,Ty Montgomery,5,3
2021101008,3923,53098,Marquez Callaway,5,3
2021101008,3979,43010,Adam Humphries,5,1
2021101008,3979,47859,Terry McLaurin,5,0
2021101008,3979,53687,Dax Milne,5,3
2021101008,4008,42794,DeAndre Carter,5,3
2021101008,4008,47859,Terry McLaurin,5,3
2021101008,4008,53687,Dax Milne,5,3
2021101008,4030,42794,DeAndre Carter,5,3
2021101008,4030,47859,Terry McLaurin,5,0
2021101008,4030,53687,Dax Milne,5,3
2021101008,4052,43010,Adam Humphries,5,3
2021101008,4052,47859,Terry McLaurin,5,3
2021101008,4052,53687,Dax Milne,5,3
2021101008,4074,43010,Adam Humphries,5,1
2021101008,4074,47859,Terry McLaurin,5,1
2021101008,4074,53687,Dax Milne,5,3
2021101009,83,40024,Keenan Allen,5,3
2021101009,83,44819,Mike Williams,5,3
2021101009,83,48556,Jalen Guyton,5,3
2021101009,105,40024,Keenan Allen,5,3
2021101009,105,44819,Mike Williams,5,3
2021101009,105,48556,Jalen Guyton,5,3
2021101009,146,41238,Odell Beckham,5,3
2021101009,233,41238,Odell Beckham,5,0
2021101009,495,40024,Keenan Allen,5,3
2021101009,495,44819,Mike Williams,5,3
2021101009,495,48556,Jalen Guyton,5,3
2021101009,519,40024,Keenan Allen,5,3
2021101009,519,44819,Mike Williams,5,3
2021101009,519,48556,Jalen Guyton,5,3
2021101009,569,40024,Keenan Allen,5,3
2021101009,569,53506,Josh Palmer,5,3
2021101009,612,40024,Keenan Allen,5,3
2021101009,612,44819,Mike Williams,5,3
2021101009,666,40024,Keenan Allen,5,3
2021101009,666,44819,Mike Williams,5,3
2021101009,810,41238,Odell Beckham,5,3
2021101009,810,52595,Donovan Peoples-Jones,5,3
2021101009,900,41238,Odell Beckham,5,3
2021101009,900,43461,Rashard Higgins,5,3
2021101009,900,52595,Donovan Peoples-Jones,5,3
2021101009,965,41238,Odell Beckham,5,3
2021101009,965,43461,Rashard Higgins,5,3
2021101009,965,52595,Donovan Peoples-Jones,5,3
2021101009,1083,40024,Keenan Allen,5,3
2021101009,1083,44819,Mike Williams,5,3
2021101009,1083,48556,Jalen Guyton,5,3
2021101009,1117,40024,Keenan Allen,5,3
2021101009,1117,44819,Mike Williams,5,3
2021101009,1117,48556,Jalen Guyton,5,3
2021101009,1180,41238,Odell Beckham,5,0
2021101009,1180,52595,Donovan Peoples-Jones,5,0
2021101009,1277,41238,Odell Beckham,5,3
2021101009,1277,52595,Donovan Peoples-Jones,5,3
2021101009,1301,41238,Odell Beckham,5,3
2021101009,1301,43461,Rashard Higgins,5,3
2021101009,1301,52595,Donovan Peoples-Jones,5,3
2021101009,1342,41238,Odell Beckham,5,3
2021101009,1342,43461,Rashard Higgins,5,3
2021101009,1342,52595,Donovan Peoples-Jones,5,3
2021101009,1391,40024,Keenan Allen,5,0
2021101009,1391,44819,Mike Williams,5,3
2021101009,1615,43461,Rashard Higgins,5,3
2021101009,1615,52595,Donovan Peoples-Jones,5,3
2021101009,1615,53520,Anthony Schwartz,5,3
2021101009,1898,41238,Odell Beckham,5,0
2021101009,1898,43461,Rashard Higgins,5,3
2021101009,1898,52595,Donovan Peoples-Jones,5,0
2021101009,1937,41238,Odell Beckham,5,3
2021101009,1937,43461,Rashard Higgins,5,3
2021101009,1937,52595,Donovan Peoples-Jones,5,2
2021101009,2034,41238,Odell Beckham,5,3
2021101009,2034,43461,Rashard Higgins,5,3
2021101009,2034,52595,Donovan Peoples-Jones,5,3
2021101009,2058,41238,Odell Beckham,5,3
2021101009,2058,43461,Rashard Higgins,5,1
2021101009,2058,52595,Donovan Peoples-Jones,5,3
2021101009,2208,40024,Keenan Allen,5,3
2021101009,2208,44819,Mike Williams,5,3
2021101009,2208,48556,Jalen Guyton,5,3
2021101009,2253,40024,Keenan Allen,5,3
2021101009,2253,44819,Mike Williams,5,3
2021101009,2253,48556,Jalen Guyton,5,3
2021101009,2309,40024,Keenan Allen,5,0
2021101009,2309,44819,Mike Williams,5,0
2021101009,2355,48556,Jalen Guyton,5,3
2021101009,2355,52628,K.J. Hill,5,3
2021101009,2355,53506,Josh Palmer,5,3
2021101009,2409,40024,Keenan Allen,5,3
2021101009,2409,44819,Mike Williams,5,3
2021101009,2431,40024,Keenan Allen,5,3
2021101009,2431,44819,Mike Williams,5,3
2021101009,2431,48556,Jalen Guyton,5,3
2021101009,2457,40024,Keenan Allen,5,3
2021101009,2457,44819,Mike Williams,5,3
2021101009,2457,48556,Jalen Guyton,5,3
2021101009,2586,41238,Odell Beckham,5,3
2021101009,2689,41238,Odell Beckham,5,3
2021101009,2689,43461,Rashard Higgins,5,3
2021101009,2689,52595,Donovan Peoples-Jones,5,3
2021101009,2780,40024,Keenan Allen,5,3
2021101009,2780,44819,Mike Williams,5,3
2021101009,2823,44819,Mike Williams,5,3
2021101009,2823,48556,Jalen Guyton,5,3
2021101009,2823,52628,K.J. Hill,5,3
2021101009,2845,40024,Keenan Allen,5,3
2021101009,2845,44819,Mike Williams,5,3
2021101009,2845,48556,Jalen Guyton,5,3
2021101009,3000,41238,Odell Beckham,5,1
2021101009,3000,43461,Rashard Higgins,5,3
2021101009,3000,53520,Anthony Schwartz,5,1
2021101009,3041,40024,Keenan Allen,5,3
2021101009,3041,44819,Mike Williams,5,3
2021101009,3041,48556,Jalen Guyton,5,3
2021101009,3096,40024,Keenan Allen,5,3
2021101009,3096,48556,Jalen Guyton,5,0
2021101009,3096,53506,Josh Palmer,5,0
2021101009,3120,40024,Keenan Allen,5,3
2021101009,3120,44819,Mike Williams,5,0
2021101009,3183,41238,Odell Beckham,5,3
2021101009,3207,41238,Odell Beckham,5,0
2021101009,3277,40024,Keenan Allen,5,3
2021101009,3277,44819,Mike Williams,5,3
2021101009,3349,40024,Keenan Allen,5,3
2021101009,3349,44819,Mike Williams,5,3
2021101009,3349,48556,Jalen Guyton,5,3
2021101009,3416,40024,Keenan Allen,5,3
2021101009,3416,44819,Mike Williams,5,3
2021101009,3438,40024,Keenan Allen,5,1
2021101009,3438,44819,Mike Williams,5,1
2021101009,3438,48556,Jalen Guyton,5,3
2021101009,3525,40024,Keenan Allen,5,2
2021101009,3525,53506,Josh Palmer,5,3
2021101009,3549,40024,Keenan Allen,5,3
2021101009,3549,53506,Josh Palmer,5,0
2021101009,3574,40024,Keenan Allen,5,3
2021101009,3574,44819,Mike Williams,5,3
2021101009,3818,40024,Keenan Allen,5,3
2021101009,3818,44819,Mike Williams,5,3
2021101009,3818,48556,Jalen Guyton,5,3
2021101009,3872,40024,Keenan Allen,5,0
2021101009,3872,44819,Mike Williams,5,0
2021101009,3872,48556,Jalen Guyton,5,1
2021101009,3901,40024,Keenan Allen,5,3
2021101009,3901,48556,Jalen Guyton,5,3
2021101009,3901,53506,Josh Palmer,5,3
2021101009,4115,41238,Odell Beckham,5,3
2021101009,4115,43461,Rashard Higgins,5,0
2021101009,4115,52595,Donovan Peoples-Jones,5,1
2021101009,4403,41238,Odell Beckham,5,3
2021101009,4403,43461,Rashard Higgins,5,3
2021101009,4403,52595,Donovan Peoples-Jones,5,3
2021101009,4427,41238,Odell Beckham,5,3
2021101009,4427,43461,Rashard Higgins,5,3
2021101009,4427,52595,Donovan Peoples-Jones,5,3
2021101009,4451,41238,Odell Beckham,5,3
2021101009,4451,43461,Rashard Higgins,5,3
2021101009,4451,52595,Donovan Peoples-Jones,5,3
2021101009,4496,41238,Odell Beckham,5,3
2021101009,4496,43461,Rashard Higgins,5,3
2021101009,4496,52595,Donovan Peoples-Jones,5,3
2021101009,4553,41238,Odell Beckham,5,1
2021101009,4553,43461,Rashard Higgins,5,1
2021101009,4553,52595,Donovan Peoples-Jones,5,0
2021101009,4575,41238,Odell Beckham,5,3
2021101009,4575,43461,Rashard Higgins,5,3
2021101009,4575,53520,Anthony Schwartz,5,0
2021101009,4597,41238,Odell Beckham,5,0
2021101009,4597,43461,Rashard Higgins,5,0
2021101009,4597,52595,Donovan Peoples-Jones,5,0
2021101010,282,41290,Allen Robinson,5,3
2021101010,282,52581,Darnell Mooney,5,3
2021101010,412,52420,Henry Ruggs,5,1
2021101010,412,52489,Bryan Edwards,5,0
2021101010,705,52420,Henry Ruggs,5,3
2021101010,705,52489,Bryan Edwards,5,3
2021101010,727,47932,Hunter Renfrow,5,3
2021101010,727,52420,Henry Ruggs,5,3
2021101010,727,52489,Bryan Edwards,5,3
2021101010,835,41290,Allen Robinson,5,3
2021101010,835,42899,Damiere Byrd,5,3
2021101010,835,52581,Darnell Mooney,5,3
2021101010,874,52581,Darnell Mooney,5,3
2021101010,943,41290,Allen Robinson,5,3
2021101010,943,52581,Darnell Mooney,5,3
2021101010,1009,41290,Allen Robinson,5,3
2021101010,1120,41290,Allen Robinson,5,3
2021101010,1436,40026,Marquise Goodwin,5,3
2021101010,1436,42899,Damiere Byrd,5,3
2021101010,1436,52581,Darnell Mooney,5,3
2021101010,1479,41290,Allen Robinson,5,3
2021101010,1479,52581,Darnell Mooney,5,3
2021101010,1552,40026,Marquise Goodwin,5,3
2021101010,1552,41290,Allen Robinson,5,3
2021101010,1552,42899,Damiere Byrd,5,3
2021101010,1599,41290,Allen Robinson,5,3
2021101010,1599,42899,Damiere Byrd,5,3
2021101010,1599,52581,Darnell Mooney,5,3
2021101010,1621,40026,Marquise Goodwin,5,3
2021101010,1621,41290,Allen Robinson,5,3
2021101010,1621,52581,Darnell Mooney,5,3
2021101010,1937,40026,Marquise Goodwin,5,3
2021101010,1937,41290,Allen Robinson,5,3
2021101010,1937,52581,Darnell Mooney,5,3
2021101010,1961,40026,Marquise Goodwin,5,3
2021101010,1961,41290,Allen Robinson,5,3
2021101010,1961,52581,Darnell Mooney,5,3
2021101010,2130,47932,Hunter Renfrow,5,0
2021101010,2130,52420,Henry Ruggs,5,1
2021101010,2130,52489,Bryan Edwards,5,0
2021101010,2262,44849,Zay Jones,5,1
2021101010,2262,47932,Hunter Renfrow,5,3
2021101010,2262,52420,Henry Ruggs,5,0
2021101010,2284,44849,Zay Jones,5,3
2021101010,2284,52420,Henry Ruggs,5,3
2021101010,2308,44849,Zay Jones,5,1
2021101010,2308,47932,Hunter Renfrow,5,3
2021101010,2308,52420,Henry Ruggs,5,3
2021101010,2334,41290,Allen Robinson,5,3
2021101010,2334,43475,Jakeem Grant,5,3
2021101010,2334,52581,Darnell Mooney,5,3
2021101010,2377,40026,Marquise Goodwin,5,0
2021101010,2377,41290,Allen Robinson,5,0
2021101010,2377,52581,Darnell Mooney,5,0
2021101010,2439,47932,Hunter Renfrow,5,3
2021101010,2439,52420,Henry Ruggs,5,3
2021101010,2439,52489,Bryan Edwards,5,3
2021101010,2484,47932,Hunter Renfrow,5,3
2021101010,2484,52420,Henry Ruggs,5,3
2021101010,2484,52489,Bryan Edwards,5,3
2021101010,2513,47932,Hunter Renfrow,5,1
2021101010,2513,52420,Henry Ruggs,5,0
2021101010,2513,52489,Bryan Edwards,5,0
2021101010,2577,47932,Hunter Renfrow,5,3
2021101010,2577,52420,Henry Ruggs,5,3
2021101010,2577,52489,Bryan Edwards,5,3
2021101010,2599,47932,Hunter Renfrow,5,0
2021101010,2599,52420,Henry Ruggs,5,0
2021101010,2599,52489,Bryan Edwards,5,0
2021101010,2668,41290,Allen Robinson,5,3
2021101010,2668,52581,Darnell Mooney,5,3
2021101010,2715,41290,Allen Robinson,5,3
2021101010,2715,42899,Damiere Byrd,5,3
2021101010,2715,52581,Darnell Mooney,5,3
2021101010,2810,44849,Zay Jones,5,3
2021101010,2810,47932,Hunter Renfrow,5,3
2021101010,2810,52420,Henry Ruggs,5,3
2021101010,2862,44849,Zay Jones,5,3
2021101010,2862,47932,Hunter Renfrow,5,3
2021101010,2862,52489,Bryan Edwards,5,3
2021101010,3036,47932,Hunter Renfrow,5,3
2021101010,3036,52420,Henry Ruggs,5,3
2021101010,3036,52489,Bryan Edwards,5,3
2021101010,3121,47932,Hunter Renfrow,5,1
2021101010,3121,52420,Henry Ruggs,5,3
2021101010,3121,52489,Bryan Edwards,5,3
2021101010,3166,41500,Willie Snead,5,3
2021101010,3166,47932,Hunter Renfrow,5,3
2021101010,3166,52489,Bryan Edwards,5,3
2021101010,3212,41500,Willie Snead,5,3
2021101010,3212,47932,Hunter Renfrow,5,3
2021101010,3298,41290,Allen Robinson,5,3
2021101010,3298,52581,Darnell Mooney,5,3
2021101010,3352,41290,Allen Robinson,5,0
2021101010,3352,52581,Darnell Mooney,5,2
2021101010,3406,41290,Allen Robinson,5,3
2021101010,3406,42899,Damiere Byrd,5,3
2021101010,3406,52581,Darnell Mooney,5,3
2021101010,3436,41290,Allen Robinson,5,3
2021101010,3436,42899,Damiere Byrd,5,3
2021101010,3436,52581,Darnell Mooney,5,3
2021101010,3640,47932,Hunter Renfrow,5,3
2021101010,3640,52420,Henry Ruggs,5,3
2021101010,3640,52489,Bryan Edwards,5,3
2021101010,3685,47932,Hunter Renfrow,5,3
2021101010,3685,52420,Henry Ruggs,5,3
2021101010,3685,52489,Bryan Edwards,5,3
2021101010,3726,47932,Hunter Renfrow,5,3
2021101010,3726,52420,Henry Ruggs,5,1
2021101010,3726,52489,Bryan Edwards,5,3
2021101010,3909,47932,Hunter Renfrow,5,3
2021101010,3909,52420,Henry Ruggs,5,3
2021101010,3909,52489,Bryan Edwards,5,3
2021101010,3933,47932,Hunter Renfrow,5,0
2021101010,3933,52420,Henry Ruggs,5,0
2021101010,3933,52489,Bryan Edwards,5,0
2021101010,3957,47932,Hunter Renfrow,5,0
2021101010,3957,52420,Henry Ruggs,5,0
2021101010,3957,52489,Bryan Edwards,5,0
2021101011,85,47819,Deebo Samuel,5,3
2021101011,85,52433,Brandon Aiyuk,5,0
2021101011,130,38630,Travis Benjamin,5,0
2021101011,130,47819,Deebo Samuel,5,2
2021101011,156,37077,A.J. Green,5,3
2021101011,156,39973,DeAndre Hopkins,5,3
2021101011,156,46116,Christian Kirk,5,3
2021101011,222,39973,DeAndre Hopkins,5,3
2021101011,222,46116,Christian Kirk,5,3
2021101011,408,38630,Travis Benjamin,5,1
2021101011,408,47819,Deebo Samuel,5,3
2021101011,441,38630,Travis Benjamin,5,3
2021101011,441,47819,Deebo Samuel,5,3
2021101011,672,37077,A.J. Green,5,3
2021101011,672,39973,DeAndre Hopkins,5,3
2021101011,672,46116,Christian Kirk,5,3
2021101011,672,53478,Rondale Moore,5,3
2021101011,794,38630,Travis Benjamin,5,0
2021101011,794,47819,Deebo Samuel,5,0
2021101011,843,47819,Deebo Samuel,5,3
2021101011,843,52433,Brandon Aiyuk,5,3
2021101011,886,38613,Mohamed Sanu,5,3
2021101011,886,47819,Deebo Samuel,5,3
2021101011,886,52433,Brandon Aiyuk,5,3
2021101011,1087,37077,A.J. Green,5,1
2021101011,1087,39973,DeAndre Hopkins,5,3
2021101011,1087,46116,Christian Kirk,5,3
2021101011,1109,37077,A.J. Green,5,3
2021101011,1109,39973,DeAndre Hopkins,5,3
2021101011,1109,46116,Christian Kirk,5,3
2021101011,1109,53478,Rondale Moore,5,3
2021101011,1235,37077,A.J. Green,5,3
2021101011,1235,39973,DeAndre Hopkins,5,3
2021101011,1289,37077,A.J. Green,5,1
2021101011,1289,39973,DeAndre Hopkins,5,0
2021101011,1289,53478,Rondale Moore,5,0
2021101011,1402,37077,A.J. Green,5,3
2021101011,1402,39973,DeAndre Hopkins,5,1
2021101011,1402,53478,Rondale Moore,5,2
2021101011,1424,37077,A.J. Green,5,3
2021101011,1424,39973,DeAndre Hopkins,5,1
2021101011,1424,53478,Rondale Moore,5,1
2021101011,1501,47819,Deebo Samuel,5,3
2021101011,1501,52433,Brandon Aiyuk,5,3
2021101011,1525,38613,Mohamed Sanu,5,0
2021101011,1525,47819,Deebo Samuel,5,3
2021101011,1525,52433,Brandon Aiyuk,5,3
2021101011,1596,37077,A.J. Green,5,3
2021101011,1596,39973,DeAndre Hopkins,5,3
2021101011,1596,53478,Rondale Moore,5,3
2021101011,1625,37077,A.J. Green,5,3
2021101011,1625,39973,DeAndre Hopkins,5,3
2021101011,1625,53478,Rondale Moore,5,1
2021101011,1647,37077,A.J. Green,5,0
2021101011,1647,39973,DeAndre Hopkins,5,1
2021101011,1774,37077,A.J. Green,5,3
2021101011,1774,39973,DeAndre Hopkins,5,3
2021101011,1774,46116,Christian Kirk,5,3
2021101011,1858,37077,A.J. Green,5,3
2021101011,1858,39973,DeAndre Hopkins,5,0
2021101011,1858,46116,Christian Kirk,5,0
2021101011,1858,53478,Rondale Moore,5,3
2021101011,1880,37077,A.J. Green,5,3
2021101011,1880,39973,DeAndre Hopkins,5,3
2021101011,1880,46116,Christian Kirk,5,0
2021101011,1880,53478,Rondale Moore,5,3
2021101011,2069,38630,Travis Benjamin,5,0
2021101011,2069,47819,Deebo Samuel,5,1
2021101011,2112,38613,Mohamed Sanu,5,3
2021101011,2112,47819,Deebo Samuel,5,3
2021101011,2112,52433,Brandon Aiyuk,5,3
2021101011,2141,38613,Mohamed Sanu,5,0
2021101011,2141,47819,Deebo Samuel,5,1
2021101011,2141,52433,Brandon Aiyuk,5,0
2021101011,2253,38613,Mohamed Sanu,5,3
2021101011,2253,47819,Deebo Samuel,5,3
2021101011,2253,52433,Brandon Aiyuk,5,3
2021101011,2294,38613,Mohamed Sanu,5,3
2021101011,2294,47819,Deebo Samuel,5,3
2021101011,2294,52433,Brandon Aiyuk,5,3
2021101011,2355,38613,Mohamed Sanu,5,3
2021101011,2355,47819,Deebo Samuel,5,3
2021101011,2355,52433,Brandon Aiyuk,5,3
2021101011,2398,38613,Mohamed Sanu,5,0
2021101011,2398,47819,Deebo Samuel,5,0
2021101011,2398,52433,Brandon Aiyuk,5,0
2021101011,2460,37077,A.J. Green,5,3
2021101011,2460,39973,DeAndre Hopkins,5,0
2021101011,2460,53478,Rondale Moore,5,2
2021101011,2482,37077,A.J. Green,5,0
2021101011,2482,39973,DeAndre Hopkins,5,0
2021101011,2482,46116,Christian Kirk,5,0
2021101011,2565,38630,Travis Benjamin,5,0
2021101011,2565,47819,Deebo Samuel,5,2
2021101011,2619,47819,Deebo Samuel,5,0
2021101011,2619,52433,Brandon Aiyuk,5,0
2021101011,2817,37077,A.J. Green,5,3
2021101011,2817,39973,DeAndre Hopkins,5,3
2021101011,2817,46116,Christian Kirk,5,3
2021101011,2841,37077,A.J. Green,5,0
2021101011,2841,39973,DeAndre Hopkins,5,0
2021101011,2903,37077,A.J. Green,5,0
2021101011,2903,39973,DeAndre Hopkins,5,0
2021101011,2903,46116,Christian Kirk,5,0
2021101011,2903,53478,Rondale Moore,5,1
2021101011,2972,47819,Deebo Samuel,5,3
2021101011,2972,52433,Brandon Aiyuk,5,3
2021101011,3124,38613,Mohamed Sanu,5,3
2021101011,3124,47819,Deebo Samuel,5,3
2021101011,3124,52433,Brandon Aiyuk,5,3
2021101011,3262,38613,Mohamed Sanu,5,3
2021101011,3262,47819,Deebo Samuel,5,3
2021101011,3262,52433,Brandon Aiyuk,5,3
2021101011,3316,47819,Deebo Samuel,5,3
2021101011,3316,52433,Brandon Aiyuk,5,3
2021101011,3338,38613,Mohamed Sanu,5,3
2021101011,3338,47819,Deebo Samuel,5,3
2021101011,3338,52433,Brandon Aiyuk,5,3
2021101011,3423,37077,A.J. Green,5,0
2021101011,3423,39973,DeAndre Hopkins,5,1
2021101011,3423,53478,Rondale Moore,5,1
2021101011,3503,38613,Mohamed Sanu,5,1
2021101011,3503,47819,Deebo Samuel,5,0
2021101011,3503,52433,Brandon Aiyuk,5,0
2021101011,3527,38613,Mohamed Sanu,5,3
2021101011,3527,47819,Deebo Samuel,5,3
2021101011,3527,52433,Brandon Aiyuk,5,3
2021101011,3587,38613,Mohamed Sanu,5,3
2021101011,3587,47819,Deebo Samuel,5,3
2021101011,3587,52433,Brandon Aiyuk,5,3
2021101011,3609,47819,Deebo Samuel,5,3
2021101011,3609,52433,Brandon Aiyuk,5,3
2021101011,3686,39973,DeAndre Hopkins,5,0
2021101012,130,42347,Amari Cooper,5,3
2021101012,130,52425,CeeDee Lamb,5,3
2021101012,200,42347,Amari Cooper,5,3
2021101012,200,46277,Cedrick Wilson,5,3
2021101012,200,52425,CeeDee Lamb,5,3
2021101012,318,44821,John Ross,5,3
2021101012,318,44908,Kenny Golladay,5,3
2021101012,318,53449,Kadarius Toney,5,3
2021101012,344,44908,Kenny Golladay,5,2
2021101012,344,53449,Kadarius Toney,5,0
2021101012,428,42347,Amari Cooper,5,0
2021101012,428,52425,CeeDee Lamb,5,0
2021101012,531,42347,Amari Cooper,5,3
2021101012,531,46277,Cedrick Wilson,5,3
2021101012,531,52425,CeeDee Lamb,5,3
2021101012,555,42347,Amari Cooper,5,3
2021101012,555,46277,Cedrick Wilson,5,0
2021101012,555,52425,CeeDee Lamb,5,1
2021101012,598,42347,Amari Cooper,5,3
2021101012,598,46277,Cedrick Wilson,5,3
2021101012,598,52425,CeeDee Lamb,5,3
2021101012,660,44821,John Ross,5,3
2021101012,660,44908,Kenny Golladay,5,3
2021101012,660,53449,Kadarius Toney,5,3
2021101012,707,44908,Kenny Golladay,5,1
2021101012,707,45255,C.J. Board,5,3
2021101012,707,53449,Kadarius Toney,5,0
2021101012,817,42347,Amari Cooper,5,1
2021101012,817,46277,Cedrick Wilson,5,0
2021101012,817,52425,CeeDee Lamb,5,0
2021101012,839,42347,Amari Cooper,5,3
2021101012,839,45052,Noah Brown,5,3
2021101012,839,46277,Cedrick Wilson,5,3
2021101012,1070,44821,John Ross,5,3
2021101012,1070,44908,Kenny Golladay,5,3
2021101012,1070,53449,Kadarius Toney,5,3
2021101012,1157,42347,Amari Cooper,5,3
2021101012,1157,52425,CeeDee Lamb,5,1
2021101012,1181,42347,Amari Cooper,5,3
2021101012,1181,46277,Cedrick Wilson,5,3
2021101012,1181,52425,CeeDee Lamb,5,3
2021101012,1283,44908,Kenny Golladay,5,0
2021101012,1283,52573,Collin Johnson,5,0
2021101012,1283,53449,Kadarius Toney,5,0
2021101012,1322,44908,Kenny Golladay,5,3
2021101012,1322,52573,Collin Johnson,5,3
2021101012,1322,53449,Kadarius Toney,5,3
2021101012,1369,44908,Kenny Golladay,5,3
2021101012,1369,45255,C.J. Board,5,3
2021101012,1369,52573,Collin Johnson,5,3
2021101012,1455,42347,Amari Cooper,5,3
2021101012,1455,52425,CeeDee Lamb,5,3
2021101012,1520,42347,Amari Cooper,5,3
2021101012,1520,46277,Cedrick Wilson,5,3
2021101012,1520,52425,CeeDee Lamb,5,3
2021101012,1611,44908,Kenny Golladay,5,3
2021101012,1611,45255,C.J. Board,5,3
2021101012,1611,53449,Kadarius Toney,5,3
2021101012,1635,44821,John Ross,5,0
2021101012,1635,44908,Kenny Golladay,5,0
2021101012,1635,53449,Kadarius Toney,5,1
2021101012,1778,44821,John Ross,5,3
2021101012,1778,44908,Kenny Golladay,5,3
2021101012,1778,53449,Kadarius Toney,5,3
2021101012,1963,42347,Amari Cooper,5,3
2021101012,1963,46277,Cedrick Wilson,5,3
2021101012,1963,52425,CeeDee Lamb,5,3
2021101012,1987,42347,Amari Cooper,5,3
2021101012,1987,46277,Cedrick Wilson,5,3
2021101012,1987,52425,CeeDee Lamb,5,3
2021101012,2048,42347,Amari Cooper,5,3
2021101012,2048,46277,Cedrick Wilson,5,3
2021101012,2048,52425,CeeDee Lamb,5,3
2021101012,2072,45052,Noah Brown,5,3
2021101012,2072,46277,Cedrick Wilson,5,1
2021101012,2072,52425,CeeDee Lamb,5,0
2021101012,2096,45052,Noah Brown,5,3
2021101012,2096,46277,Cedrick Wilson,5,3
2021101012,2096,52425,CeeDee Lamb,5,3
2021101012,2118,42347,Amari Cooper,5,3
2021101012,2118,46277,Cedrick Wilson,5,3
2021101012,2118,52425,CeeDee Lamb,5,3
2021101012,2236,44821,John Ross,5,0
2021101012,2236,53449,Kadarius Toney,5,1
2021101012,2492,42347,Amari Cooper,5,3
2021101012,2492,52425,CeeDee Lamb,5,0
2021101012,2514,42347,Amari Cooper,5,0
2021101012,2514,46277,Cedrick Wilson,5,0
2021101012,2514,52425,CeeDee Lamb,5,0
2021101012,2563,42347,Amari Cooper,5,3
2021101012,2563,46277,Cedrick Wilson,5,3
2021101012,2563,52425,CeeDee Lamb,5,3
2021101012,2611,42347,Amari Cooper,5,3
2021101012,2611,46277,Cedrick Wilson,5,0
2021101012,2611,52425,CeeDee Lamb,5,1
2021101012,2633,45052,Noah Brown,5,3
2021101012,2633,46277,Cedrick Wilson,5,3
2021101012,2633,52425,CeeDee Lamb,5,3
2021101012,2687,45052,Noah Brown,5,3
2021101012,2687,52425,CeeDee Lamb,5,3
2021101012,2743,45255,C.J. Board,5,0
2021101012,2822,42347,Amari Cooper,5,3
2021101012,2822,45052,Noah Brown,5,3
2021101012,2822,46277,Cedrick Wilson,5,3
2021101012,2822,46998,Malik Turner,5,3
2021101012,2822,52425,CeeDee Lamb,5,3
2021101012,2846,42347,Amari Cooper,5,3
2021101012,2846,46277,Cedrick Wilson,5,0
2021101012,2846,52425,CeeDee Lamb,5,0
2021101012,2961,45052,Noah Brown,5,3
2021101012,2961,46277,Cedrick Wilson,5,3
2021101012,2961,52425,CeeDee Lamb,5,3
2021101012,3060,44821,John Ross,5,3
2021101012,3060,52573,Collin Johnson,5,3
2021101012,3060,53449,Kadarius Toney,5,3
2021101012,3205,45255,C.J. Board,5,3
2021101012,3255,45255,C.J. Board,5,0
2021101012,3255,52573,Collin Johnson,5,0
2021101012,3255,53449,Kadarius Toney,5,1
2021101012,3379,42347,Amari Cooper,5,3
2021101012,3379,46277,Cedrick Wilson,5,3
2021101012,3379,52425,CeeDee Lamb,5,3
2021101012,3484,45052,Noah Brown,5,3
2021101012,3484,46277,Cedrick Wilson,5,3
2021101012,3590,44821,John Ross,5,0
2021101012,3590,53449,Kadarius Toney,5,0
2021101012,3612,44821,John Ross,5,3
2021101012,3612,53449,Kadarius Toney,5,3
2021101012,3636,44821,John Ross,5,3
2021101012,3636,53449,Kadarius Toney,5,3
2021101012,3660,44821,John Ross,5,3
2021101012,3660,53449,Kadarius Toney,5,3
2021101012,3695,44821,John Ross,5,1
2021101012,3695,45255,C.J. Board,5,3
2021101012,3695,52573,Collin Johnson,5,3
2021101012,3735,44821,John Ross,5,3
2021101012,3735,52573,Collin Johnson,5,3
2021101012,3757,44821,John Ross,5,3
2021101012,3757,52573,Collin Johnson,5,3
2021101012,3786,44821,John Ross,5,3
2021101012,3786,52573,Collin Johnson,5,3
2021101012,3810,44821,John Ross,5,3
2021101012,3810,52573,Collin Johnson,5,3
2021101012,3843,44821,John Ross,5,3
2021101012,3843,52573,Collin Johnson,5,3
2021101012,3867,44821,John Ross,5,3
2021101012,3867,52573,Collin Johnson,5,1
2021101012,3889,44821,John Ross,5,3
2021101012,3889,52573,Collin Johnson,5,3
2021101012,3948,44821,John Ross,5,3
2021101012,3948,45255,C.J. Board,5,3
2021101012,3948,52573,Collin Johnson,5,3
2021101012,4089,52425,CeeDee Lamb,5,1
2021101012,4221,42347,Amari Cooper,5,3
2021101012,4304,44821,John Ross,5,3
2021101012,4304,52573,Collin Johnson,5,3
2021101012,4326,44821,John Ross,5,3
2021101012,4326,52573,Collin Johnson,5,3
2021101012,4355,44821,John Ross,5,3
2021101012,4355,52573,Collin Johnson,5,3
2021101013,97,43415,Demarcus Robinson,5,3
2021101013,97,43454,Tyreek Hill,5,3
2021101013,97,47839,Mecole Hardman,5,3
2021101013,137,43454,Tyreek Hill,5,0
2021101013,159,45369,Marcus Kemp,5,3
2021101013,159,46522,Byron Pringle,5,3
2021101013,159,47839,Mecole Hardman,5,3
2021101013,213,43415,Demarcus Robinson,5,0
2021101013,213,43454,Tyreek Hill,5,3
2021101013,213,45369,Marcus Kemp,5,3
2021101013,256,43415,Demarcus Robinson,5,3
2021101013,256,43454,Tyreek Hill,5,3
2021101013,256,47839,Mecole Hardman,5,1
2021101013,353,43415,Demarcus Robinson,5,3
2021101013,353,43454,Tyreek Hill,5,3
2021101013,353,46522,Byron Pringle,5,3
2021101013,424,43415,Demarcus Robinson,5,3
2021101013,424,46522,Byron Pringle,5,3
2021101013,424,47839,Mecole Hardman,5,3
2021101013,535,43415,Demarcus Robinson,5,0
2021101013,535,43454,Tyreek Hill,5,3
2021101013,666,42489,Stefon Diggs,5,3
2021101013,666,42818,Jake Kumerow,5,0
2021101013,732,42818,Jake Kumerow,5,3
2021101013,732,44985,Isaiah McKenzie,5,2
2021101013,732,52536,Gabe Davis,5,3
2021101013,933,35521,Emmanuel Sanders,5,0
2021101013,933,38947,Cole Beasley,5,1
2021101013,933,42489,Stefon Diggs,5,1
2021101013,1068,43415,Demarcus Robinson,5,0
2021101013,1068,43454,Tyreek Hill,5,3
2021101013,1068,47839,Mecole Hardman,5,0
2021101013,1183,43415,Demarcus Robinson,5,0
2021101013,1183,43454,Tyreek Hill,5,1
2021101013,1183,47839,Mecole Hardman,5,0
2021101013,1216,39646,Josh Gordon,5,1
2021101013,1216,43454,Tyreek Hill,5,2
2021101013,1216,47839,Mecole Hardman,5,0
2021101013,1240,43415,Demarcus Robinson,5,3
2021101013,1240,43454,Tyreek Hill,5,3
2021101013,1240,47839,Mecole Hardman,5,3
2021101013,1383,43415,Demarcus Robinson,5,0
2021101013,1383,43454,Tyreek Hill,5,1
2021101013,1383,46522,Byron Pringle,5,1
2021101013,1445,35521,Emmanuel Sanders,5,1
2021101013,1445,42489,Stefon Diggs,5,3
2021101013,1488,35521,Emmanuel Sanders,5,1
2021101013,1488,38947,Cole Beasley,5,3
2021101013,1488,42489,Stefon Diggs,5,3
2021101013,1512,35521,Emmanuel Sanders,5,0
2021101013,1512,44985,Isaiah McKenzie,5,1
2021101013,1536,35521,Emmanuel Sanders,5,0
2021101013,1536,38947,Cole Beasley,5,1
2021101013,1536,42489,Stefon Diggs,5,0
2021101013,1620,43415,Demarcus Robinson,5,3
2021101013,1620,47839,Mecole Hardman,5,3
2021101013,1695,35521,Emmanuel Sanders,5,0
2021101013,1695,42489,Stefon Diggs,5,0
2021101013,1738,35521,Emmanuel Sanders,5,0
2021101013,1738,42489,Stefon Diggs,5,0
2021101013,1738,52536,Gabe Davis,5,1
2021101013,1783,35521,Emmanuel Sanders,5,2
2021101013,1783,38947,Cole Beasley,5,3
2021101013,1783,42489,Stefon Diggs,5,3
2021101013,1805,35521,Emmanuel Sanders,5,3
2021101013,1805,38947,Cole Beasley,5,2
2021101013,1805,42489,Stefon Diggs,5,3
2021101013,1805,52536,Gabe Davis,5,1
2021101013,1904,43454,Tyreek Hill,5,3
2021101013,1904,46522,Byron Pringle,5,3
2021101013,1938,43454,Tyreek Hill,5,3
2021101013,1938,46522,Byron Pringle,5,3
2021101013,1938,47839,Mecole Hardman,5,3
2021101013,1983,43415,Demarcus Robinson,5,0
2021101013,1983,43454,Tyreek Hill,5,0
2021101013,1983,47839,Mecole Hardman,5,0
2021101013,2024,43415,Demarcus Robinson,5,0
2021101013,2024,43454,Tyreek Hill,5,0
2021101013,2070,35521,Emmanuel Sanders,5,0
2021101013,2070,38947,Cole Beasley,5,0
2021101013,2070,42489,Stefon Diggs,5,0
2021101013,2126,43454,Tyreek Hill,5,3
2021101013,2126,46522,Byron Pringle,5,3
2021101013,2126,47839,Mecole Hardman,5,3
2021101013,2171,43454,Tyreek Hill,5,3
2021101013,2171,46522,Byron Pringle,5,3
2021101013,2171,47839,Mecole Hardman,5,3
2021101013,2210,43415,Demarcus Robinson,5,3
2021101013,2210,43454,Tyreek Hill,5,3
2021101013,2210,47839,Mecole Hardman,5,1
2021101013,2244,39646,Josh Gordon,5,3
2021101013,2244,43454,Tyreek Hill,5,3
2021101013,2244,47839,Mecole Hardman,5,3
2021101013,2318,43415,Demarcus Robinson,5,3
2021101013,2318,43454,Tyreek Hill,5,3
2021101013,2318,47839,Mecole Hardman,5,3
2021101013,2340,43415,Demarcus Robinson,5,3
2021101013,2340,43454,Tyreek Hill,5,3
2021101013,2340,47839,Mecole Hardman,5,3
2021101013,2403,43415,Demarcus Robinson,5,3
2021101013,2403,43454,Tyreek Hill,5,3
2021101013,2403,47839,Mecole Hardman,5,3
2021101013,2573,35521,Emmanuel Sanders,5,3
2021101013,2573,38947,Cole Beasley,5,3
2021101013,2573,42489,Stefon Diggs,5,3
2021101013,2644,43415,Demarcus Robinson,5,3
2021101013,2644,43454,Tyreek Hill,5,3
2021101013,2644,46522,Byron Pringle,5,3
2021101013,2668,43415,Demarcus Robinson,5,3
2021101013,2668,43454,Tyreek Hill,5,3
2021101013,2713,43454,Tyreek Hill,5,3
2021101013,2713,46522,Byron Pringle,5,0
2021101013,2713,47839,Mecole Hardman,5,0
2021101013,2773,35521,Emmanuel Sanders,5,0
2021101013,2773,42489,Stefon Diggs,5,0
2021101013,2818,35521,Emmanuel Sanders,5,3
2021101013,2818,42489,Stefon Diggs,5,1
2021101013,2842,35521,Emmanuel Sanders,5,3
2021101013,2842,38947,Cole Beasley,5,3
2021101013,2842,42489,Stefon Diggs,5,3
2021101013,2903,43415,Demarcus Robinson,5,3
2021101013,2903,43454,Tyreek Hill,5,3
2021101013,2987,43415,Demarcus Robinson,5,3
2021101013,2987,43454,Tyreek Hill,5,3
2021101013,2987,47839,Mecole Hardman,5,3
2021101013,3009,43415,Demarcus Robinson,5,3
2021101013,3009,43454,Tyreek Hill,5,3
2021101013,3009,47839,Mecole Hardman,5,3
2021101013,3067,39646,Josh Gordon,5,0
2021101013,3067,43454,Tyreek Hill,5,0
2021101013,3089,43415,Demarcus Robinson,5,3
2021101013,3089,47839,Mecole Hardman,5,3
2021101013,3113,43415,Demarcus Robinson,5,3
2021101013,3113,43454,Tyreek Hill,5,3
2021101013,3113,47839,Mecole Hardman,5,3
2021101013,3142,43415,Demarcus Robinson,5,0
2021101013,3142,43454,Tyreek Hill,5,3
2021101013,3142,47839,Mecole Hardman,5,3
2021101013,3175,46522,Byron Pringle,5,1
2021101013,3220,43415,Demarcus Robinson,5,0
2021101013,3220,43454,Tyreek Hill,5,0
2021101013,3220,47839,Mecole Hardman,5,1
2021101013,3281,43415,Demarcus Robinson,5,3
2021101013,3281,43454,Tyreek Hill,5,3
2021101013,3281,46522,Byron Pringle,5,3
2021101013,3380,35521,Emmanuel Sanders,5,3
2021101013,3380,38947,Cole Beasley,5,1
2021101013,3380,42489,Stefon Diggs,5,3
2021101013,3429,43415,Demarcus Robinson,5,3
2021101013,3429,43454,Tyreek Hill,5,1
2021101013,3429,47839,Mecole Hardman,5,3
2021101013,3453,43415,Demarcus Robinson,5,3
2021101013,3453,43454,Tyreek Hill,5,3
2021101013,3453,47839,Mecole Hardman,5,3
2021101013,3477,43415,Demarcus Robinson,5,3
2021101013,3477,43454,Tyreek Hill,5,3
2021101013,3477,47839,Mecole Hardman,5,3
2021101013,3504,43415,Demarcus Robinson,5,3
2021101013,3504,43454,Tyreek Hill,5,3
2021101013,3504,46522,Byron Pringle,5,3
2021101013,3537,43415,Demarcus Robinson,5,3
2021101013,3537,43454,Tyreek Hill,5,3
2021101013,3537,47839,Mecole Hardman,5,3
2021101013,3585,43415,Demarcus Robinson,5,1
2021101013,3585,43454,Tyreek Hill,5,1
2021101013,3808,35521,Emmanuel Sanders,5,0
2021101013,3808,42489,Stefon Diggs,5,0
2021101013,3808,52536,Gabe Davis,5,1
2021101013,3958,35521,Emmanuel Sanders,5,1
2021101013,3958,42489,Stefon Diggs,5,0
2021101013,3980,35521,Emmanuel Sanders,5,3
2021101013,3980,38947,Cole Beasley,5,3
2021101013,3980,52536,Gabe Davis,5,3
2021101013,4004,35521,Emmanuel Sanders,5,3
2021101013,4004,52536,Gabe Davis,5,1
2021101013,4133,43415,Demarcus Robinson,5,3
2021101013,4133,43454,Tyreek Hill,5,3
2021101013,4133,47839,Mecole Hardman,5,0
2021101013,4155,43415,Demarcus Robinson,5,3
2021101013,4155,43454,Tyreek Hill,5,3
2021101013,4155,47839,Mecole Hardman,5,3
2021101013,4195,43415,Demarcus Robinson,5,3
2021101013,4195,43454,Tyreek Hill,5,3
2021101013,4195,47839,Mecole Hardman,5,3
2021101013,4219,43415,Demarcus Robinson,5,3
2021101013,4219,46522,Byron Pringle,5,3
2021101013,4219,47839,Mecole Hardman,5,3
2021101013,4269,43415,Demarcus Robinson,5,3
2021101013,4269,43454,Tyreek Hill,5,3
2021101013,4269,46522,Byron Pringle,5,3
2021101013,4291,43454,Tyreek Hill,5,3
2021101013,4291,46522,Byron Pringle,5,3
2021101013,4291,47839,Mecole Hardman,5,3
2021101013,4315,45369,Marcus Kemp,5,3
2021101013,4315,46522,Byron Pringle,5,3
2021101013,4315,47839,Mecole Hardman,5,3
2021101013,4371,43415,Demarcus Robinson,5,3
2021101013,4371,43454,Tyreek Hill,5,3
2021101013,4371,47839,Mecole Hardman,5,3
2021101100,62,41230,Sammy Watkins,5,3
2021101100,62,47808,Marquise Brown,5,3
2021101100,62,52500,Devin Duvernay,5,2
2021101100,114,41230,Sammy Watkins,5,3
2021101100,114,47808,Marquise Brown,5,3
2021101100,114,52500,Devin Duvernay,5,3
2021101100,184,45102,Zach Pascal,5,0
2021101100,184,52442,Michael Pittman,5,3
2021101100,206,45102,Zach Pascal,5,3
2021101100,206,47842,Parris Campbell,5,3
2021101100,206,52442,Michael Pittman,5,3
2021101100,291,41230,Sammy Watkins,5,3
2021101100,291,47808,Marquise Brown,5,3
2021101100,336,41230,Sammy Watkins,5,3
2021101100,336,47808,Marquise Brown,5,3
2021101100,336,52500,Devin Duvernay,5,3
2021101100,418,48118,Ashton Dulin,5,3
2021101100,484,48118,Ashton Dulin,5,3
2021101100,574,45102,Zach Pascal,5,1
2021101100,574,52442,Michael Pittman,5,3
2021101100,937,45102,Zach Pascal,5,3
2021101100,937,47842,Parris Campbell,5,3
2021101100,937,52442,Michael Pittman,5,3
2021101100,965,45102,Zach Pascal,5,3
2021101100,965,47842,Parris Campbell,5,1
2021101100,965,52442,Michael Pittman,5,0
2021101100,1153,41230,Sammy Watkins,5,3
2021101100,1153,52500,Devin Duvernay,5,3
2021101100,1153,52609,James Proche,5,3
2021101100,1394,41230,Sammy Watkins,5,3
2021101100,1394,47808,Marquise Brown,5,3
2021101100,1465,41230,Sammy Watkins,5,3
2021101100,1465,47808,Marquise Brown,5,2
2021101100,1465,52500,Devin Duvernay,5,3
2021101100,1516,47808,Marquise Brown,5,1
2021101100,1516,52500,Devin Duvernay,5,1
2021101100,1516,52609,James Proche,5,3
2021101100,1540,47808,Marquise Brown,5,3
2021101100,1540,52500,Devin Duvernay,5,3
2021101100,1540,52609,James Proche,5,3
2021101100,1625,47808,Marquise Brown,5,3
2021101100,1625,52500,Devin Duvernay,5,1
2021101100,1625,52609,James Proche,5,3
2021101100,1681,45102,Zach Pascal,5,3
2021101100,1681,47842,Parris Campbell,5,3
2021101100,1681,52442,Michael Pittman,5,3
2021101100,1716,45102,Zach Pascal,5,3
2021101100,1716,47842,Parris Campbell,5,3
2021101100,1716,52442,Michael Pittman,5,3
2021101100,1740,45102,Zach Pascal,5,3
2021101100,1740,47842,Parris Campbell,5,3
2021101100,1740,52442,Michael Pittman,5,1
2021101100,1762,45102,Zach Pascal,5,3
2021101100,1762,47842,Parris Campbell,5,3
2021101100,1762,52442,Michael Pittman,5,3
2021101100,1795,45102,Zach Pascal,5,3
2021101100,1795,47842,Parris Campbell,5,3
2021101100,1795,52442,Michael Pittman,5,3
2021101100,1819,45102,Zach Pascal,5,3
2021101100,1819,47842,Parris Campbell,5,3
2021101100,1819,52442,Michael Pittman,5,3
2021101100,1865,45102,Zach Pascal,5,3
2021101100,1865,47842,Parris Campbell,5,3
2021101100,1865,52442,Michael Pittman,5,3
2021101100,1887,45102,Zach Pascal,5,3
2021101100,1887,47842,Parris Campbell,5,3
2021101100,1887,52442,Michael Pittman,5,3
2021101100,2018,45102,Zach Pascal,5,3
2021101100,2018,52442,Michael Pittman,5,3
2021101100,2042,47842,Parris Campbell,5,3
2021101100,2042,48118,Ashton Dulin,5,1
2021101100,2042,52442,Michael Pittman,5,1
2021101100,2127,47808,Marquise Brown,5,1
2021101100,2127,52500,Devin Duvernay,5,1
2021101100,2127,52609,James Proche,5,0
2021101100,2172,47808,Marquise Brown,5,3
2021101100,2172,52500,Devin Duvernay,5,3
2021101100,2172,52609,James Proche,5,3
2021101100,2172,53560,Tylan Wallace,5,3
2021101100,2215,47808,Marquise Brown,5,1
2021101100,2215,52500,Devin Duvernay,5,0
2021101100,2215,52609,James Proche,5,0
2021101100,2284,47808,Marquise Brown,5,3
2021101100,2284,52500,Devin Duvernay,5,3
2021101100,2308,47808,Marquise Brown,5,1
2021101100,2308,52500,Devin Duvernay,5,0
2021101100,2308,52609,James Proche,5,0
2021101100,2343,47808,Marquise Brown,5,0
2021101100,2365,47808,Marquise Brown,5,3
2021101100,2365,52500,Devin Duvernay,5,3
2021101100,2365,52609,James Proche,5,3
2021101100,2422,47808,Marquise Brown,5,3
2021101100,2422,52500,Devin Duvernay,5,3
2021101100,2422,52609,James Proche,5,3
2021101100,2634,45102,Zach Pascal,5,3
2021101100,2634,47842,Parris Campbell,5,3
2021101100,2634,52442,Michael Pittman,5,3
2021101100,2686,45102,Zach Pascal,5,3
2021101100,2686,52442,Michael Pittman,5,3
2021101100,2720,47808,Marquise Brown,5,3
2021101100,2720,52500,Devin Duvernay,5,3
2021101100,2720,52609,James Proche,5,3
2021101100,2744,47808,Marquise Brown,5,1
2021101100,2744,52500,Devin Duvernay,5,1
2021101100,2744,52609,James Proche,5,1
2021101100,2813,47808,Marquise Brown,5,0
2021101100,2813,52500,Devin Duvernay,5,3
2021101100,2813,52609,James Proche,5,3
2021101100,2984,45102,Zach Pascal,5,1
2021101100,2984,47842,Parris Campbell,5,3
2021101100,2984,52442,Michael Pittman,5,1
2021101100,3034,45102,Zach Pascal,5,3
2021101100,3034,48118,Ashton Dulin,5,3
2021101100,3034,52442,Michael Pittman,5,3
2021101100,3058,45102,Zach Pascal,5,3
2021101100,3058,47842,Parris Campbell,5,3
2021101100,3058,52442,Michael Pittman,5,3
2021101100,3121,47808,Marquise Brown,5,3
2021101100,3121,52500,Devin Duvernay,5,3
2021101100,3121,52609,James Proche,5,0
2021101100,3148,47808,Marquise Brown,5,0
2021101100,3148,52500,Devin Duvernay,5,3
2021101100,3148,52609,James Proche,5,3
2021101100,3172,47808,Marquise Brown,5,3
2021101100,3172,52500,Devin Duvernay,5,3
2021101100,3172,52609,James Proche,5,3
2021101100,3196,47808,Marquise Brown,5,3
2021101100,3196,52500,Devin Duvernay,5,3
2021101100,3196,52609,James Proche,5,3
2021101100,3220,47808,Marquise Brown,5,1
2021101100,3220,52500,Devin Duvernay,5,3
2021101100,3220,52609,James Proche,5,3
2021101100,3247,47808,Marquise Brown,5,0
2021101100,3247,52500,Devin Duvernay,5,1
2021101100,3247,52609,James Proche,5,3
2021101100,3283,47808,Marquise Brown,5,3
2021101100,3283,52500,Devin Duvernay,5,3
2021101100,3283,52609,James Proche,5,2
2021101100,3336,45102,Zach Pascal,5,0
2021101100,3336,52442,Michael Pittman,5,1
2021101100,3598,47808,Marquise Brown,5,0
2021101100,3598,52500,Devin Duvernay,5,1
2021101100,3598,52609,James Proche,5,0
2021101100,3620,47808,Marquise Brown,5,3
2021101100,3620,52500,Devin Duvernay,5,3
2021101100,3620,52609,James Proche,5,3
2021101100,3644,47808,Marquise Brown,5,3
2021101100,3644,52500,Devin Duvernay,5,3
2021101100,3644,52609,James Proche,5,3
2021101100,3668,47808,Marquise Brown,5,1
2021101100,3668,52500,Devin Duvernay,5,3
2021101100,3668,52609,James Proche,5,3
2021101100,3713,47808,Marquise Brown,5,3
2021101100,3713,52500,Devin Duvernay,5,3
2021101100,3713,52609,James Proche,5,3
2021101100,3735,47808,Marquise Brown,5,0
2021101100,3735,52500,Devin Duvernay,5,3
2021101100,3735,52609,James Proche,5,3
2021101100,3759,47808,Marquise Brown,5,3
2021101100,3759,52500,Devin Duvernay,5,3
2021101100,3759,52609,James Proche,5,0
2021101100,3842,47808,Marquise Brown,5,0
2021101100,3842,52500,Devin Duvernay,5,1
2021101100,3842,52609,James Proche,5,1
2021101100,3867,47808,Marquise Brown,5,3
2021101100,3867,52500,Devin Duvernay,5,3
2021101100,3867,52609,James Proche,5,3
2021101100,3867,53560,Tylan Wallace,5,3
2021101100,3896,45102,Zach Pascal,5,0
2021101100,3896,47842,Parris Campbell,5,0
2021101100,3896,52442,Michael Pittman,5,1
2021101100,3948,45102,Zach Pascal,5,0
2021101100,3948,47842,Parris Campbell,5,0
2021101100,3948,52442,Michael Pittman,5,1
2021101100,4016,45102,Zach Pascal,5,3
2021101100,4016,48118,Ashton Dulin,5,3
2021101100,4016,52442,Michael Pittman,5,3
2021101100,4182,47808,Marquise Brown,5,3
2021101100,4182,52500,Devin Duvernay,5,3
2021101100,4182,52609,James Proche,5,3
2021101100,4236,47808,Marquise Brown,5,3
2021101100,4236,52500,Devin Duvernay,5,3
2021101100,4236,52609,James Proche,5,3
2021101100,4269,47808,Marquise Brown,5,3
2021101100,4269,52500,Devin Duvernay,5,3
2021101100,4269,52609,James Proche,5,3
2021101100,4314,47808,Marquise Brown,5,3
2021101100,4314,52500,Devin Duvernay,5,3
2021101100,4314,52609,James Proche,5,3
2021101100,4401,47808,Marquise Brown,5,3
2021101100,4401,52500,Devin Duvernay,5,1
2021101400,76,35634,Antonio Brown,6,3
2021101400,76,41233,Mike Evans,6,3
2021101400,76,44896,Chris Godwin,6,3
2021101400,100,41233,Mike Evans,6,3
2021101400,100,44896,Chris Godwin,6,0
2021101400,145,35634,Antonio Brown,6,3
2021101400,145,41233,Mike Evans,6,3
2021101400,145,44896,Chris Godwin,6,3
2021101400,169,35634,Antonio Brown,6,3
2021101400,169,41233,Mike Evans,6,3
2021101400,169,44896,Chris Godwin,6,3
2021101400,257,41233,Mike Evans,6,1
2021101400,334,52429,Jalen Reagor,6,0
2021101400,334,53439,DeVonta Smith,6,3
2021101400,419,45607,Greg Ward,6,3
2021101400,419,52429,Jalen Reagor,6,3
2021101400,419,53439,DeVonta Smith,6,3
2021101400,441,52429,Jalen Reagor,6,1
2021101400,441,52608,Quez Watkins,6,0
2021101400,441,53439,DeVonta Smith,6,0
2021101400,500,52429,Jalen Reagor,6,3
2021101400,500,52608,Quez Watkins,6,3
2021101400,500,53439,DeVonta Smith,6,3
2021101400,627,35634,Antonio Brown,6,3
2021101400,627,41233,Mike Evans,6,3
2021101400,627,44896,Chris Godwin,6,3
2021101400,651,41233,Mike Evans,6,3
2021101400,651,44896,Chris Godwin,6,3
2021101400,675,35634,Antonio Brown,6,3
2021101400,675,41233,Mike Evans,6,3
2021101400,675,44896,Chris Godwin,6,3
2021101400,686,52429,Jalen Reagor,6,3
2021101400,686,52608,Quez Watkins,6,3
2021101400,686,53439,DeVonta Smith,6,3
2021101400,836,35634,Antonio Brown,6,0
2021101400,836,41233,Mike Evans,6,0
2021101400,836,44896,Chris Godwin,6,0
2021101400,938,52429,Jalen Reagor,6,3
2021101400,938,52608,Quez Watkins,6,3
2021101400,938,53439,DeVonta Smith,6,3
2021101400,962,52429,Jalen Reagor,6,3
2021101400,962,52608,Quez Watkins,6,3
2021101400,962,53439,DeVonta Smith,6,3
2021101400,1054,35634,Antonio Brown,6,3
2021101400,1054,41233,Mike Evans,6,3
2021101400,1054,44896,Chris Godwin,6,3
2021101400,1171,45607,Greg Ward,6,3
2021101400,1171,52608,Quez Watkins,6,3
2021101400,1171,53439,DeVonta Smith,6,3
2021101400,1253,41233,Mike Evans,6,3
2021101400,1253,44896,Chris Godwin,6,3
2021101400,1253,52569,Tyler Johnson,6,3
2021101400,1375,52429,Jalen Reagor,6,0
2021101400,1375,52608,Quez Watkins,6,3
2021101400,1375,53439,DeVonta Smith,6,3
2021101400,1399,52429,Jalen Reagor,6,3
2021101400,1399,52608,Quez Watkins,6,3
2021101400,1399,53439,DeVonta Smith,6,1
2021101400,1425,41233,Mike Evans,6,0
2021101400,1425,44896,Chris Godwin,6,1
2021101400,1447,35634,Antonio Brown,6,3
2021101400,1447,44896,Chris Godwin,6,3
2021101400,1447,52569,Tyler Johnson,6,3
2021101400,1516,35634,Antonio Brown,6,0
2021101400,1609,41233,Mike Evans,6,3
2021101400,1609,44896,Chris Godwin,6,3
2021101400,1609,52569,Tyler Johnson,6,3
2021101400,1724,52429,Jalen Reagor,6,0
2021101400,1724,52608,Quez Watkins,6,0
2021101400,1724,53439,DeVonta Smith,6,1
2021101400,1778,45607,Greg Ward,6,0
2021101400,1778,52608,Quez Watkins,6,2
2021101400,1778,53439,DeVonta Smith,6,1
2021101400,1879,35634,Antonio Brown,6,3
2021101400,1879,41233,Mike Evans,6,3
2021101400,1879,44896,Chris Godwin,6,0
2021101400,1901,35634,Antonio Brown,6,3
2021101400,1901,41233,Mike Evans,6,3
2021101400,1901,44896,Chris Godwin,6,3
2021101400,1923,35634,Antonio Brown,6,0
2021101400,1923,41233,Mike Evans,6,0
2021101400,1923,44896,Chris Godwin,6,1
2021101400,1959,45607,Greg Ward,6,1
2021101400,1959,52429,Jalen Reagor,6,0
2021101400,1959,53439,DeVonta Smith,6,3
2021101400,1983,45607,Greg Ward,6,0
2021101400,1983,52429,Jalen Reagor,6,1
2021101400,1983,53439,DeVonta Smith,6,1
2021101400,2119,52429,Jalen Reagor,6,1
2021101400,2119,52608,Quez Watkins,6,1
2021101400,2119,53439,DeVonta Smith,6,1
2021101400,2170,52429,Jalen Reagor,6,1
2021101400,2170,52608,Quez Watkins,6,3
2021101400,2170,53439,DeVonta Smith,6,3
2021101400,2217,41233,Mike Evans,6,3
2021101400,2217,44896,Chris Godwin,6,3
2021101400,2241,35634,Antonio Brown,6,3
2021101400,2241,41233,Mike Evans,6,3
2021101400,2241,44896,Chris Godwin,6,3
2021101400,2312,35634,Antonio Brown,6,3
2021101400,2312,41233,Mike Evans,6,3
2021101400,2312,44896,Chris Godwin,6,3
2021101400,2420,35634,Antonio Brown,6,3
2021101400,2420,41233,Mike Evans,6,3
2021101400,2420,44896,Chris Godwin,6,3
2021101400,2578,52429,Jalen Reagor,6,1
2021101400,2578,53439,DeVonta Smith,6,0
2021101400,2611,53439,DeVonta Smith,6,0
2021101400,2722,52429,Jalen Reagor,6,1
2021101400,2722,52608,Quez Watkins,6,3
2021101400,2722,53439,DeVonta Smith,6,3
2021101400,2797,35634,Antonio Brown,6,3
2021101400,2797,41233,Mike Evans,6,3
2021101400,2797,44896,Chris Godwin,6,3
2021101400,2797,52569,Tyler Johnson,6,3
2021101400,2843,35634,Antonio Brown,6,3
2021101400,2843,41233,Mike Evans,6,3
2021101400,2843,44896,Chris Godwin,6,3
2021101400,2843,52569,Tyler Johnson,6,3
2021101400,2951,52429,Jalen Reagor,6,0
2021101400,2951,52608,Quez Watkins,6,0
2021101400,2951,53439,DeVonta Smith,6,0
2021101400,3023,52429,Jalen Reagor,6,0
2021101400,3023,52608,Quez Watkins,6,0
2021101400,3045,52429,Jalen Reagor,6,1
2021101400,3045,53439,DeVonta Smith,6,0
2021101400,3152,52429,Jalen Reagor,6,0
2021101400,3152,52608,Quez Watkins,6,0
2021101400,3152,53439,DeVonta Smith,6,1
2021101400,3278,41233,Mike Evans,6,3
2021101400,3278,44896,Chris Godwin,6,3
2021101400,3302,35634,Antonio Brown,6,3
2021101400,3302,41233,Mike Evans,6,3
2021101400,3302,44896,Chris Godwin,6,3
2021101400,3302,52569,Tyler Johnson,6,3
2021101400,3326,35634,Antonio Brown,6,3
2021101400,3326,41233,Mike Evans,6,3
2021101400,3326,44896,Chris Godwin,6,0
2021101400,3368,41233,Mike Evans,6,3
2021101400,3368,44896,Chris Godwin,6,3
2021101400,3390,52429,Jalen Reagor,6,3
2021101400,3390,52608,Quez Watkins,6,3
2021101400,3390,53439,DeVonta Smith,6,3
2021101400,3509,52608,Quez Watkins,6,3
2021101400,3509,53439,DeVonta Smith,6,3
2021101400,3585,52429,Jalen Reagor,6,3
2021101400,3585,52608,Quez Watkins,6,3
2021101400,3585,53439,DeVonta Smith,6,3
2021101400,3669,35634,Antonio Brown,6,3
2021101400,3669,41233,Mike Evans,6,3
2021101400,3669,44896,Chris Godwin,6,3
2021101400,3761,35634,Antonio Brown,6,1
2021101400,3761,41233,Mike Evans,6,0
2021101400,3761,44896,Chris Godwin,6,1
2021101400,3823,35634,Antonio Brown,6,3
2021101400,3823,41233,Mike Evans,6,3
2021101400,3823,44896,Chris Godwin,6,3
2021101700,95,44931,Mack Hollins,6,3
2021101700,95,53435,Jaylen Waddle,6,3
2021101700,142,41506,Albert Wilson,6,0
2021101700,142,44931,Mack Hollins,6,0
2021101700,142,53435,Jaylen Waddle,6,0
2021101700,213,41506,Albert Wilson,6,0
2021101700,213,44931,Mack Hollins,6,1
2021101700,213,45050,Isaiah Ford,6,3
2021101700,259,41506,Albert Wilson,6,3
2021101700,259,44931,Mack Hollins,6,3
2021101700,259,53435,Jaylen Waddle,6,3
2021101700,283,44931,Mack Hollins,6,3
2021101700,283,53435,Jaylen Waddle,6,3
2021101700,305,44931,Mack Hollins,6,3
2021101700,305,53435,Jaylen Waddle,6,3
2021101700,329,41506,Albert Wilson,6,3
2021101700,329,44931,Mack Hollins,6,3
2021101700,329,53435,Jaylen Waddle,6,3
2021101700,499,44978,Jamal Agnew,6,1
2021101700,499,52450,Laviska Shenault,6,3
2021101700,544,38696,Marvin Jones,6,3
2021101700,544,39954,Tavon Austin,6,3
2021101700,544,52450,Laviska Shenault,6,3
2021101700,632,38696,Marvin Jones,6,3
2021101700,632,44978,Jamal Agnew,6,3
2021101700,632,52450,Laviska Shenault,6,3
2021101700,695,44931,Mack Hollins,6,0
2021101700,695,53435,Jaylen Waddle,6,3
2021101700,768,53435,Jaylen Waddle,6,0
2021101700,802,41506,Albert Wilson,6,3
2021101700,802,44931,Mack Hollins,6,3
2021101700,874,44931,Mack Hollins,6,3
2021101700,874,53435,Jaylen Waddle,6,3
2021101700,994,38696,Marvin Jones,6,0
2021101700,994,44978,Jamal Agnew,6,2
2021101700,994,52450,Laviska Shenault,6,1
2021101700,1048,38696,Marvin Jones,6,3
2021101700,1048,39954,Tavon Austin,6,0
2021101700,1048,44978,Jamal Agnew,6,0
2021101700,1077,38696,Marvin Jones,6,3
2021101700,1077,39954,Tavon Austin,6,0
2021101700,1077,52450,Laviska Shenault,6,3
2021101700,1166,41506,Albert Wilson,6,3
2021101700,1166,44931,Mack Hollins,6,3
2021101700,1166,53435,Jaylen Waddle,6,3
2021101700,1190,41506,Albert Wilson,6,3
2021101700,1190,44931,Mack Hollins,6,3
2021101700,1190,53435,Jaylen Waddle,6,3
2021101700,1337,44931,Mack Hollins,6,3
2021101700,1337,53435,Jaylen Waddle,6,3
2021101700,1359,44931,Mack Hollins,6,3
2021101700,1359,53435,Jaylen Waddle,6,1
2021101700,1388,41506,Albert Wilson,6,1
2021101700,1388,44931,Mack Hollins,6,3
2021101700,1388,53435,Jaylen Waddle,6,1
2021101700,1438,44931,Mack Hollins,6,0
2021101700,1438,53435,Jaylen Waddle,6,3
2021101700,1462,44931,Mack Hollins,6,3
2021101700,1462,53435,Jaylen Waddle,6,2
2021101700,1507,44931,Mack Hollins,6,3
2021101700,1507,53435,Jaylen Waddle,6,3
2021101700,1563,38696,Marvin Jones,6,1
2021101700,1563,44978,Jamal Agnew,6,3
2021101700,1563,52450,Laviska Shenault,6,3
2021101700,1592,38696,Marvin Jones,6,3
2021101700,1592,44978,Jamal Agnew,6,3
2021101700,1592,52450,Laviska Shenault,6,3
2021101700,1621,43312,Laquon Treadwell,6,3
2021101700,1621,52450,Laviska Shenault,6,1
2021101700,1693,38696,Marvin Jones,6,3
2021101700,1693,39954,Tavon Austin,6,3
2021101700,1693,44978,Jamal Agnew,6,3
2021101700,1714,38696,Marvin Jones,6,3
2021101700,1714,44978,Jamal Agnew,6,3
2021101700,1714,52450,Laviska Shenault,6,3
2021101700,1765,38696,Marvin Jones,6,0
2021101700,1765,39954,Tavon Austin,6,0
2021101700,1814,38696,Marvin Jones,6,0
2021101700,1814,44978,Jamal Agnew,6,0
2021101700,1814,52450,Laviska Shenault,6,0
2021101700,1853,38696,Marvin Jones,6,0
2021101700,1853,44978,Jamal Agnew,6,0
2021101700,1853,52450,Laviska Shenault,6,1
2021101700,1929,44931,Mack Hollins,6,3
2021101700,1929,53435,Jaylen Waddle,6,3
2021101700,2008,41506,Albert Wilson,6,3
2021101700,2008,44931,Mack Hollins,6,3
2021101700,2008,53435,Jaylen Waddle,6,3
2021101700,2056,38696,Marvin Jones,6,3
2021101700,2056,44978,Jamal Agnew,6,3
2021101700,2056,52450,Laviska Shenault,6,3
2021101700,2085,38696,Marvin Jones,6,1
2021101700,2085,44978,Jamal Agnew,6,1
2021101700,2085,52450,Laviska Shenault,6,0
2021101700,2156,38696,Marvin Jones,6,3
2021101700,2156,44978,Jamal Agnew,6,0
2021101700,2156,52450,Laviska Shenault,6,3
2021101700,2178,38696,Marvin Jones,6,3
2021101700,2178,44978,Jamal Agnew,6,3
2021101700,2178,52450,Laviska Shenault,6,3
2021101700,2219,38696,Marvin Jones,6,3
2021101700,2219,44978,Jamal Agnew,6,3
2021101700,2219,52450,Laviska Shenault,6,3
2021101700,2275,44931,Mack Hollins,6,3
2021101700,2275,53435,Jaylen Waddle,6,3
2021101700,2297,44931,Mack Hollins,6,3
2021101700,2297,53435,Jaylen Waddle,6,3
2021101700,2326,44931,Mack Hollins,6,3
2021101700,2326,53435,Jaylen Waddle,6,3
2021101700,2372,41506,Albert Wilson,6,0
2021101700,2372,44931,Mack Hollins,6,0
2021101700,2372,53435,Jaylen Waddle,6,1
2021101700,2467,38696,Marvin Jones,6,3
2021101700,2467,52450,Laviska Shenault,6,3
2021101700,2514,38696,Marvin Jones,6,3
2021101700,2514,44978,Jamal Agnew,6,3
2021101700,2514,52450,Laviska Shenault,6,3
2021101700,2536,38696,Marvin Jones,6,3
2021101700,2536,44978,Jamal Agnew,6,3
2021101700,2536,52450,Laviska Shenault,6,3
2021101700,2560,38696,Marvin Jones,6,0
2021101700,2560,44978,Jamal Agnew,6,0
2021101700,2560,52450,Laviska Shenault,6,0
2021101700,2721,44931,Mack Hollins,6,3
2021101700,2721,53435,Jaylen Waddle,6,3
2021101700,2831,44931,Mack Hollins,6,1
2021101700,2831,45050,Isaiah Ford,6,3
2021101700,2831,53435,Jaylen Waddle,6,3
2021101700,2855,41506,Albert Wilson,6,3
2021101700,2855,44931,Mack Hollins,6,3
2021101700,2904,41506,Albert Wilson,6,3
2021101700,2904,44931,Mack Hollins,6,3
2021101700,2952,41506,Albert Wilson,6,1
2021101700,2952,44931,Mack Hollins,6,0
2021101700,2952,45050,Isaiah Ford,6,0
2021101700,2952,53435,Jaylen Waddle,6,0
2021101700,3056,38696,Marvin Jones,6,3
2021101700,3056,52450,Laviska Shenault,6,3
2021101700,3106,38696,Marvin Jones,6,0
2021101700,3106,52450,Laviska Shenault,6,0
2021101700,3151,38696,Marvin Jones,6,0
2021101700,3151,39954,Tavon Austin,6,0
2021101700,3180,44931,Mack Hollins,6,0
2021101700,3180,53435,Jaylen Waddle,6,3
2021101700,3206,38696,Marvin Jones,6,0
2021101700,3206,39954,Tavon Austin,6,0
2021101700,3280,38696,Marvin Jones,6,3
2021101700,3280,44978,Jamal Agnew,6,3
2021101700,3280,52450,Laviska Shenault,6,3
2021101700,3309,43312,Laquon Treadwell,6,1
2021101700,3352,44931,Mack Hollins,6,0
2021101700,3352,53435,Jaylen Waddle,6,1
2021101700,3450,41506,Albert Wilson,6,3
2021101700,3450,44931,Mack Hollins,6,3
2021101700,3450,53435,Jaylen Waddle,6,3
2021101700,3479,44931,Mack Hollins,6,3
2021101700,3479,53435,Jaylen Waddle,6,3
2021101700,3503,44931,Mack Hollins,6,3
2021101700,3503,53435,Jaylen Waddle,6,3
2021101700,3609,38696,Marvin Jones,6,2
2021101700,3609,39954,Tavon Austin,6,1
2021101700,3609,44978,Jamal Agnew,6,3
2021101700,3631,38696,Marvin Jones,6,0
2021101700,3631,44978,Jamal Agnew,6,0
2021101700,3631,52450,Laviska Shenault,6,0
2021101700,3678,38696,Marvin Jones,6,3
2021101700,3678,39954,Tavon Austin,6,3
2021101700,3678,44978,Jamal Agnew,6,3
2021101700,3700,43312,Laquon Treadwell,6,0
2021101700,3700,44978,Jamal Agnew,6,0
2021101700,3700,52450,Laviska Shenault,6,3
2021101700,3724,43312,Laquon Treadwell,6,3
2021101700,3724,44978,Jamal Agnew,6,3
2021101700,3724,52450,Laviska Shenault,6,3
2021101700,3815,44931,Mack Hollins,6,3
2021101700,3815,53435,Jaylen Waddle,6,3
2021101700,3839,41506,Albert Wilson,6,3
2021101700,3839,44931,Mack Hollins,6,3
2021101700,3839,53435,Jaylen Waddle,6,3
2021101700,3951,38696,Marvin Jones,6,3
2021101700,3951,44978,Jamal Agnew,6,3
2021101700,3951,52450,Laviska Shenault,6,3
2021101700,3980,44978,Jamal Agnew,6,0
2021101700,3980,52450,Laviska Shenault,6,0
2021101700,4025,38696,Marvin Jones,6,1
2021101700,4025,52450,Laviska Shenault,6,0
2021101700,4047,38696,Marvin Jones,6,3
2021101700,4047,44978,Jamal Agnew,6,3
2021101700,4047,52450,Laviska Shenault,6,3
2021101700,4071,38696,Marvin Jones,6,3
2021101700,4071,44978,Jamal Agnew,6,3
2021101700,4071,52450,Laviska Shenault,6,3
2021101700,4120,38696,Marvin Jones,6,0
2021101700,4120,44978,Jamal Agnew,6,1
2021101700,4120,52450,Laviska Shenault,6,0
2021101700,4176,44931,Mack Hollins,6,3
2021101700,4176,53435,Jaylen Waddle,6,3
2021101700,4285,44931,Mack Hollins,6,3
2021101700,4285,53435,Jaylen Waddle,6,3
2021101700,4307,41506,Albert Wilson,6,3
2021101700,4307,44931,Mack Hollins,6,3
2021101700,4307,53435,Jaylen Waddle,6,3
2021101700,4424,38696,Marvin Jones,6,3
2021101700,4424,44978,Jamal Agnew,6,3
2021101700,4424,52450,Laviska Shenault,6,3
2021101700,4498,38696,Marvin Jones,6,3
2021101700,4498,44978,Jamal Agnew,6,3
2021101700,4498,52450,Laviska Shenault,6,3
2021101701,63,40024,Keenan Allen,6,1
2021101701,63,44819,Mike Williams,6,3
2021101701,132,40024,Keenan Allen,6,3
2021101701,132,44819,Mike Williams,6,3
2021101701,132,48556,Jalen Guyton,6,3
2021101701,161,40024,Keenan Allen,6,3
2021101701,206,40024,Keenan Allen,6,0
2021101701,206,44819,Mike Williams,6,0
2021101701,228,48556,Jalen Guyton,6,2
2021101701,228,52628,K.J. Hill,6,3
2021101701,228,53506,Josh Palmer,6,3
2021101701,336,47808,Marquise Brown,6,0
2021101701,379,47808,Marquise Brown,6,3
2021101701,379,52609,James Proche,6,3
2021101701,379,53456,Rashod Bateman,6,3
2021101701,403,47808,Marquise Brown,6,0
2021101701,403,52500,Devin Duvernay,6,0
2021101701,459,47808,Marquise Brown,6,0
2021101701,459,53456,Rashod Bateman,6,0
2021101701,642,40024,Keenan Allen,6,3
2021101701,642,44819,Mike Williams,6,3
2021101701,642,48556,Jalen Guyton,6,1
2021101701,713,47808,Marquise Brown,6,0
2021101701,713,52500,Devin Duvernay,6,0
2021101701,807,47808,Marquise Brown,6,0
2021101701,807,53456,Rashod Bateman,6,0
2021101701,914,52500,Devin Duvernay,6,3
2021101701,1036,40024,Keenan Allen,6,3
2021101701,1036,44819,Mike Williams,6,3
2021101701,1036,48556,Jalen Guyton,6,3
2021101701,1104,47808,Marquise Brown,6,3
2021101701,1104,52500,Devin Duvernay,6,3
2021101701,1104,53456,Rashod Bateman,6,3
2021101701,1126,47808,Marquise Brown,6,0
2021101701,1126,53456,Rashod Bateman,6,1
2021101701,1184,40024,Keenan Allen,6,3
2021101701,1208,48556,Jalen Guyton,6,2
2021101701,1230,40024,Keenan Allen,6,3
2021101701,1230,44819,Mike Williams,6,3
2021101701,1230,48556,Jalen Guyton,6,3
2021101701,1254,40024,Keenan Allen,6,3
2021101701,1254,44819,Mike Williams,6,3
2021101701,1254,48556,Jalen Guyton,6,3
2021101701,1276,40024,Keenan Allen,6,3
2021101701,1276,44819,Mike Williams,6,3
2021101701,1276,48556,Jalen Guyton,6,3
2021101701,1493,40024,Keenan Allen,6,3
2021101701,1493,48556,Jalen Guyton,6,3
2021101701,1493,53506,Josh Palmer,6,3
2021101701,1517,40024,Keenan Allen,6,3
2021101701,1517,48556,Jalen Guyton,6,2
2021101701,1517,53506,Josh Palmer,6,3
2021101701,1557,47808,Marquise Brown,6,0
2021101701,1557,53456,Rashod Bateman,6,0
2021101701,1716,47808,Marquise Brown,6,2
2021101701,1716,53456,Rashod Bateman,6,3
2021101701,1822,47808,Marquise Brown,6,3
2021101701,1822,52609,James Proche,6,1
2021101701,1822,53456,Rashod Bateman,6,0
2021101701,2014,47808,Marquise Brown,6,3
2021101701,2014,52500,Devin Duvernay,6,3
2021101701,2014,53456,Rashod Bateman,6,3
2021101701,2212,47808,Marquise Brown,6,3
2021101701,2212,52500,Devin Duvernay,6,1
2021101701,2338,40024,Keenan Allen,6,0
2021101701,2338,44819,Mike Williams,6,3
2021101701,2338,48556,Jalen Guyton,6,3
2021101701,2392,40024,Keenan Allen,6,3
2021101701,2392,48556,Jalen Guyton,6,3
2021101701,2392,53506,Josh Palmer,6,3
2021101701,2435,47808,Marquise Brown,6,3
2021101701,2435,53456,Rashod Bateman,6,3
2021101701,2457,47808,Marquise Brown,6,3
2021101701,2457,52609,James Proche,6,3
2021101701,2457,53456,Rashod Bateman,6,3
2021101701,2519,40024,Keenan Allen,6,3
2021101701,2519,44819,Mike Williams,6,3
2021101701,2519,48556,Jalen Guyton,6,1
2021101701,2563,40024,Keenan Allen,6,3
2021101701,2563,53506,Josh Palmer,6,3
2021101701,2631,47808,Marquise Brown,6,3
2021101701,2631,53456,Rashod Bateman,6,3
2021101701,2702,47808,Marquise Brown,6,3
2021101701,2702,52500,Devin Duvernay,6,3
2021101701,2747,52500,Devin Duvernay,6,0
2021101701,2786,47808,Marquise Brown,6,0
2021101701,2786,52500,Devin Duvernay,6,3
2021101701,2786,53456,Rashod Bateman,6,1
2021101701,2899,40024,Keenan Allen,6,3
2021101701,2899,48556,Jalen Guyton,6,3
2021101701,2899,53506,Josh Palmer,6,3
2021101701,2923,40024,Keenan Allen,6,3
2021101701,2923,53506,Josh Palmer,6,3
2021101701,2947,40024,Keenan Allen,6,0
2021101701,2947,53506,Josh Palmer,6,3
2021101701,3010,40024,Keenan Allen,6,3
2021101701,3010,48556,Jalen Guyton,6,3
2021101701,3010,53506,Josh Palmer,6,3
2021101701,3032,40024,Keenan Allen,6,3
2021101701,3032,48556,Jalen Guyton,6,3
2021101701,3032,53506,Josh Palmer,6,3
2021101701,3080,40024,Keenan Allen,6,3
2021101701,3113,40024,Keenan Allen,6,0
2021101701,3113,48556,Jalen Guyton,6,0
2021101701,3113,53506,Josh Palmer,6,0
2021101701,3137,40024,Keenan Allen,6,0
2021101701,3137,48556,Jalen Guyton,6,0
2021101701,3137,53506,Josh Palmer,6,0
2021101701,3172,40024,Keenan Allen,6,0
2021101701,3172,48556,Jalen Guyton,6,1
2021101701,3172,53506,Josh Palmer,6,0
2021101701,3236,47876,Miles Boykin,6,3
2021101701,3326,47808,Marquise Brown,6,3
2021101701,3326,52500,Devin Duvernay,6,3
2021101701,3326,53456,Rashod Bateman,6,3
2021101701,3376,40024,Keenan Allen,6,3
2021101701,3376,48556,Jalen Guyton,6,3
2021101701,3376,53506,Josh Palmer,6,3
2021101701,3476,40024,Keenan Allen,6,1
2021101701,3476,53506,Josh Palmer,6,3
2021101701,3500,48556,Jalen Guyton,6,3
2021101701,3500,53506,Josh Palmer,6,3
2021101701,3564,40024,Keenan Allen,6,3
2021101701,3564,48556,Jalen Guyton,6,3
2021101701,3564,53506,Josh Palmer,6,3
2021101702,55,43808,Robby Anderson,6,0
2021101702,55,46093,D.J. Moore,6,0
2021101702,123,40488,Adam Thielen,6,3
2021101702,123,52430,Justin Jefferson,6,3
2021101702,123,52584,K.J. Osborn,6,3
2021101702,173,40488,Adam Thielen,6,3
2021101702,173,52430,Justin Jefferson,6,3
2021101702,173,52584,K.J. Osborn,6,3
2021101702,197,40488,Adam Thielen,6,3
2021101702,197,52430,Justin Jefferson,6,3
2021101702,197,52584,K.J. Osborn,6,3
2021101702,257,43808,Robby Anderson,6,1
2021101702,257,46093,D.J. Moore,6,3
2021101702,257,53488,Terrace Marshall,6,3
2021101702,354,43808,Robby Anderson,6,0
2021101702,354,46093,D.J. Moore,6,0
2021101702,428,40488,Adam Thielen,6,3
2021101702,428,52430,Justin Jefferson,6,1
2021101702,428,52584,K.J. Osborn,6,3
2021101702,606,40488,Adam Thielen,6,0
2021101702,606,52430,Justin Jefferson,6,0
2021101702,606,52584,K.J. Osborn,6,1
2021101702,628,40488,Adam Thielen,6,3
2021101702,628,44923,Dede Westbrook,6,3
2021101702,628,52584,K.J. Osborn,6,3
2021101702,628,52878,Dan Chisena,6,3
2021101702,652,40488,Adam Thielen,6,3
2021101702,652,52430,Justin Jefferson,6,3
2021101702,697,40488,Adam Thielen,6,3
2021101702,768,40488,Adam Thielen,6,3
2021101702,768,52430,Justin Jefferson,6,3
2021101702,790,40488,Adam Thielen,6,3
2021101702,790,52430,Justin Jefferson,6,3
2021101702,790,52584,K.J. Osborn,6,3
2021101702,947,43808,Robby Anderson,6,3
2021101702,947,46093,D.J. Moore,6,3
2021101702,947,53488,Terrace Marshall,6,3
2021101702,947,53633,Shi Smith,6,3
2021101702,1126,40488,Adam Thielen,6,0
2021101702,1126,52430,Justin Jefferson,6,1
2021101702,1224,40488,Adam Thielen,6,3
2021101702,1224,52430,Justin Jefferson,6,3
2021101702,1224,52584,K.J. Osborn,6,3
2021101702,1379,43808,Robby Anderson,6,3
2021101702,1379,46093,D.J. Moore,6,3
2021101702,1379,53488,Terrace Marshall,6,3
2021101702,1417,46093,D.J. Moore,6,3
2021101702,1417,53488,Terrace Marshall,6,0
2021101702,1439,43808,Robby Anderson,6,3
2021101702,1439,46093,D.J. Moore,6,3
2021101702,1439,53488,Terrace Marshall,6,1
2021101702,1697,43808,Robby Anderson,6,3
2021101702,1697,46093,D.J. Moore,6,3
2021101702,1697,53488,Terrace Marshall,6,3
2021101702,1741,43808,Robby Anderson,6,3
2021101702,1741,46093,D.J. Moore,6,3
2021101702,1741,53488,Terrace Marshall,6,3
2021101702,1813,43663,Alex Erickson,6,3
2021101702,1813,43808,Robby Anderson,6,3
2021101702,1813,46093,D.J. Moore,6,3
2021101702,1869,40488,Adam Thielen,6,3
2021101702,1869,52430,Justin Jefferson,6,3
2021101702,1869,52584,K.J. Osborn,6,3
2021101702,1914,40488,Adam Thielen,6,0
2021101702,1914,52430,Justin Jefferson,6,1
2021101702,1914,52584,K.J. Osborn,6,0
2021101702,2084,43663,Alex Erickson,6,3
2021101702,2084,43808,Robby Anderson,6,1
2021101702,2084,46093,D.J. Moore,6,3
2021101702,2108,43663,Alex Erickson,6,3
2021101702,2108,43808,Robby Anderson,6,3
2021101702,2108,46093,D.J. Moore,6,3
2021101702,2130,43663,Alex Erickson,6,3
2021101702,2130,43808,Robby Anderson,6,3
2021101702,2130,46093,D.J. Moore,6,3
2021101702,2251,43663,Alex Erickson,6,0
2021101702,2251,43808,Robby Anderson,6,0
2021101702,2251,46093,D.J. Moore,6,0
2021101702,2292,40488,Adam Thielen,6,3
2021101702,2292,44923,Dede Westbrook,6,3
2021101702,2292,52430,Justin Jefferson,6,3
2021101702,2292,52584,K.J. Osborn,6,3
2021101702,2352,40488,Adam Thielen,6,3
2021101702,2352,52430,Justin Jefferson,6,3
2021101702,2352,52584,K.J. Osborn,6,3
2021101702,2393,40488,Adam Thielen,6,3
2021101702,2393,44923,Dede Westbrook,6,3
2021101702,2393,52430,Justin Jefferson,6,3
2021101702,2393,52584,K.J. Osborn,6,3
2021101702,2415,40488,Adam Thielen,6,3
2021101702,2415,44923,Dede Westbrook,6,3
2021101702,2415,52430,Justin Jefferson,6,3
2021101702,2415,52584,K.J. Osborn,6,3
2021101702,2503,40488,Adam Thielen,6,3
2021101702,2503,52430,Justin Jefferson,6,3
2021101702,2601,40488,Adam Thielen,6,1
2021101702,2601,52430,Justin Jefferson,6,0
2021101702,2601,52584,K.J. Osborn,6,3
2021101702,2697,43808,Robby Anderson,6,0
2021101702,2697,44123,Brandon Zylstra,6,1
2021101702,2697,46093,D.J. Moore,6,3
2021101702,2793,43808,Robby Anderson,6,0
2021101702,2793,44123,Brandon Zylstra,6,3
2021101702,2793,46093,D.J. Moore,6,0
2021101702,2847,43808,Robby Anderson,6,1
2021101702,2847,46093,D.J. Moore,6,1
2021101702,2869,43808,Robby Anderson,6,3
2021101702,2869,44123,Brandon Zylstra,6,3
2021101702,2869,46093,D.J. Moore,6,3
2021101702,2954,40488,Adam Thielen,6,3
2021101702,2954,44923,Dede Westbrook,6,3
2021101702,2954,52430,Justin Jefferson,6,3
2021101702,2954,52584,K.J. Osborn,6,3
2021101702,2976,40488,Adam Thielen,6,3
2021101702,2976,44923,Dede Westbrook,6,3
2021101702,2976,52430,Justin Jefferson,6,3
2021101702,2976,52584,K.J. Osborn,6,3
2021101702,3130,40488,Adam Thielen,6,0
2021101702,3130,52430,Justin Jefferson,6,3
2021101702,3177,40488,Adam Thielen,6,3
2021101702,3177,44923,Dede Westbrook,6,3
2021101702,3177,52430,Justin Jefferson,6,3
2021101702,3177,52584,K.J. Osborn,6,3
2021101702,3255,44123,Brandon Zylstra,6,3
2021101702,3255,46093,D.J. Moore,6,3
2021101702,3255,53633,Shi Smith,6,2
2021101702,3295,40488,Adam Thielen,6,0
2021101702,3295,52430,Justin Jefferson,6,0
2021101702,3295,52584,K.J. Osborn,6,1
2021101702,3345,40488,Adam Thielen,6,3
2021101702,3345,52430,Justin Jefferson,6,3
2021101702,3345,52584,K.J. Osborn,6,3
2021101702,3367,40488,Adam Thielen,6,3
2021101702,3367,52430,Justin Jefferson,6,3
2021101702,3367,52584,K.J. Osborn,6,3
2021101702,3489,43808,Robby Anderson,6,0
2021101702,3489,46093,D.J. Moore,6,0
2021101702,3680,40488,Adam Thielen,6,3
2021101702,3680,52430,Justin Jefferson,6,3
2021101702,3680,52584,K.J. Osborn,6,3
2021101702,3794,40488,Adam Thielen,6,3
2021101702,3794,44923,Dede Westbrook,6,3
2021101702,3794,52430,Justin Jefferson,6,3
2021101702,3794,52584,K.J. Osborn,6,3
2021101702,3902,43808,Robby Anderson,6,3
2021101702,3902,44123,Brandon Zylstra,6,3
2021101702,3902,46093,D.J. Moore,6,3
2021101702,3954,43663,Alex Erickson,6,3
2021101702,3954,43808,Robby Anderson,6,3
2021101702,3954,46093,D.J. Moore,6,3
2021101702,3976,43663,Alex Erickson,6,3
2021101702,3976,43808,Robby Anderson,6,3
2021101702,3976,46093,D.J. Moore,6,3
2021101702,4047,40488,Adam Thielen,6,3
2021101702,4047,52430,Justin Jefferson,6,3
2021101702,4047,52584,K.J. Osborn,6,3
2021101702,4110,43808,Robby Anderson,6,3
2021101702,4110,44123,Brandon Zylstra,6,3
2021101702,4110,46093,D.J. Moore,6,3
2021101702,4134,43808,Robby Anderson,6,3
2021101702,4134,44123,Brandon Zylstra,6,3
2021101702,4134,46093,D.J. Moore,6,3
2021101702,4158,43808,Robby Anderson,6,0
2021101702,4158,44123,Brandon Zylstra,6,0
2021101702,4158,46093,D.J. Moore,6,0
2021101702,4201,43808,Robby Anderson,6,0
2021101702,4201,44123,Brandon Zylstra,6,1
2021101702,4201,46093,D.J. Moore,6,2
2021101702,4257,40488,Adam Thielen,6,0
2021101702,4257,52430,Justin Jefferson,6,0
2021101702,4412,43808,Robby Anderson,6,0
2021101702,4412,44123,Brandon Zylstra,6,3
2021101702,4412,46093,D.J. Moore,6,3
2021101702,4434,43808,Robby Anderson,6,3
2021101702,4434,44123,Brandon Zylstra,6,3
2021101702,4434,46093,D.J. Moore,6,3
2021101702,4477,43808,Robby Anderson,6,3
2021101702,4477,44123,Brandon Zylstra,6,1
2021101702,4477,46093,D.J. Moore,6,3
2021101702,4499,43808,Robby Anderson,6,3
2021101702,4499,44123,Brandon Zylstra,6,3
2021101702,4499,46093,D.J. Moore,6,3
2021101702,4523,43808,Robby Anderson,6,3
2021101702,4523,44123,Brandon Zylstra,6,3
2021101702,4523,46093,D.J. Moore,6,3
2021101702,4573,43808,Robby Anderson,6,3
2021101702,4573,44123,Brandon Zylstra,6,3
2021101702,4573,46093,D.J. Moore,6,3
2021101702,4595,43808,Robby Anderson,6,3
2021101702,4595,44123,Brandon Zylstra,6,0
2021101702,4595,46093,D.J. Moore,6,2
2021101702,4624,43808,Robby Anderson,6,3
2021101702,4624,44123,Brandon Zylstra,6,3
2021101702,4624,46093,D.J. Moore,6,3
2021101702,4663,43808,Robby Anderson,6,3
2021101702,4663,44123,Brandon Zylstra,6,3
2021101702,4663,46093,D.J. Moore,6,3
2021101702,4692,43808,Robby Anderson,6,3
2021101702,4692,44123,Brandon Zylstra,6,3
2021101702,4692,46093,D.J. Moore,6,3
2021101702,4746,40488,Adam Thielen,6,3
2021101702,4746,44923,Dede Westbrook,6,3
2021101702,4746,52430,Justin Jefferson,6,3
2021101702,4746,52584,K.J. Osborn,6,3
2021101702,4801,40488,Adam Thielen,6,3
2021101702,4801,44923,Dede Westbrook,6,3
2021101702,4801,52430,Justin Jefferson,6,3
2021101702,4801,52584,K.J. Osborn,6,3
2021101702,4883,40488,Adam Thielen,6,3
2021101702,4883,52430,Justin Jefferson,6,3
2021101702,4883,52584,K.J. Osborn,6,3
2021101702,5036,40488,Adam Thielen,6,3
2021101702,5036,52430,Justin Jefferson,6,3
2021101702,5087,40488,Adam Thielen,6,0
2021101702,5087,52430,Justin Jefferson,6,0
2021101702,5133,40488,Adam Thielen,6,1
2021101702,5133,52430,Justin Jefferson,6,0
2021101702,5133,52584,K.J. Osborn,6,1
2021101702,5223,40488,Adam Thielen,6,3
2021101702,5223,52430,Justin Jefferson,6,3
2021101702,5223,52584,K.J. Osborn,6,0
2021101703,143,37139,Randall Cobb,6,3
2021101703,143,41282,Davante Adams,6,3
2021101703,143,46705,Allen Lazard,6,3
2021101703,218,37139,Randall Cobb,6,3
2021101703,218,41282,Davante Adams,6,3
2021101703,218,46276,Equanimeous St. Brown,6,3
2021101703,343,41290,Allen Robinson,6,1
2021101703,343,52581,Darnell Mooney,6,3
2021101703,393,41290,Allen Robinson,6,3
2021101703,393,52581,Darnell Mooney,6,3
2021101703,422,41290,Allen Robinson,6,3
2021101703,422,52581,Darnell Mooney,6,3
2021101703,451,40026,Marquise Goodwin,6,0
2021101703,451,41290,Allen Robinson,6,3
2021101703,451,52581,Darnell Mooney,6,1
2021101703,627,37139,Randall Cobb,6,0
2021101703,627,41282,Davante Adams,6,0
2021101703,627,46705,Allen Lazard,6,0
2021101703,802,41290,Allen Robinson,6,3
2021101703,802,52581,Darnell Mooney,6,3
2021101703,841,40026,Marquise Goodwin,6,3
2021101703,841,41290,Allen Robinson,6,3
2021101703,841,52581,Darnell Mooney,6,3
2021101703,920,40026,Marquise Goodwin,6,0
2021101703,920,41290,Allen Robinson,6,0
2021101703,920,52581,Darnell Mooney,6,0
2021101703,966,40026,Marquise Goodwin,6,0
2021101703,966,41290,Allen Robinson,6,0
2021101703,966,52581,Darnell Mooney,6,0
2021101703,993,41282,Davante Adams,6,0
2021101703,993,46705,Allen Lazard,6,1
2021101703,1090,37139,Randall Cobb,6,3
2021101703,1090,41282,Davante Adams,6,3
2021101703,1090,46705,Allen Lazard,6,3
2021101703,1208,41282,Davante Adams,6,3
2021101703,1208,46705,Allen Lazard,6,3
2021101703,1394,40026,Marquise Goodwin,6,3
2021101703,1394,41290,Allen Robinson,6,3
2021101703,1394,52581,Darnell Mooney,6,3
2021101703,1612,37139,Randall Cobb,6,3
2021101703,1612,41282,Davante Adams,6,1
2021101703,1612,46705,Allen Lazard,6,3
2021101703,1634,37139,Randall Cobb,6,3
2021101703,1634,41282,Davante Adams,6,3
2021101703,1634,46276,Equanimeous St. Brown,6,3
2021101703,1634,53514,Amari Rodgers,6,3
2021101703,1872,40026,Marquise Goodwin,6,1
2021101703,1872,41290,Allen Robinson,6,3
2021101703,1872,52581,Darnell Mooney,6,3
2021101703,1896,40026,Marquise Goodwin,6,3
2021101703,1896,41290,Allen Robinson,6,3
2021101703,1896,52581,Darnell Mooney,6,3
2021101703,1978,40026,Marquise Goodwin,6,0
2021101703,1978,41290,Allen Robinson,6,0
2021101703,1978,52581,Darnell Mooney,6,0
2021101703,2221,40026,Marquise Goodwin,6,3
2021101703,2221,41290,Allen Robinson,6,3
2021101703,2221,52581,Darnell Mooney,6,3
2021101703,2306,41282,Davante Adams,6,3
2021101703,2306,46705,Allen Lazard,6,3
2021101703,2398,37139,Randall Cobb,6,3
2021101703,2398,41282,Davante Adams,6,3
2021101703,2398,46705,Allen Lazard,6,3
2021101703,2431,46705,Allen Lazard,6,1
2021101703,2431,47970,Juwann Winfree,6,3
2021101703,2485,41282,Davante Adams,6,3
2021101703,2485,46705,Allen Lazard,6,3
2021101703,2535,41282,Davante Adams,6,3
2021101703,2564,37139,Randall Cobb,6,1
2021101703,2564,41282,Davante Adams,6,3
2021101703,2564,46705,Allen Lazard,6,1
2021101703,2656,40026,Marquise Goodwin,6,0
2021101703,2656,42899,Damiere Byrd,6,0
2021101703,2656,52581,Darnell Mooney,6,3
2021101703,2786,41290,Allen Robinson,6,1
2021101703,2786,52581,Darnell Mooney,6,3
2021101703,2810,40026,Marquise Goodwin,6,1
2021101703,2810,52581,Darnell Mooney,6,3
2021101703,2868,41282,Davante Adams,6,3
2021101703,2868,46705,Allen Lazard,6,3
2021101703,2940,37139,Randall Cobb,6,3
2021101703,2940,41282,Davante Adams,6,3
2021101703,2940,46705,Allen Lazard,6,3
2021101703,3059,40026,Marquise Goodwin,6,3
2021101703,3059,41290,Allen Robinson,6,0
2021101703,3059,52581,Darnell Mooney,6,0
2021101703,3083,40026,Marquise Goodwin,6,3
2021101703,3083,42899,Damiere Byrd,6,1
2021101703,3083,52581,Darnell Mooney,6,3
2021101703,3189,41290,Allen Robinson,6,3
2021101703,3218,40026,Marquise Goodwin,6,3
2021101703,3218,41290,Allen Robinson,6,3
2021101703,3218,52581,Darnell Mooney,6,1
2021101703,3265,41290,Allen Robinson,6,3
2021101703,3265,52581,Darnell Mooney,6,1
2021101703,3357,41282,Davante Adams,6,3
2021101703,3357,46705,Allen Lazard,6,3
2021101703,3357,53514,Amari Rodgers,6,3
2021101703,3381,41282,Davante Adams,6,3
2021101703,3381,46705,Allen Lazard,6,3
2021101703,3403,37139,Randall Cobb,6,3
2021101703,3403,41282,Davante Adams,6,3
2021101703,3403,46705,Allen Lazard,6,3
2021101703,3449,46276,Equanimeous St. Brown,6,0
2021101703,3449,46705,Allen Lazard,6,3
2021101703,3580,41290,Allen Robinson,6,1
2021101703,3580,42899,Damiere Byrd,6,3
2021101703,3580,52581,Darnell Mooney,6,3
2021101703,3669,40026,Marquise Goodwin,6,3
2021101703,3669,41290,Allen Robinson,6,3
2021101703,3669,52581,Darnell Mooney,6,3
2021101703,3809,40026,Marquise Goodwin,6,0
2021101703,3809,41290,Allen Robinson,6,0
2021101703,3809,52581,Darnell Mooney,6,0
2021101704,83,43584,Kalif Raymond,6,3
2021101704,83,46992,KhaDarel Hodge,6,3
2021101704,162,43584,Kalif Raymond,6,0
2021101704,162,46992,KhaDarel Hodge,6,3
2021101704,162,53541,Amon-Ra St. Brown,6,3
2021101704,252,43344,Tyler Boyd,6,3
2021101704,252,52441,Tee Higgins,6,3
2021101704,252,53434,Ja'Marr Chase,6,3
2021101704,318,52441,Tee Higgins,6,1
2021101704,318,53434,Ja'Marr Chase,6,3
2021101704,366,43344,Tyler Boyd,6,3
2021101704,366,52441,Tee Higgins,6,3
2021101704,366,53434,Ja'Marr Chase,6,3
2021101704,478,43584,Kalif Raymond,6,3
2021101704,478,46992,KhaDarel Hodge,6,3
2021101704,478,53541,Amon-Ra St. Brown,6,3
2021101704,521,52441,Tee Higgins,6,3
2021101704,521,53434,Ja'Marr Chase,6,0
2021101704,617,43344,Tyler Boyd,6,0
2021101704,617,52441,Tee Higgins,6,0
2021101704,617,53434,Ja'Marr Chase,6,1
2021101704,680,43344,Tyler Boyd,6,3
2021101704,680,52441,Tee Higgins,6,3
2021101704,680,53434,Ja'Marr Chase,6,3
2021101704,704,43344,Tyler Boyd,6,3
2021101704,704,52441,Tee Higgins,6,3
2021101704,704,53434,Ja'Marr Chase,6,3
2021101704,776,43584,Kalif Raymond,6,3
2021101704,776,43746,Geronimo Allison,6,3
2021101704,776,53541,Amon-Ra St. Brown,6,3
2021101704,903,43344,Tyler Boyd,6,3
2021101704,903,52441,Tee Higgins,6,3
2021101704,903,53434,Ja'Marr Chase,6,3
2021101704,938,43344,Tyler Boyd,6,3
2021101704,938,52441,Tee Higgins,6,3
2021101704,938,53434,Ja'Marr Chase,6,3
2021101704,1041,43584,Kalif Raymond,6,3
2021101704,1041,46992,KhaDarel Hodge,6,3
2021101704,1138,43584,Kalif Raymond,6,3
2021101704,1138,46992,KhaDarel Hodge,6,3
2021101704,1188,43584,Kalif Raymond,6,3
2021101704,1188,46992,KhaDarel Hodge,6,3
2021101704,1188,53541,Amon-Ra St. Brown,6,3
2021101704,1210,43584,Kalif Raymond,6,0
2021101704,1210,46992,KhaDarel Hodge,6,1
2021101704,1210,53541,Amon-Ra St. Brown,6,0
2021101704,1264,53434,Ja'Marr Chase,6,0
2021101704,1345,43584,Kalif Raymond,6,3
2021101704,1345,46992,KhaDarel Hodge,6,3
2021101704,1345,53541,Amon-Ra St. Brown,6,3
2021101704,1369,43584,Kalif Raymond,6,3
2021101704,1369,46992,KhaDarel Hodge,6,3
2021101704,1369,53541,Amon-Ra St. Brown,6,3
2021101704,1438,43584,Kalif Raymond,6,3
2021101704,1438,46992,KhaDarel Hodge,6,3
2021101704,1438,53541,Amon-Ra St. Brown,6,3
2021101704,1521,46992,KhaDarel Hodge,6,3
2021101704,1521,53541,Amon-Ra St. Brown,6,1
2021101704,1545,43584,Kalif Raymond,6,3
2021101704,1545,46992,KhaDarel Hodge,6,3
2021101704,1545,53541,Amon-Ra St. Brown,6,3
2021101704,1613,43344,Tyler Boyd,6,3
2021101704,1613,52441,Tee Higgins,6,3
2021101704,1613,53434,Ja'Marr Chase,6,3
2021101704,1726,43584,Kalif Raymond,6,3
2021101704,1726,46992,KhaDarel Hodge,6,3
2021101704,1726,53541,Amon-Ra St. Brown,6,3
2021101704,1843,43344,Tyler Boyd,6,3
2021101704,1843,52441,Tee Higgins,6,3
2021101704,1843,53434,Ja'Marr Chase,6,3
2021101704,1867,43344,Tyler Boyd,6,3
2021101704,1867,52441,Tee Higgins,6,0
2021101704,1867,53434,Ja'Marr Chase,6,0
2021101704,1889,43344,Tyler Boyd,6,3
2021101704,1889,52441,Tee Higgins,6,3
2021101704,1889,53434,Ja'Marr Chase,6,3
2021101704,1913,43344,Tyler Boyd,6,3
2021101704,1913,52441,Tee Higgins,6,3
2021101704,1913,53434,Ja'Marr Chase,6,3
2021101704,1935,43344,Tyler Boyd,6,3
2021101704,1935,52441,Tee Higgins,6,3
2021101704,1935,53434,Ja'Marr Chase,6,3
2021101704,1957,43344,Tyler Boyd,6,3
2021101704,1957,46322,Auden Tate,6,3
2021101704,1957,53434,Ja'Marr Chase,6,3
2021101704,2029,52441,Tee Higgins,6,2
2021101704,2029,53434,Ja'Marr Chase,6,0
2021101704,2191,43344,Tyler Boyd,6,0
2021101704,2191,52441,Tee Higgins,6,0
2021101704,2191,53434,Ja'Marr Chase,6,3
2021101704,2260,43344,Tyler Boyd,6,3
2021101704,2260,52441,Tee Higgins,6,2
2021101704,2260,53434,Ja'Marr Chase,6,3
2021101704,2327,43584,Kalif Raymond,6,3
2021101704,2327,46992,KhaDarel Hodge,6,3
2021101704,2327,53541,Amon-Ra St. Brown,6,3
2021101704,2351,43584,Kalif Raymond,6,3
2021101704,2351,46992,KhaDarel Hodge,6,3
2021101704,2351,53541,Amon-Ra St. Brown,6,3
2021101704,2440,43344,Tyler Boyd,6,3
2021101704,2440,52441,Tee Higgins,6,3
2021101704,2440,53434,Ja'Marr Chase,6,3
2021101704,2586,43344,Tyler Boyd,6,1
2021101704,2586,52441,Tee Higgins,6,3
2021101704,2586,53434,Ja'Marr Chase,6,3
2021101704,2631,52441,Tee Higgins,6,3
2021101704,2631,53434,Ja'Marr Chase,6,3
2021101704,2653,43344,Tyler Boyd,6,3
2021101704,2653,52441,Tee Higgins,6,3
2021101704,2653,53434,Ja'Marr Chase,6,3
2021101704,2739,43584,Kalif Raymond,6,3
2021101704,2739,46992,KhaDarel Hodge,6,1
2021101704,2739,53541,Amon-Ra St. Brown,6,3
2021101704,2787,43584,Kalif Raymond,6,3
2021101704,2787,46992,KhaDarel Hodge,6,3
2021101704,2787,53541,Amon-Ra St. Brown,6,3
2021101704,2809,43584,Kalif Raymond,6,0
2021101704,2809,46992,KhaDarel Hodge,6,3
2021101704,2809,53541,Amon-Ra St. Brown,6,3
2021101704,2903,43344,Tyler Boyd,6,3
2021101704,2903,52441,Tee Higgins,6,3
2021101704,2903,53434,Ja'Marr Chase,6,3
2021101704,2948,43344,Tyler Boyd,6,2
2021101704,2948,52441,Tee Higgins,6,3
2021101704,2948,53434,Ja'Marr Chase,6,0
2021101704,3031,43344,Tyler Boyd,6,3
2021101704,3031,52441,Tee Higgins,6,3
2021101704,3031,53434,Ja'Marr Chase,6,3
2021101704,3055,46322,Auden Tate,6,1
2021101704,3111,43584,Kalif Raymond,6,3
2021101704,3111,46992,KhaDarel Hodge,6,3
2021101704,3111,53541,Amon-Ra St. Brown,6,3
2021101704,3145,43584,Kalif Raymond,6,3
2021101704,3145,46992,KhaDarel Hodge,6,3
2021101704,3145,53541,Amon-Ra St. Brown,6,3
2021101704,3190,43584,Kalif Raymond,6,3
2021101704,3190,46992,KhaDarel Hodge,6,3
2021101704,3190,53541,Amon-Ra St. Brown,6,3
2021101704,3235,43584,Kalif Raymond,6,3
2021101704,3235,46992,KhaDarel Hodge,6,3
2021101704,3235,48680,Tom Kennedy,6,3
2021101704,3259,43584,Kalif Raymond,6,3
2021101704,3259,46992,KhaDarel Hodge,6,3
2021101704,3259,48680,Tom Kennedy,6,3
2021101704,3281,43584,Kalif Raymond,6,3
2021101704,3281,43746,Geronimo Allison,6,3
2021101704,3281,53541,Amon-Ra St. Brown,6,3
2021101704,3305,43584,Kalif Raymond,6,3
2021101704,3305,43746,Geronimo Allison,6,3
2021101704,3305,53541,Amon-Ra St. Brown,6,3
2021101704,3350,43584,Kalif Raymond,6,3
2021101704,3350,43746,Geronimo Allison,6,3
2021101704,3350,53541,Amon-Ra St. Brown,6,3
2021101704,3391,43584,Kalif Raymond,6,0
2021101704,3391,43746,Geronimo Allison,6,0
2021101704,3391,53541,Amon-Ra St. Brown,6,1
2021101704,3507,43344,Tyler Boyd,6,3
2021101704,3507,52441,Tee Higgins,6,3
2021101704,3507,53434,Ja'Marr Chase,6,3
2021101704,3582,43344,Tyler Boyd,6,3
2021101704,3582,46322,Auden Tate,6,3
2021101704,3582,48471,Trenton Irwin,6,3
2021101704,3615,46322,Auden Tate,6,3
2021101704,3673,43584,Kalif Raymond,6,0
2021101704,3673,46992,KhaDarel Hodge,6,1
2021101704,3673,53541,Amon-Ra St. Brown,6,1
2021101704,3697,43584,Kalif Raymond,6,3
2021101704,3697,46992,KhaDarel Hodge,6,3
2021101704,3697,53541,Amon-Ra St. Brown,6,3
2021101704,3743,43584,Kalif Raymond,6,3
2021101704,3743,46992,KhaDarel Hodge,6,3
2021101704,3743,53541,Amon-Ra St. Brown,6,3
2021101704,3767,43584,Kalif Raymond,6,3
2021101704,3767,46992,KhaDarel Hodge,6,3
2021101704,3767,53541,Amon-Ra St. Brown,6,3
2021101704,3791,43584,Kalif Raymond,6,3
2021101704,3791,46992,KhaDarel Hodge,6,3
2021101704,3791,53541,Amon-Ra St. Brown,6,3
2021101704,3813,43584,Kalif Raymond,6,3
2021101704,3813,43746,Geronimo Allison,6,1
2021101704,3813,48680,Tom Kennedy,6,3
2021101704,3837,43584,Kalif Raymond,6,3
2021101704,3837,43746,Geronimo Allison,6,3
2021101704,3837,48680,Tom Kennedy,6,3
2021101704,3861,43746,Geronimo Allison,6,3
2021101704,3861,46992,KhaDarel Hodge,6,3
2021101704,3861,48680,Tom Kennedy,6,3
2021101704,3902,43584,Kalif Raymond,6,0
2021101704,3902,46992,KhaDarel Hodge,6,0
2021101704,3902,53541,Amon-Ra St. Brown,6,1
2021101704,3928,43584,Kalif Raymond,6,3
2021101704,3928,46992,KhaDarel Hodge,6,3
2021101704,3928,53541,Amon-Ra St. Brown,6,3
2021101704,3950,43584,Kalif Raymond,6,3
2021101704,3950,46992,KhaDarel Hodge,6,3
2021101704,3950,53541,Amon-Ra St. Brown,6,3
2021101704,3996,43746,Geronimo Allison,6,1
2021101704,3996,46992,KhaDarel Hodge,6,3
2021101704,3996,53541,Amon-Ra St. Brown,6,3
2021101705,111,41246,Brandin Cooks,6,3
2021101705,111,42419,Chris Conley,6,3
2021101705,111,53518,Nico Collins,6,3
2021101705,182,38622,T.Y. Hilton,6,3
2021101705,182,45102,Zach Pascal,6,3
2021101705,182,52442,Michael Pittman,6,3
2021101705,225,38622,T.Y. Hilton,6,3
2021101705,225,45102,Zach Pascal,6,3
2021101705,225,52442,Michael Pittman,6,3
2021101705,349,41246,Brandin Cooks,6,3
2021101705,349,43396,Chris Moore,6,3
2021101705,349,53518,Nico Collins,6,3
2021101705,378,41246,Brandin Cooks,6,3
2021101705,378,42419,Chris Conley,6,3
2021101705,449,41246,Brandin Cooks,6,0
2021101705,449,42419,Chris Conley,6,0
2021101705,449,53518,Nico Collins,6,0
2021101705,561,41246,Brandin Cooks,6,3
2021101705,561,43396,Chris Moore,6,3
2021101705,644,45102,Zach Pascal,6,3
2021101705,644,47842,Parris Campbell,6,3
2021101705,644,52442,Michael Pittman,6,3
2021101705,718,38622,T.Y. Hilton,6,0
2021101705,718,45102,Zach Pascal,6,3
2021101705,718,52442,Michael Pittman,6,0
2021101705,764,45102,Zach Pascal,6,3
2021101705,764,47842,Parris Campbell,6,0
2021101705,764,48118,Ashton Dulin,6,3
2021101705,764,52442,Michael Pittman,6,0
2021101705,861,41246,Brandin Cooks,6,0
2021101705,861,42419,Chris Conley,6,3
2021101705,988,38622,T.Y. Hilton,6,0
2021101705,988,48118,Ashton Dulin,6,3
2021101705,988,52442,Michael Pittman,6,1
2021101705,1034,45102,Zach Pascal,6,3
2021101705,1079,38622,T.Y. Hilton,6,0
2021101705,1079,45102,Zach Pascal,6,3
2021101705,1079,52442,Michael Pittman,6,3
2021101705,1135,41246,Brandin Cooks,6,3
2021101705,1135,53518,Nico Collins,6,3
2021101705,1180,43396,Chris Moore,6,1
2021101705,1204,41246,Brandin Cooks,6,3
2021101705,1204,43396,Chris Moore,6,0
2021101705,1228,41246,Brandin Cooks,6,3
2021101705,1228,42419,Chris Conley,6,3
2021101705,1250,41246,Brandin Cooks,6,3
2021101705,1250,42419,Chris Conley,6,3
2021101705,1250,43396,Chris Moore,6,3
2021101705,1326,41246,Brandin Cooks,6,3
2021101705,1326,43396,Chris Moore,6,3
2021101705,1326,53518,Nico Collins,6,3
2021101705,1401,41246,Brandin Cooks,6,3
2021101705,1401,43396,Chris Moore,6,3
2021101705,1401,53518,Nico Collins,6,3
2021101705,1511,38622,T.Y. Hilton,6,3
2021101705,1511,45102,Zach Pascal,6,3
2021101705,1511,52442,Michael Pittman,6,3
2021101705,1563,38622,T.Y. Hilton,6,3
2021101705,1563,48118,Ashton Dulin,6,3
2021101705,1563,52442,Michael Pittman,6,3
2021101705,1674,38622,T.Y. Hilton,6,0
2021101705,1674,45102,Zach Pascal,6,3
2021101705,1674,52442,Michael Pittman,6,3
2021101705,1757,41246,Brandin Cooks,6,3
2021101705,1757,42419,Chris Conley,6,3
2021101705,1757,43396,Chris Moore,6,3
2021101705,1820,41246,Brandin Cooks,6,3
2021101705,1820,42419,Chris Conley,6,3
2021101705,1820,53518,Nico Collins,6,3
2021101705,1849,41246,Brandin Cooks,6,3
2021101705,1849,42419,Chris Conley,6,3
2021101705,1849,53518,Nico Collins,6,3
2021101705,1911,41246,Brandin Cooks,6,1
2021101705,1911,43396,Chris Moore,6,1
2021101705,1911,53518,Nico Collins,6,3
2021101705,2013,41246,Brandin Cooks,6,3
2021101705,2013,43396,Chris Moore,6,3
2021101705,2013,53518,Nico Collins,6,3
2021101705,2243,41246,Brandin Cooks,6,3
2021101705,2243,53518,Nico Collins,6,1
2021101705,2290,38622,T.Y. Hilton,6,3
2021101705,2290,45102,Zach Pascal,6,0
2021101705,2290,52442,Michael Pittman,6,3
2021101705,2374,43396,Chris Moore,6,0
2021101705,2396,41246,Brandin Cooks,6,1
2021101705,2396,42419,Chris Conley,6,0
2021101705,2396,43396,Chris Moore,6,0
2021101705,2465,41246,Brandin Cooks,6,3
2021101705,2465,43396,Chris Moore,6,3
2021101705,2465,53518,Nico Collins,6,3
2021101705,2673,41246,Brandin Cooks,6,3
2021101705,2673,42419,Chris Conley,6,3
2021101705,2760,41246,Brandin Cooks,6,3
2021101705,2760,43396,Chris Moore,6,3
2021101705,2760,53518,Nico Collins,6,3
2021101705,2813,41246,Brandin Cooks,6,3
2021101705,2813,43396,Chris Moore,6,3
2021101705,2813,53518,Nico Collins,6,3
2021101705,2863,41246,Brandin Cooks,6,3
2021101705,2863,53518,Nico Collins,6,3
2021101705,2925,41246,Brandin Cooks,6,3
2021101705,2925,42419,Chris Conley,6,1
2021101705,2925,53518,Nico Collins,6,3
2021101705,2947,41246,Brandin Cooks,6,0
2021101705,2947,43396,Chris Moore,6,3
2021101705,2947,53518,Nico Collins,6,3
2021101705,3026,38622,T.Y. Hilton,6,3
2021101705,3026,45102,Zach Pascal,6,3
2021101705,3026,52442,Michael Pittman,6,3
2021101705,3077,41246,Brandin Cooks,6,3
2021101705,3077,43396,Chris Moore,6,3
2021101705,3077,53518,Nico Collins,6,3
2021101705,3106,41246,Brandin Cooks,6,3
2021101705,3106,43396,Chris Moore,6,1
2021101705,3106,53518,Nico Collins,6,3
2021101705,3198,41246,Brandin Cooks,6,3
2021101705,3198,43396,Chris Moore,6,3
2021101705,3198,53518,Nico Collins,6,3
2021101705,3233,41246,Brandin Cooks,6,0
2021101705,3233,53518,Nico Collins,6,1
2021101705,3403,38622,T.Y. Hilton,6,3
2021101705,3403,48118,Ashton Dulin,6,3
2021101705,3403,52442,Michael Pittman,6,3
2021101705,3533,43396,Chris Moore,6,3
2021101705,3533,53518,Nico Collins,6,3
2021101705,3609,35527,Andre Roberts,6,3
2021101705,3609,41246,Brandin Cooks,6,3
2021101705,3609,43396,Chris Moore,6,3
2021101705,3631,41246,Brandin Cooks,6,3
2021101705,3631,43396,Chris Moore,6,3
2021101705,3631,53518,Nico Collins,6,3
2021101705,3655,41246,Brandin Cooks,6,3
2021101705,3655,43396,Chris Moore,6,3
2021101705,3655,53518,Nico Collins,6,3
2021101706,73,43329,Sterling Shepard,6,1
2021101706,73,45255,C.J. Board,6,0
2021101706,123,43329,Sterling Shepard,6,3
2021101706,123,44821,John Ross,6,3
2021101706,123,53449,Kadarius Toney,6,3
2021101706,152,43329,Sterling Shepard,6,3
2021101706,152,44821,John Ross,6,3
2021101706,152,46113,Dante Pettis,6,3
2021101706,152,53449,Kadarius Toney,6,3
2021101706,259,43329,Sterling Shepard,6,3
2021101706,259,53449,Kadarius Toney,6,3
2021101706,404,43329,Sterling Shepard,6,3
2021101706,404,44821,John Ross,6,3
2021101706,404,52573,Collin Johnson,6,3
2021101706,478,39989,Robert Woods,6,1
2021101706,478,44881,Cooper Kupp,6,3
2021101706,478,52465,Van Jefferson,6,3
2021101706,512,39989,Robert Woods,6,3
2021101706,512,44881,Cooper Kupp,6,3
2021101706,512,52465,Van Jefferson,6,3
2021101706,562,33130,DeSean Jackson,6,3
2021101706,562,39989,Robert Woods,6,3
2021101706,562,44881,Cooper Kupp,6,3
2021101706,586,33130,DeSean Jackson,6,3
2021101706,586,39989,Robert Woods,6,3
2021101706,586,44881,Cooper Kupp,6,3
2021101706,667,43329,Sterling Shepard,6,0
2021101706,667,44821,John Ross,6,0
2021101706,667,46113,Dante Pettis,6,0
2021101706,712,43329,Sterling Shepard,6,3
2021101706,712,44821,John Ross,6,3
2021101706,712,46113,Dante Pettis,6,3
2021101706,760,43329,Sterling Shepard,6,3
2021101706,760,44821,John Ross,6,3
2021101706,760,46113,Dante Pettis,6,3
2021101706,819,45255,C.J. Board,6,0
2021101706,819,46113,Dante Pettis,6,0
2021101706,841,43329,Sterling Shepard,6,3
2021101706,841,44821,John Ross,6,3
2021101706,841,52573,Collin Johnson,6,3
2021101706,886,43329,Sterling Shepard,6,0
2021101706,886,44821,John Ross,6,0
2021101706,886,46113,Dante Pettis,6,0
2021101706,936,39989,Robert Woods,6,3
2021101706,936,44881,Cooper Kupp,6,3
2021101706,958,33130,DeSean Jackson,6,3
2021101706,958,39989,Robert Woods,6,3
2021101706,958,44881,Cooper Kupp,6,3
2021101706,1094,43329,Sterling Shepard,6,3
2021101706,1094,44821,John Ross,6,3
2021101706,1094,46113,Dante Pettis,6,3
2021101706,1094,52573,Collin Johnson,6,3
2021101706,1250,39989,Robert Woods,6,0
2021101706,1250,44881,Cooper Kupp,6,0
2021101706,1250,52465,Van Jefferson,6,3
2021101706,1286,39989,Robert Woods,6,3
2021101706,1286,44881,Cooper Kupp,6,1
2021101706,1286,52465,Van Jefferson,6,3
2021101706,1331,39989,Robert Woods,6,1
2021101706,1331,44881,Cooper Kupp,6,3
2021101706,1331,52465,Van Jefferson,6,3
2021101706,1394,43329,Sterling Shepard,6,3
2021101706,1394,44821,John Ross,6,3
2021101706,1394,46113,Dante Pettis,6,3
2021101706,1394,52573,Collin Johnson,6,3
2021101706,1492,39989,Robert Woods,6,1
2021101706,1492,52465,Van Jefferson,6,0
2021101706,1523,39989,Robert Woods,6,3
2021101706,1523,44881,Cooper Kupp,6,3
2021101706,1523,52465,Van Jefferson,6,3
2021101706,1589,39989,Robert Woods,6,2
2021101706,1589,44881,Cooper Kupp,6,3
2021101706,1589,52465,Van Jefferson,6,3
2021101706,1652,43329,Sterling Shepard,6,3
2021101706,1652,44821,John Ross,6,3
2021101706,1652,46113,Dante Pettis,6,3
2021101706,1695,43329,Sterling Shepard,6,3
2021101706,1695,44821,John Ross,6,3
2021101706,1695,46113,Dante Pettis,6,3
2021101706,1778,33130,DeSean Jackson,6,0
2021101706,1778,39989,Robert Woods,6,0
2021101706,1778,44881,Cooper Kupp,6,1
2021101706,1861,43329,Sterling Shepard,6,3
2021101706,1861,44821,John Ross,6,3
2021101706,1861,46113,Dante Pettis,6,3
2021101706,1908,39989,Robert Woods,6,3
2021101706,1908,44881,Cooper Kupp,6,3
2021101706,1908,52465,Van Jefferson,6,3
2021101706,2037,44821,John Ross,6,3
2021101706,2037,52573,Collin Johnson,6,0
2021101706,2082,43329,Sterling Shepard,6,3
2021101706,2082,44821,John Ross,6,3
2021101706,2082,46113,Dante Pettis,6,3
2021101706,2082,52573,Collin Johnson,6,3
2021101706,2104,43329,Sterling Shepard,6,3
2021101706,2104,44821,John Ross,6,3
2021101706,2104,46113,Dante Pettis,6,3
2021101706,2104,52573,Collin Johnson,6,3
2021101706,2145,43329,Sterling Shepard,6,3
2021101706,2145,45255,C.J. Board,6,3
2021101706,2145,46113,Dante Pettis,6,3
2021101706,2145,52573,Collin Johnson,6,3
2021101706,2293,39989,Robert Woods,6,3
2021101706,2293,44881,Cooper Kupp,6,3
2021101706,2293,52465,Van Jefferson,6,3
2021101706,2346,39989,Robert Woods,6,3
2021101706,2346,44881,Cooper Kupp,6,3
2021101706,2346,52465,Van Jefferson,6,3
2021101706,2370,39989,Robert Woods,6,3
2021101706,2370,44881,Cooper Kupp,6,3
2021101706,2370,52465,Van Jefferson,6,3
2021101706,2436,43329,Sterling Shepard,6,3
2021101706,2436,46113,Dante Pettis,6,0
2021101706,2436,52573,Collin Johnson,6,3
2021101706,2472,39989,Robert Woods,6,3
2021101706,2472,44881,Cooper Kupp,6,3
2021101706,2472,52465,Van Jefferson,6,3
2021101706,2513,39989,Robert Woods,6,3
2021101706,2513,44881,Cooper Kupp,6,3
2021101706,2513,52465,Van Jefferson,6,0
2021101706,2601,39989,Robert Woods,6,3
2021101706,2601,44881,Cooper Kupp,6,3
2021101706,2601,52465,Van Jefferson,6,3
2021101706,2743,39989,Robert Woods,6,3
2021101706,2743,44881,Cooper Kupp,6,3
2021101706,2743,52465,Van Jefferson,6,3
2021101706,2930,43329,Sterling Shepard,6,3
2021101706,2930,44821,John Ross,6,3
2021101706,2975,43329,Sterling Shepard,6,3
2021101706,2975,44821,John Ross,6,3
2021101706,3063,43329,Sterling Shepard,6,3
2021101706,3063,46113,Dante Pettis,6,3
2021101706,3063,52573,Collin Johnson,6,3
2021101706,3087,43329,Sterling Shepard,6,3
2021101706,3087,46113,Dante Pettis,6,3
2021101706,3087,52573,Collin Johnson,6,3
2021101706,3139,33130,DeSean Jackson,6,3
2021101706,3139,39989,Robert Woods,6,3
2021101706,3139,44881,Cooper Kupp,6,3
2021101706,3308,39989,Robert Woods,6,3
2021101706,3308,44881,Cooper Kupp,6,3
2021101706,3308,52465,Van Jefferson,6,3
2021101706,3371,43329,Sterling Shepard,6,3
2021101706,3371,44821,John Ross,6,3
2021101706,3371,46113,Dante Pettis,6,3
2021101706,3412,43329,Sterling Shepard,6,0
2021101706,3412,46113,Dante Pettis,6,0
2021101706,3412,52573,Collin Johnson,6,0
2021101706,3480,39989,Robert Woods,6,3
2021101706,3480,52465,Van Jefferson,6,3
2021101706,3480,53678,Ben Skowronek,6,3
2021101706,3502,39989,Robert Woods,6,3
2021101706,3502,44881,Cooper Kupp,6,3
2021101706,3502,52465,Van Jefferson,6,0
2021101706,3573,43329,Sterling Shepard,6,3
2021101706,3573,52573,Collin Johnson,6,3
2021101706,3606,43329,Sterling Shepard,6,3
2021101706,3606,46113,Dante Pettis,6,3
2021101706,3606,52573,Collin Johnson,6,3
2021101706,3633,43329,Sterling Shepard,6,0
2021101706,3633,46113,Dante Pettis,6,1
2021101706,3672,43329,Sterling Shepard,6,3
2021101706,3672,46113,Dante Pettis,6,3
2021101706,3672,52573,Collin Johnson,6,3
2021101706,3696,43329,Sterling Shepard,6,3
2021101706,3696,46113,Dante Pettis,6,3
2021101706,3696,52573,Collin Johnson,6,3
2021101706,3720,43329,Sterling Shepard,6,0
2021101706,3720,46113,Dante Pettis,6,0
2021101706,3720,52573,Collin Johnson,6,0
2021101706,3744,43329,Sterling Shepard,6,3
2021101706,3744,46113,Dante Pettis,6,0
2021101706,3744,52573,Collin Johnson,6,0
2021101706,3766,43329,Sterling Shepard,6,3
2021101706,3766,46113,Dante Pettis,6,3
2021101706,3766,52573,Collin Johnson,6,3
2021101706,4114,43329,Sterling Shepard,6,3
2021101706,4114,46113,Dante Pettis,6,3
2021101706,4114,52573,Collin Johnson,6,3
2021101706,4138,43329,Sterling Shepard,6,3
2021101706,4138,46113,Dante Pettis,6,3
2021101706,4138,52573,Collin Johnson,6,3
2021101706,4162,43329,Sterling Shepard,6,3
2021101706,4162,46113,Dante Pettis,6,3
2021101706,4162,52573,Collin Johnson,6,3
2021101706,4186,43329,Sterling Shepard,6,3
2021101706,4186,46113,Dante Pettis,6,3
2021101706,4186,52573,Collin Johnson,6,3
2021101706,4227,43329,Sterling Shepard,6,3
2021101706,4227,46113,Dante Pettis,6,3
2021101706,4227,52573,Collin Johnson,6,3
2021101706,4251,43329,Sterling Shepard,6,3
2021101706,4251,46113,Dante Pettis,6,3
2021101706,4251,52573,Collin Johnson,6,3
2021101706,4275,43329,Sterling Shepard,6,0
2021101706,4275,46113,Dante Pettis,6,3
2021101706,4275,52573,Collin Johnson,6,3
2021101706,4297,43329,Sterling Shepard,6,3
2021101706,4297,46113,Dante Pettis,6,3
2021101706,4297,52573,Collin Johnson,6,3
2021101706,4321,43329,Sterling Shepard,6,1
2021101706,4321,46113,Dante Pettis,6,0
2021101706,4321,52573,Collin Johnson,6,0
2021101706,4343,43329,Sterling Shepard,6,3
2021101706,4343,46113,Dante Pettis,6,3
2021101706,4343,52573,Collin Johnson,6,3
2021101707,62,47859,Terry McLaurin,6,1
2021101707,62,53511,Dyami Brown,6,3
2021101707,105,42794,DeAndre Carter,6,3
2021101707,105,43010,Adam Humphries,6,3
2021101707,105,47859,Terry McLaurin,6,3
2021101707,166,43454,Tyreek Hill,6,3
2021101707,166,47839,Mecole Hardman,6,3
2021101707,190,43415,Demarcus Robinson,6,3
2021101707,190,43454,Tyreek Hill,6,3
2021101707,242,43415,Demarcus Robinson,6,3
2021101707,242,43454,Tyreek Hill,6,3
2021101707,242,47839,Mecole Hardman,6,3
2021101707,306,43415,Demarcus Robinson,6,3
2021101707,306,43454,Tyreek Hill,6,1
2021101707,330,43415,Demarcus Robinson,6,3
2021101707,330,43454,Tyreek Hill,6,3
2021101707,470,47859,Terry McLaurin,6,3
2021101707,470,53511,Dyami Brown,6,3
2021101707,520,42794,DeAndre Carter,6,1
2021101707,520,47859,Terry McLaurin,6,0
2021101707,520,53687,Dax Milne,6,0
2021101707,563,43010,Adam Humphries,6,3
2021101707,563,47859,Terry McLaurin,6,3
2021101707,563,53511,Dyami Brown,6,3
2021101707,615,47859,Terry McLaurin,6,0
2021101707,615,53511,Dyami Brown,6,0
2021101707,637,42794,DeAndre Carter,6,1
2021101707,637,47859,Terry McLaurin,6,3
2021101707,637,53687,Dax Milne,6,3
2021101707,661,43010,Adam Humphries,6,3
2021101707,661,47859,Terry McLaurin,6,3
2021101707,661,53511,Dyami Brown,6,3
2021101707,759,43415,Demarcus Robinson,6,3
2021101707,759,43454,Tyreek Hill,6,3
2021101707,759,47839,Mecole Hardman,6,1
2021101707,809,39646,Josh Gordon,6,3
2021101707,809,43454,Tyreek Hill,6,3
2021101707,809,47839,Mecole Hardman,6,3
2021101707,833,43415,Demarcus Robinson,6,3
2021101707,833,43454,Tyreek Hill,6,3
2021101707,881,43415,Demarcus Robinson,6,3
2021101707,881,43454,Tyreek Hill,6,3
2021101707,881,46522,Byron Pringle,6,1
2021101707,943,42794,DeAndre Carter,6,3
2021101707,943,43010,Adam Humphries,6,3
2021101707,943,47859,Terry McLaurin,6,3
2021101707,972,43010,Adam Humphries,6,3
2021101707,972,47859,Terry McLaurin,6,3
2021101707,972,53511,Dyami Brown,6,3
2021101707,1019,43454,Tyreek Hill,6,1
2021101707,1019,47839,Mecole Hardman,6,0
2021101707,1041,43415,Demarcus Robinson,6,3
2021101707,1041,47839,Mecole Hardman,6,3
2021101707,1063,43415,Demarcus Robinson,6,0
2021101707,1063,43454,Tyreek Hill,6,0
2021101707,1063,46522,Byron Pringle,6,3
2021101707,1135,47859,Terry McLaurin,6,3
2021101707,1135,53511,Dyami Brown,6,0
2021101707,1173,43010,Adam Humphries,6,3
2021101707,1173,47859,Terry McLaurin,6,3
2021101707,1173,53511,Dyami Brown,6,3
2021101707,1230,47859,Terry McLaurin,6,3
2021101707,1230,53511,Dyami Brown,6,3
2021101707,1277,47859,Terry McLaurin,6,3
2021101707,1277,53511,Dyami Brown,6,3
2021101707,1320,43010,Adam Humphries,6,3
2021101707,1320,47859,Terry McLaurin,6,3
2021101707,1320,53511,Dyami Brown,6,3
2021101707,1405,43415,Demarcus Robinson,6,3
2021101707,1405,47839,Mecole Hardman,6,3
2021101707,1495,43415,Demarcus Robinson,6,3
2021101707,1495,43454,Tyreek Hill,6,0
2021101707,1495,47839,Mecole Hardman,6,0
2021101707,1536,43010,Adam Humphries,6,3
2021101707,1536,47859,Terry McLaurin,6,1
2021101707,1536,53511,Dyami Brown,6,0
2021101707,1627,39646,Josh Gordon,6,0
2021101707,1627,47839,Mecole Hardman,6,0
2021101707,1649,43415,Demarcus Robinson,6,3
2021101707,1649,43454,Tyreek Hill,6,1
2021101707,1719,42794,DeAndre Carter,6,1
2021101707,1719,47859,Terry McLaurin,6,0
2021101707,1719,53687,Dax Milne,6,0
2021101707,1741,43010,Adam Humphries,6,3
2021101707,1741,47859,Terry McLaurin,6,3
2021101707,1741,53511,Dyami Brown,6,3
2021101707,1765,47859,Terry McLaurin,6,3
2021101707,1765,53511,Dyami Brown,6,1
2021101707,1765,53687,Dax Milne,6,0
2021101707,1789,43010,Adam Humphries,6,3
2021101707,1789,47859,Terry McLaurin,6,1
2021101707,1789,53511,Dyami Brown,6,0
2021101707,1824,43010,Adam Humphries,6,3
2021101707,1824,47859,Terry McLaurin,6,3
2021101707,1824,53511,Dyami Brown,6,3
2021101707,1853,47859,Terry McLaurin,6,3
2021101707,1853,53511,Dyami Brown,6,3
2021101707,1937,47859,Terry McLaurin,6,0
2021101707,1937,53511,Dyami Brown,6,3
2021101707,1937,53687,Dax Milne,6,3
2021101707,2013,43415,Demarcus Robinson,6,3
2021101707,2013,46522,Byron Pringle,6,3
2021101707,2013,47839,Mecole Hardman,6,3
2021101707,2037,43415,Demarcus Robinson,6,3
2021101707,2037,46522,Byron Pringle,6,3
2021101707,2037,47839,Mecole Hardman,6,3
2021101707,2066,43415,Demarcus Robinson,6,3
2021101707,2066,46522,Byron Pringle,6,3
2021101707,2066,47839,Mecole Hardman,6,3
2021101707,2130,43415,Demarcus Robinson,6,3
2021101707,2130,46522,Byron Pringle,6,3
2021101707,2130,47839,Mecole Hardman,6,1
2021101707,2152,43415,Demarcus Robinson,6,3
2021101707,2152,46522,Byron Pringle,6,3
2021101707,2152,47839,Mecole Hardman,6,3
2021101707,2181,46522,Byron Pringle,6,3
2021101707,2209,43010,Adam Humphries,6,2
2021101707,2209,47859,Terry McLaurin,6,0
2021101707,2209,53511,Dyami Brown,6,0
2021101707,2362,43415,Demarcus Robinson,6,3
2021101707,2362,47839,Mecole Hardman,6,3
2021101707,2386,43415,Demarcus Robinson,6,3
2021101707,2386,47839,Mecole Hardman,6,3
2021101707,2466,43415,Demarcus Robinson,6,3
2021101707,2466,46522,Byron Pringle,6,3
2021101707,2466,47839,Mecole Hardman,6,3
2021101707,2535,47859,Terry McLaurin,6,3
2021101707,2535,53511,Dyami Brown,6,2
2021101707,2590,42794,DeAndre Carter,6,3
2021101707,2590,47859,Terry McLaurin,6,3
2021101707,2590,53687,Dax Milne,6,3
2021101707,2714,43415,Demarcus Robinson,6,3
2021101707,2714,43454,Tyreek Hill,6,3
2021101707,2714,47839,Mecole Hardman,6,3
2021101707,2799,43415,Demarcus Robinson,6,3
2021101707,2799,43454,Tyreek Hill,6,0
2021101707,2831,43454,Tyreek Hill,6,0
2021101707,2831,46522,Byron Pringle,6,3
2021101707,2831,47839,Mecole Hardman,6,3
2021101707,2882,43415,Demarcus Robinson,6,3
2021101707,2882,46522,Byron Pringle,6,3
2021101707,2882,47839,Mecole Hardman,6,3
2021101707,2904,43415,Demarcus Robinson,6,3
2021101707,2904,43454,Tyreek Hill,6,3
2021101707,2904,46522,Byron Pringle,6,3
2021101707,2938,43415,Demarcus Robinson,6,3
2021101707,2938,43454,Tyreek Hill,6,3
2021101707,2994,43415,Demarcus Robinson,6,3
2021101707,2994,43454,Tyreek Hill,6,3
2021101707,2994,47839,Mecole Hardman,6,3
2021101707,3078,43010,Adam Humphries,6,3
2021101707,3078,47859,Terry McLaurin,6,3
2021101707,3078,53511,Dyami Brown,6,3
2021101707,3107,42794,DeAndre Carter,6,1
2021101707,3107,47859,Terry McLaurin,6,3
2021101707,3107,53687,Dax Milne,6,1
2021101707,3244,43454,Tyreek Hill,6,3
2021101707,3335,43415,Demarcus Robinson,6,3
2021101707,3335,43454,Tyreek Hill,6,0
2021101707,3335,47839,Mecole Hardman,6,0
2021101707,3363,43454,Tyreek Hill,6,0
2021101707,3363,45369,Marcus Kemp,6,0
2021101707,3488,43010,Adam Humphries,6,3
2021101707,3488,47859,Terry McLaurin,6,0
2021101707,3488,53511,Dyami Brown,6,3
2021101707,3531,43010,Adam Humphries,6,3
2021101707,3531,47859,Terry McLaurin,6,3
2021101707,3531,53511,Dyami Brown,6,3
2021101707,3555,47859,Terry McLaurin,6,1
2021101707,3555,53511,Dyami Brown,6,3
2021101707,3555,53687,Dax Milne,6,3
2021101707,3608,42794,DeAndre Carter,6,0
2021101707,3608,47859,Terry McLaurin,6,0
2021101707,3608,53687,Dax Milne,6,0
2021101707,3748,43454,Tyreek Hill,6,3
2021101707,3748,46522,Byron Pringle,6,3
2021101707,3748,47839,Mecole Hardman,6,3
2021101707,3770,43415,Demarcus Robinson,6,0
2021101707,3770,43454,Tyreek Hill,6,0
2021101707,3770,46522,Byron Pringle,6,0
2021101707,3815,43415,Demarcus Robinson,6,3
2021101707,3815,46522,Byron Pringle,6,3
2021101707,3815,47839,Mecole Hardman,6,3
2021101707,3837,43415,Demarcus Robinson,6,0
2021101707,3837,43454,Tyreek Hill,6,1
2021101707,3877,43415,Demarcus Robinson,6,3
2021101707,3877,43454,Tyreek Hill,6,3
2021101707,3877,46522,Byron Pringle,6,3
2021101707,3960,43415,Demarcus Robinson,6,0
2021101707,3960,43454,Tyreek Hill,6,0
2021101707,3960,46522,Byron Pringle,6,1
2021101707,4039,43415,Demarcus Robinson,6,3
2021101707,4039,47839,Mecole Hardman,6,0
2021101707,4080,43415,Demarcus Robinson,6,3
2021101707,4080,43454,Tyreek Hill,6,3
2021101707,4080,47839,Mecole Hardman,6,3
2021101707,4147,43010,Adam Humphries,6,0
2021101707,4147,47859,Terry McLaurin,6,0
2021101707,4147,53511,Dyami Brown,6,1
2021101707,4171,43010,Adam Humphries,6,3
2021101707,4171,47859,Terry McLaurin,6,3
2021101707,4171,53511,Dyami Brown,6,3
2021101708,56,41238,Odell Beckham,6,3
2021101708,56,52595,Donovan Peoples-Jones,6,3
2021101708,102,41238,Odell Beckham,6,3
2021101708,137,41238,Odell Beckham,6,0
2021101708,137,43461,Rashard Higgins,6,1
2021101708,137,53520,Anthony Schwartz,6,0
2021101708,198,37077,A.J. Green,6,0
2021101708,198,39973,DeAndre Hopkins,6,0
2021101708,198,46116,Christian Kirk,6,0
2021101708,262,37077,A.J. Green,6,3
2021101708,262,39973,DeAndre Hopkins,6,3
2021101708,262,46116,Christian Kirk,6,3
2021101708,307,37077,A.J. Green,6,3
2021101708,307,39973,DeAndre Hopkins,6,1
2021101708,307,46116,Christian Kirk,6,3
2021101708,307,53478,Rondale Moore,6,3
2021101708,384,37077,A.J. Green,6,3
2021101708,384,39973,DeAndre Hopkins,6,3
2021101708,384,46116,Christian Kirk,6,0
2021101708,384,53478,Rondale Moore,6,0
2021101708,500,41238,Odell Beckham,6,3
2021101708,500,52595,Donovan Peoples-Jones,6,3
2021101708,522,41238,Odell Beckham,6,1
2021101708,522,43461,Rashard Higgins,6,1
2021101708,522,52595,Donovan Peoples-Jones,6,0
2021101708,631,41238,Odell Beckham,6,3
2021101708,631,43461,Rashard Higgins,6,0
2021101708,631,52595,Donovan Peoples-Jones,6,3
2021101708,666,41238,Odell Beckham,6,3
2021101708,666,52595,Donovan Peoples-Jones,6,3
2021101708,824,37077,A.J. Green,6,3
2021101708,824,46116,Christian Kirk,6,3
2021101708,824,53478,Rondale Moore,6,1
2021101708,869,37077,A.J. Green,6,3
2021101708,869,39973,DeAndre Hopkins,6,3
2021101708,869,46116,Christian Kirk,6,3
2021101708,869,53478,Rondale Moore,6,3
2021101708,902,37077,A.J. Green,6,0
2021101708,902,39973,DeAndre Hopkins,6,0
2021101708,965,37077,A.J. Green,6,3
2021101708,965,39973,DeAndre Hopkins,6,3
2021101708,965,46116,Christian Kirk,6,3
2021101708,1063,37077,A.J. Green,6,1
2021101708,1063,39973,DeAndre Hopkins,6,1
2021101708,1063,46116,Christian Kirk,6,2
2021101708,1178,37077,A.J. Green,6,3
2021101708,1178,39973,DeAndre Hopkins,6,3
2021101708,1178,53478,Rondale Moore,6,2
2021101708,1221,37077,A.J. Green,6,3
2021101708,1221,39973,DeAndre Hopkins,6,3
2021101708,1221,46116,Christian Kirk,6,3
2021101708,1367,39973,DeAndre Hopkins,6,3
2021101708,1367,53478,Rondale Moore,6,2
2021101708,1500,53520,Anthony Schwartz,6,3
2021101708,1545,41238,Odell Beckham,6,3
2021101708,1545,43461,Rashard Higgins,6,3
2021101708,1545,53520,Anthony Schwartz,6,3
2021101708,1703,41238,Odell Beckham,6,3
2021101708,1703,52595,Donovan Peoples-Jones,6,3
2021101708,1835,52595,Donovan Peoples-Jones,6,3
2021101708,1835,53520,Anthony Schwartz,6,3
2021101708,1865,43461,Rashard Higgins,6,3
2021101708,1865,52595,Donovan Peoples-Jones,6,3
2021101708,1865,53520,Anthony Schwartz,6,3
2021101708,1964,37077,A.J. Green,6,3
2021101708,1964,39973,DeAndre Hopkins,6,3
2021101708,1964,46116,Christian Kirk,6,3
2021101708,1988,37077,A.J. Green,6,1
2021101708,1988,39973,DeAndre Hopkins,6,3
2021101708,1988,46116,Christian Kirk,6,3
2021101708,1988,53478,Rondale Moore,6,3
2021101708,2038,37077,A.J. Green,6,0
2021101708,2038,39973,DeAndre Hopkins,6,1
2021101708,2038,46116,Christian Kirk,6,0
2021101708,2196,37077,A.J. Green,6,0
2021101708,2196,39973,DeAndre Hopkins,6,0
2021101708,2196,53478,Rondale Moore,6,1
2021101708,2319,43461,Rashard Higgins,6,3
2021101708,2319,52595,Donovan Peoples-Jones,6,3
2021101708,2319,53520,Anthony Schwartz,6,3
2021101708,2341,43461,Rashard Higgins,6,3
2021101708,2341,52595,Donovan Peoples-Jones,6,3
2021101708,2341,53520,Anthony Schwartz,6,1
2021101708,2365,43461,Rashard Higgins,6,0
2021101708,2365,52595,Donovan Peoples-Jones,6,1
2021101708,2365,53520,Anthony Schwartz,6,3
2021101708,2413,43461,Rashard Higgins,6,0
2021101708,2413,52595,Donovan Peoples-Jones,6,0
2021101708,2413,53520,Anthony Schwartz,6,0
2021101708,2519,37077,A.J. Green,6,3
2021101708,2519,39973,DeAndre Hopkins,6,3
2021101708,2519,46116,Christian Kirk,6,3
2021101708,2543,37077,A.J. Green,6,3
2021101708,2543,39973,DeAndre Hopkins,6,3
2021101708,2543,46116,Christian Kirk,6,3
2021101708,2543,53478,Rondale Moore,6,3
2021101708,2737,37077,A.J. Green,6,0
2021101708,2737,39973,DeAndre Hopkins,6,1
2021101708,2737,46116,Christian Kirk,6,0
2021101708,2759,39973,DeAndre Hopkins,6,3
2021101708,2759,46116,Christian Kirk,6,3
2021101708,2759,48234,Antoine Wesley,6,3
2021101708,2759,53478,Rondale Moore,6,3
2021101708,2844,41238,Odell Beckham,6,0
2021101708,2894,41238,Odell Beckham,6,0
2021101708,2894,52595,Donovan Peoples-Jones,6,0
2021101708,2939,41238,Odell Beckham,6,3
2021101708,2939,52595,Donovan Peoples-Jones,6,3
2021101708,3027,37077,A.J. Green,6,3
2021101708,3027,39973,DeAndre Hopkins,6,3
2021101708,3027,53478,Rondale Moore,6,3
2021101708,3049,37077,A.J. Green,6,3
2021101708,3049,39973,DeAndre Hopkins,6,3
2021101708,3049,46116,Christian Kirk,6,3
2021101708,3049,53478,Rondale Moore,6,3
2021101708,3094,37077,A.J. Green,6,3
2021101708,3094,39973,DeAndre Hopkins,6,3
2021101708,3094,46116,Christian Kirk,6,3
2021101708,3094,53478,Rondale Moore,6,3
2021101708,3160,37077,A.J. Green,6,3
2021101708,3160,39973,DeAndre Hopkins,6,3
2021101708,3160,46116,Christian Kirk,6,3
2021101708,3238,41238,Odell Beckham,6,3
2021101708,3260,41238,Odell Beckham,6,1
2021101708,3260,43461,Rashard Higgins,6,0
2021101708,3260,52595,Donovan Peoples-Jones,6,3
2021101708,3284,41238,Odell Beckham,6,1
2021101708,3284,43461,Rashard Higgins,6,3
2021101708,3284,53520,Anthony Schwartz,6,0
2021101708,3308,52595,Donovan Peoples-Jones,6,3
2021101708,3570,41238,Odell Beckham,6,3
2021101708,3570,43461,Rashard Higgins,6,3
2021101708,3570,52595,Donovan Peoples-Jones,6,2
2021101708,3592,41238,Odell Beckham,6,3
2021101708,3592,43461,Rashard Higgins,6,3
2021101708,3592,52595,Donovan Peoples-Jones,6,3
2021101708,3656,39973,DeAndre Hopkins,6,0
2021101708,3656,46116,Christian Kirk,6,0
2021101708,3656,53478,Rondale Moore,6,2
2021101708,3756,37077,A.J. Green,6,3
2021101708,3756,39973,DeAndre Hopkins,6,3
2021101708,3756,46116,Christian Kirk,6,3
2021101708,3756,53478,Rondale Moore,6,3
2021101708,3838,37077,A.J. Green,6,3
2021101708,3838,39973,DeAndre Hopkins,6,3
2021101708,3838,46116,Christian Kirk,6,3
2021101708,4059,43461,Rashard Higgins,6,3
2021101708,4059,52595,Donovan Peoples-Jones,6,3
2021101708,4059,53520,Anthony Schwartz,6,3
2021101708,4083,43461,Rashard Higgins,6,1
2021101708,4083,52595,Donovan Peoples-Jones,6,3
2021101708,4083,53520,Anthony Schwartz,6,3
2021101708,4122,43461,Rashard Higgins,6,3
2021101708,4122,52595,Donovan Peoples-Jones,6,3
2021101708,4122,53520,Anthony Schwartz,6,3
2021101709,55,52420,Henry Ruggs,6,3
2021101709,55,52489,Bryan Edwards,6,3
2021101709,126,52420,Henry Ruggs,6,1
2021101709,126,52489,Bryan Edwards,6,0
2021101709,213,47932,Hunter Renfrow,6,3
2021101709,213,52420,Henry Ruggs,6,3
2021101709,213,52489,Bryan Edwards,6,3
2021101709,278,45267,Tim Patrick,6,0
2021101709,278,46109,Courtland Sutton,6,0
2021101709,374,45267,Tim Patrick,6,3
2021101709,374,46109,Courtland Sutton,6,0
2021101709,374,52766,Kendall Hinton,6,3
2021101709,398,46109,Courtland Sutton,6,0
2021101709,398,52766,Kendall Hinton,6,0
2021101709,485,45267,Tim Patrick,6,0
2021101709,541,47932,Hunter Renfrow,6,3
2021101709,541,52420,Henry Ruggs,6,3
2021101709,586,47932,Hunter Renfrow,6,3
2021101709,586,52420,Henry Ruggs,6,3
2021101709,586,52489,Bryan Edwards,6,3
2021101709,620,47932,Hunter Renfrow,6,3
2021101709,620,52420,Henry Ruggs,6,1
2021101709,620,52489,Bryan Edwards,6,3
2021101709,703,47932,Hunter Renfrow,6,3
2021101709,703,52420,Henry Ruggs,6,1
2021101709,703,52489,Bryan Edwards,6,1
2021101709,813,45267,Tim Patrick,6,3
2021101709,813,46109,Courtland Sutton,6,1
2021101709,813,52766,Kendall Hinton,6,0
2021101709,835,45267,Tim Patrick,6,3
2021101709,835,52660,Tyrie Cleveland,6,3
2021101709,835,52766,Kendall Hinton,6,3
2021101709,859,45267,Tim Patrick,6,3
2021101709,859,46109,Courtland Sutton,6,3
2021101709,885,44849,Zay Jones,6,3
2021101709,998,41500,Willie Snead,6,3
2021101709,998,47932,Hunter Renfrow,6,3
2021101709,998,52489,Bryan Edwards,6,3
2021101709,1068,45267,Tim Patrick,6,3
2021101709,1068,52660,Tyrie Cleveland,6,3
2021101709,1113,45267,Tim Patrick,6,3
2021101709,1113,46109,Courtland Sutton,6,3
2021101709,1113,52766,Kendall Hinton,6,3
2021101709,1153,52420,Henry Ruggs,6,3
2021101709,1153,52489,Bryan Edwards,6,3
2021101709,1228,47932,Hunter Renfrow,6,3
2021101709,1228,52420,Henry Ruggs,6,3
2021101709,1228,52489,Bryan Edwards,6,3
2021101709,1332,52660,Tyrie Cleveland,6,0
2021101709,1356,45267,Tim Patrick,6,3
2021101709,1356,46109,Courtland Sutton,6,3
2021101709,1356,52766,Kendall Hinton,6,1
2021101709,1422,45267,Tim Patrick,6,0
2021101709,1422,46109,Courtland Sutton,6,0
2021101709,1544,52420,Henry Ruggs,6,3
2021101709,1544,52489,Bryan Edwards,6,3
2021101709,1568,52420,Henry Ruggs,6,0
2021101709,1568,52489,Bryan Edwards,6,0
2021101709,1590,47932,Hunter Renfrow,6,3
2021101709,1590,52420,Henry Ruggs,6,0
2021101709,1590,52489,Bryan Edwards,6,3
2021101709,1631,45267,Tim Patrick,6,3
2021101709,1631,46109,Courtland Sutton,6,1
2021101709,1631,52766,Kendall Hinton,6,3
2021101709,1655,45267,Tim Patrick,6,3
2021101709,1655,46109,Courtland Sutton,6,3
2021101709,1655,52766,Kendall Hinton,6,3
2021101709,1733,45267,Tim Patrick,6,3
2021101709,1733,46109,Courtland Sutton,6,3
2021101709,1733,52766,Kendall Hinton,6,3
2021101709,1757,45267,Tim Patrick,6,3
2021101709,1757,46109,Courtland Sutton,6,0
2021101709,1757,52766,Kendall Hinton,6,1
2021101709,1791,45267,Tim Patrick,6,1
2021101709,1791,46109,Courtland Sutton,6,0
2021101709,1791,52766,Kendall Hinton,6,1
2021101709,1826,42051,Diontae Spencer,6,1
2021101709,1826,52660,Tyrie Cleveland,6,0
2021101709,1826,52766,Kendall Hinton,6,0
2021101709,1886,47932,Hunter Renfrow,6,3
2021101709,1886,52420,Henry Ruggs,6,3
2021101709,1886,52489,Bryan Edwards,6,3
2021101709,1924,47932,Hunter Renfrow,6,1
2021101709,1924,52420,Henry Ruggs,6,0
2021101709,1924,52489,Bryan Edwards,6,0
2021101709,1953,47932,Hunter Renfrow,6,3
2021101709,1953,52420,Henry Ruggs,6,3
2021101709,1953,52489,Bryan Edwards,6,3
2021101709,1975,41500,Willie Snead,6,3
2021101709,1975,44849,Zay Jones,6,0
2021101709,1975,47932,Hunter Renfrow,6,1
2021101709,2016,44849,Zay Jones,6,3
2021101709,2016,47932,Hunter Renfrow,6,3
2021101709,2016,52420,Henry Ruggs,6,3
2021101709,2185,45267,Tim Patrick,6,1
2021101709,2185,46109,Courtland Sutton,6,3
2021101709,2241,45267,Tim Patrick,6,0
2021101709,2241,46109,Courtland Sutton,6,3
2021101709,2241,52766,Kendall Hinton,6,3
2021101709,2263,41320,John Brown,6,1
2021101709,2263,45267,Tim Patrick,6,0
2021101709,2263,46109,Courtland Sutton,6,0
2021101709,2349,47932,Hunter Renfrow,6,3
2021101709,2349,52420,Henry Ruggs,6,3
2021101709,2349,52489,Bryan Edwards,6,3
2021101709,2454,45267,Tim Patrick,6,3
2021101709,2454,46109,Courtland Sutton,6,3
2021101709,2502,45267,Tim Patrick,6,3
2021101709,2502,46109,Courtland Sutton,6,3
2021101709,2600,45267,Tim Patrick,6,3
2021101709,2600,46109,Courtland Sutton,6,3
2021101709,2600,52766,Kendall Hinton,6,3
2021101709,2715,47932,Hunter Renfrow,6,3
2021101709,2715,52420,Henry Ruggs,6,3
2021101709,2715,52489,Bryan Edwards,6,1
2021101709,2756,41320,John Brown,6,0
2021101709,2756,46109,Courtland Sutton,6,0
2021101709,2778,45267,Tim Patrick,6,0
2021101709,2778,46109,Courtland Sutton,6,0
2021101709,2823,45267,Tim Patrick,6,3
2021101709,2823,46109,Courtland Sutton,6,3
2021101709,2823,52766,Kendall Hinton,6,3
2021101709,2942,47932,Hunter Renfrow,6,3
2021101709,2942,52420,Henry Ruggs,6,3
2021101709,2942,52489,Bryan Edwards,6,1
2021101709,2964,47932,Hunter Renfrow,6,3
2021101709,2964,52420,Henry Ruggs,6,3
2021101709,2964,52489,Bryan Edwards,6,3
2021101709,3091,45267,Tim Patrick,6,3
2021101709,3091,46109,Courtland Sutton,6,3
2021101709,3091,52766,Kendall Hinton,6,3
2021101709,3134,45267,Tim Patrick,6,3
2021101709,3134,46109,Courtland Sutton,6,3
2021101709,3134,52766,Kendall Hinton,6,3
2021101709,3179,45267,Tim Patrick,6,3
2021101709,3179,46109,Courtland Sutton,6,3
2021101709,3179,52766,Kendall Hinton,6,3
2021101709,3203,45267,Tim Patrick,6,3
2021101709,3203,46109,Courtland Sutton,6,3
2021101709,3203,52766,Kendall Hinton,6,3
2021101709,3248,45267,Tim Patrick,6,3
2021101709,3248,46109,Courtland Sutton,6,3
2021101709,3248,52766,Kendall Hinton,6,3
2021101709,3283,45267,Tim Patrick,6,3
2021101709,3283,46109,Courtland Sutton,6,3
2021101709,3283,52766,Kendall Hinton,6,3
2021101709,3305,45267,Tim Patrick,6,0
2021101709,3305,46109,Courtland Sutton,6,0
2021101709,3305,52766,Kendall Hinton,6,0
2021101709,3329,45267,Tim Patrick,6,3
2021101709,3329,46109,Courtland Sutton,6,3
2021101709,3329,52766,Kendall Hinton,6,3
2021101709,3411,45267,Tim Patrick,6,3
2021101709,3411,46109,Courtland Sutton,6,0
2021101709,3411,52766,Kendall Hinton,6,3
2021101709,3433,45267,Tim Patrick,6,3
2021101709,3433,46109,Courtland Sutton,6,3
2021101709,3562,47932,Hunter Renfrow,6,3
2021101709,3562,52420,Henry Ruggs,6,3
2021101709,3562,52489,Bryan Edwards,6,3
2021101709,3633,44849,Zay Jones,6,3
2021101709,3689,41320,John Brown,6,3
2021101709,3689,45267,Tim Patrick,6,3
2021101709,3689,46109,Courtland Sutton,6,3
2021101709,3739,46109,Courtland Sutton,6,3
2021101709,3739,52660,Tyrie Cleveland,6,3
2021101709,3739,52766,Kendall Hinton,6,3
2021101709,3761,46109,Courtland Sutton,6,0
2021101709,3761,52660,Tyrie Cleveland,6,0
2021101709,3761,52766,Kendall Hinton,6,0
2021101709,3906,45267,Tim Patrick,6,0
2021101709,3906,46109,Courtland Sutton,6,3
2021101709,3906,52766,Kendall Hinton,6,3
2021101709,3930,45267,Tim Patrick,6,3
2021101709,3930,46109,Courtland Sutton,6,3
2021101709,3930,52766,Kendall Hinton,6,3
2021101709,3954,45267,Tim Patrick,6,3
2021101709,3954,46109,Courtland Sutton,6,3
2021101709,3954,52766,Kendall Hinton,6,3
2021101709,4001,45267,Tim Patrick,6,3
2021101709,4001,46109,Courtland Sutton,6,3
2021101709,4001,52766,Kendall Hinton,6,3
2021101709,4063,45267,Tim Patrick,6,3
2021101709,4063,46109,Courtland Sutton,6,3
2021101709,4063,52766,Kendall Hinton,6,3
2021101709,4087,45267,Tim Patrick,6,3
2021101709,4087,46109,Courtland Sutton,6,3
2021101709,4087,52766,Kendall Hinton,6,3
2021101709,4111,45267,Tim Patrick,6,3
2021101709,4111,46109,Courtland Sutton,6,3
2021101709,4111,52766,Kendall Hinton,6,3
2021101709,4168,45267,Tim Patrick,6,3
2021101709,4168,46109,Courtland Sutton,6,3
2021101709,4168,52766,Kendall Hinton,6,3
2021101709,4233,45267,Tim Patrick,6,3
2021101709,4233,46109,Courtland Sutton,6,0
2021101709,4233,52766,Kendall Hinton,6,3
2021101709,4257,45267,Tim Patrick,6,0
2021101709,4257,46109,Courtland Sutton,6,0
2021101709,4257,52766,Kendall Hinton,6,1
2021101710,94,42347,Amari Cooper,6,3
2021101710,94,46277,Cedrick Wilson,6,3
2021101710,94,52425,CeeDee Lamb,6,3
2021101710,118,42347,Amari Cooper,6,1
2021101710,118,52425,CeeDee Lamb,6,0
2021101710,179,42347,Amari Cooper,6,2
2021101710,179,46277,Cedrick Wilson,6,3
2021101710,179,52425,CeeDee Lamb,6,0
2021101710,373,42347,Amari Cooper,6,3
2021101710,373,52425,CeeDee Lamb,6,3
2021101710,399,42347,Amari Cooper,6,2
2021101710,399,46277,Cedrick Wilson,6,3
2021101710,399,52425,CeeDee Lamb,6,0
2021101710,444,42347,Amari Cooper,6,3
2021101710,444,46277,Cedrick Wilson,6,0
2021101710,444,52425,CeeDee Lamb,6,3
2021101710,497,42347,Amari Cooper,6,3
2021101710,497,46277,Cedrick Wilson,6,3
2021101710,497,52425,CeeDee Lamb,6,3
2021101710,583,47815,N'Keal Harry,6,3
2021101710,607,42363,Nelson Agholor,6,3
2021101710,607,48097,Jakobi Meyers,6,0
2021101710,663,42363,Nelson Agholor,6,3
2021101710,663,48097,Jakobi Meyers,6,3
2021101710,719,42347,Amari Cooper,6,0
2021101710,719,52425,CeeDee Lamb,6,0
2021101710,775,42347,Amari Cooper,6,3
2021101710,775,46277,Cedrick Wilson,6,3
2021101710,775,52425,CeeDee Lamb,6,3
2021101710,799,42347,Amari Cooper,6,0
2021101710,799,46277,Cedrick Wilson,6,0
2021101710,799,52425,CeeDee Lamb,6,0
2021101710,825,42347,Amari Cooper,6,3
2021101710,825,45052,Noah Brown,6,3
2021101710,825,46277,Cedrick Wilson,6,3
2021101710,825,52425,CeeDee Lamb,6,3
2021101710,882,42347,Amari Cooper,6,3
2021101710,882,46277,Cedrick Wilson,6,0
2021101710,882,52425,CeeDee Lamb,6,3
2021101710,926,42347,Amari Cooper,6,0
2021101710,926,45052,Noah Brown,6,0
2021101710,926,52425,CeeDee Lamb,6,1
2021101710,971,42347,Amari Cooper,6,1
2021101710,971,46277,Cedrick Wilson,6,3
2021101710,971,52425,CeeDee Lamb,6,0
2021101710,1081,42347,Amari Cooper,6,3
2021101710,1081,52425,CeeDee Lamb,6,3
2021101710,1120,42347,Amari Cooper,6,3
2021101710,1120,46277,Cedrick Wilson,6,3
2021101710,1120,52425,CeeDee Lamb,6,3
2021101710,1146,42363,Nelson Agholor,6,3
2021101710,1146,48097,Jakobi Meyers,6,3
2021101710,1202,42363,Nelson Agholor,6,0
2021101710,1202,45185,Kendrick Bourne,6,3
2021101710,1202,48097,Jakobi Meyers,6,0
2021101710,1247,42363,Nelson Agholor,6,0
2021101710,1247,48097,Jakobi Meyers,6,0
2021101710,1312,42347,Amari Cooper,6,0
2021101710,1312,52425,CeeDee Lamb,6,2
2021101710,1379,42347,Amari Cooper,6,3
2021101710,1379,46277,Cedrick Wilson,6,3
2021101710,1379,52425,CeeDee Lamb,6,3
2021101710,1479,42347,Amari Cooper,6,3
2021101710,1479,46277,Cedrick Wilson,6,3
2021101710,1479,52425,CeeDee Lamb,6,3
2021101710,1501,42347,Amari Cooper,6,3
2021101710,1501,46277,Cedrick Wilson,6,3
2021101710,1501,52425,CeeDee Lamb,6,1
2021101710,1604,42363,Nelson Agholor,6,3
2021101710,1604,45185,Kendrick Bourne,6,3
2021101710,1604,48097,Jakobi Meyers,6,3
2021101710,1645,42363,Nelson Agholor,6,3
2021101710,1645,45185,Kendrick Bourne,6,3
2021101710,1645,48097,Jakobi Meyers,6,3
2021101710,1717,42347,Amari Cooper,6,3
2021101710,1717,46277,Cedrick Wilson,6,3
2021101710,1717,52425,CeeDee Lamb,6,3
2021101710,1746,42347,Amari Cooper,6,3
2021101710,1746,46277,Cedrick Wilson,6,3
2021101710,1746,52425,CeeDee Lamb,6,3
2021101710,2113,45185,Kendrick Bourne,6,1
2021101710,2113,47815,N'Keal Harry,6,3
2021101710,2113,48097,Jakobi Meyers,6,0
2021101710,2211,42347,Amari Cooper,6,3
2021101710,2211,52425,CeeDee Lamb,6,3
2021101710,2235,42347,Amari Cooper,6,3
2021101710,2235,46277,Cedrick Wilson,6,3
2021101710,2235,52425,CeeDee Lamb,6,3
2021101710,2331,48988,Gunner Olszewski,6,1
2021101710,2400,42347,Amari Cooper,6,0
2021101710,2400,52425,CeeDee Lamb,6,0
2021101710,2449,42347,Amari Cooper,6,0
2021101710,2449,46277,Cedrick Wilson,6,3
2021101710,2449,52425,CeeDee Lamb,6,3
2021101710,2499,42347,Amari Cooper,6,0
2021101710,2499,45052,Noah Brown,6,0
2021101710,2499,46277,Cedrick Wilson,6,2
2021101710,2499,52425,CeeDee Lamb,6,0
2021101710,2540,42347,Amari Cooper,6,3
2021101710,2540,52425,CeeDee Lamb,6,1
2021101710,2630,42347,Amari Cooper,6,0
2021101710,2630,52425,CeeDee Lamb,6,1
2021101710,2782,42363,Nelson Agholor,6,3
2021101710,2782,45185,Kendrick Bourne,6,3
2021101710,2782,48097,Jakobi Meyers,6,3
2021101710,2806,42363,Nelson Agholor,6,3
2021101710,2806,45185,Kendrick Bourne,6,3
2021101710,2806,48097,Jakobi Meyers,6,3
2021101710,2890,42347,Amari Cooper,6,3
2021101710,2890,46277,Cedrick Wilson,6,3
2021101710,2890,52425,CeeDee Lamb,6,3
2021101710,2919,42347,Amari Cooper,6,3
2021101710,2919,46277,Cedrick Wilson,6,0
2021101710,2919,52425,CeeDee Lamb,6,3
2021101710,3006,42347,Amari Cooper,6,3
2021101710,3006,46277,Cedrick Wilson,6,0
2021101710,3006,52425,CeeDee Lamb,6,0
2021101710,3052,42347,Amari Cooper,6,3
2021101710,3052,45052,Noah Brown,6,3
2021101710,3052,46277,Cedrick Wilson,6,3
2021101710,3074,42347,Amari Cooper,6,3
2021101710,3074,45052,Noah Brown,6,1
2021101710,3074,52425,CeeDee Lamb,6,3
2021101710,3167,42363,Nelson Agholor,6,3
2021101710,3167,48097,Jakobi Meyers,6,3
2021101710,3276,42363,Nelson Agholor,6,3
2021101710,3276,48097,Jakobi Meyers,6,3
2021101710,3319,42363,Nelson Agholor,6,0
2021101710,3319,45185,Kendrick Bourne,6,0
2021101710,3319,48097,Jakobi Meyers,6,0
2021101710,3549,42347,Amari Cooper,6,1
2021101710,3549,52425,CeeDee Lamb,6,0
2021101710,3673,42347,Amari Cooper,6,3
2021101710,3673,45052,Noah Brown,6,3
2021101710,3673,52425,CeeDee Lamb,6,3
2021101710,3807,42363,Nelson Agholor,6,3
2021101710,3807,45185,Kendrick Bourne,6,3
2021101710,3807,48097,Jakobi Meyers,6,3
2021101710,3874,42363,Nelson Agholor,6,3
2021101710,3874,45185,Kendrick Bourne,6,0
2021101710,3874,48097,Jakobi Meyers,6,3
2021101710,3899,45185,Kendrick Bourne,6,3
2021101710,3899,47815,N'Keal Harry,6,3
2021101710,3899,48097,Jakobi Meyers,6,3
2021101710,3935,42347,Amari Cooper,6,3
2021101710,3935,46277,Cedrick Wilson,6,3
2021101710,3935,52425,CeeDee Lamb,6,3
2021101710,3957,42347,Amari Cooper,6,0
2021101710,3957,46277,Cedrick Wilson,6,1
2021101710,3957,52425,CeeDee Lamb,6,0
2021101710,3998,42347,Amari Cooper,6,1
2021101710,3998,46277,Cedrick Wilson,6,1
2021101710,3998,52425,CeeDee Lamb,6,3
2021101710,4022,42347,Amari Cooper,6,3
2021101710,4022,46277,Cedrick Wilson,6,3
2021101710,4022,52425,CeeDee Lamb,6,3
2021101710,4046,42347,Amari Cooper,6,3
2021101710,4046,46277,Cedrick Wilson,6,3
2021101710,4046,52425,CeeDee Lamb,6,1
2021101710,4070,42347,Amari Cooper,6,3
2021101710,4070,46277,Cedrick Wilson,6,3
2021101710,4070,52425,CeeDee Lamb,6,3
2021101710,4092,42347,Amari Cooper,6,3
2021101710,4092,45052,Noah Brown,6,0
2021101710,4092,46998,Malik Turner,6,1
2021101710,4136,42347,Amari Cooper,6,1
2021101710,4136,46277,Cedrick Wilson,6,3
2021101710,4136,52425,CeeDee Lamb,6,0
2021101710,4271,42363,Nelson Agholor,6,3
2021101710,4271,45185,Kendrick Bourne,6,3
2021101710,4271,48097,Jakobi Meyers,6,3
2021101710,4293,42363,Nelson Agholor,6,3
2021101710,4293,45185,Kendrick Bourne,6,1
2021101710,4293,48097,Jakobi Meyers,6,1
2021101710,4363,42363,Nelson Agholor,6,3
2021101710,4363,45185,Kendrick Bourne,6,3
2021101710,4363,48097,Jakobi Meyers,6,3
2021101710,4429,42347,Amari Cooper,6,0
2021101710,4429,45052,Noah Brown,6,1
2021101710,4429,46277,Cedrick Wilson,6,1
2021101710,4429,52425,CeeDee Lamb,6,0
2021101710,4470,42347,Amari Cooper,6,3
2021101710,4470,45052,Noah Brown,6,3
2021101710,4494,42347,Amari Cooper,6,3
2021101710,4494,46277,Cedrick Wilson,6,3
2021101710,4494,52425,CeeDee Lamb,6,3
2021101710,4563,42347,Amari Cooper,6,3
2021101710,4563,52425,CeeDee Lamb,6,3
2021101711,126,46256,Ray-Ray McCloud,6,3
2021101711,126,47849,Diontae Johnson,6,1
2021101711,126,52457,Chase Claypool,6,3
2021101711,231,42412,Tyler Lockett,6,1
2021101711,231,47847,DK Metcalf,6,3
2021101711,231,52622,Freddie Swain,6,0
2021101711,280,46129,James Washington,6,3
2021101711,280,46256,Ray-Ray McCloud,6,3
2021101711,280,47849,Diontae Johnson,6,3
2021101711,328,46256,Ray-Ray McCloud,6,3
2021101711,328,47849,Diontae Johnson,6,3
2021101711,328,52457,Chase Claypool,6,0
2021101711,378,46129,James Washington,6,3
2021101711,378,46256,Ray-Ray McCloud,6,1
2021101711,378,47849,Diontae Johnson,6,0
2021101711,471,42412,Tyler Lockett,6,3
2021101711,471,47847,DK Metcalf,6,3
2021101711,471,52622,Freddie Swain,6,3
2021101711,493,42412,Tyler Lockett,6,0
2021101711,493,47847,DK Metcalf,6,3
2021101711,493,52622,Freddie Swain,6,3
2021101711,517,42412,Tyler Lockett,6,0
2021101711,517,48119,Penny Hart,6,0
2021101711,517,52622,Freddie Swain,6,0
2021101711,594,42412,Tyler Lockett,6,3
2021101711,594,47847,DK Metcalf,6,3
2021101711,594,52622,Freddie Swain,6,3
2021101711,660,47849,Diontae Johnson,6,0
2021101711,660,52457,Chase Claypool,6,1
2021101711,747,46129,James Washington,6,3
2021101711,747,46256,Ray-Ray McCloud,6,3
2021101711,747,47849,Diontae Johnson,6,3
2021101711,792,47849,Diontae Johnson,6,3
2021101711,792,52457,Chase Claypool,6,3
2021101711,816,46256,Ray-Ray McCloud,6,3
2021101711,816,47849,Diontae Johnson,6,3
2021101711,816,52457,Chase Claypool,6,3
2021101711,921,42412,Tyler Lockett,6,3
2021101711,921,47847,DK Metcalf,6,3
2021101711,921,52622,Freddie Swain,6,3
2021101711,945,42372,Phillip Dorsett,6,3
2021101711,945,42412,Tyler Lockett,6,3
2021101711,945,52622,Freddie Swain,6,3
2021101711,1032,47849,Diontae Johnson,6,1
2021101711,1032,52457,Chase Claypool,6,3
2021101711,1103,46129,James Washington,6,3
2021101711,1103,52457,Chase Claypool,6,3
2021101711,1127,46256,Ray-Ray McCloud,6,3
2021101711,1127,47849,Diontae Johnson,6,3
2021101711,1127,52457,Chase Claypool,6,3
2021101711,1166,47849,Diontae Johnson,6,3
2021101711,1166,52457,Chase Claypool,6,3
2021101711,1229,42412,Tyler Lockett,6,3
2021101711,1229,47847,DK Metcalf,6,3
2021101711,1229,52622,Freddie Swain,6,2
2021101711,1294,42412,Tyler Lockett,6,3
2021101711,1294,47847,DK Metcalf,6,3
2021101711,1294,52622,Freddie Swain,6,3
2021101711,1320,42412,Tyler Lockett,6,3
2021101711,1320,47847,DK Metcalf,6,3
2021101711,1320,52622,Freddie Swain,6,3
2021101711,1428,46129,James Washington,6,0
2021101711,1428,46256,Ray-Ray McCloud,6,0
2021101711,1473,47849,Diontae Johnson,6,3
2021101711,1473,52457,Chase Claypool,6,3
2021101711,1529,46256,Ray-Ray McCloud,6,2
2021101711,1529,47849,Diontae Johnson,6,1
2021101711,1529,52457,Chase Claypool,6,3
2021101711,1574,46256,Ray-Ray McCloud,6,3
2021101711,1574,47849,Diontae Johnson,6,3
2021101711,1574,52457,Chase Claypool,6,3
2021101711,1693,46256,Ray-Ray McCloud,6,3
2021101711,1693,47849,Diontae Johnson,6,3
2021101711,1693,52457,Chase Claypool,6,3
2021101711,1846,42412,Tyler Lockett,6,3
2021101711,1846,47847,DK Metcalf,6,3
2021101711,1846,52622,Freddie Swain,6,3
2021101711,1868,42412,Tyler Lockett,6,0
2021101711,1868,47847,DK Metcalf,6,0
2021101711,1868,52622,Freddie Swain,6,2
2021101711,1949,46256,Ray-Ray McCloud,6,3
2021101711,1949,47849,Diontae Johnson,6,3
2021101711,1949,52457,Chase Claypool,6,3
2021101711,1978,46256,Ray-Ray McCloud,6,3
2021101711,1978,47849,Diontae Johnson,6,3
2021101711,1978,52457,Chase Claypool,6,3
2021101711,2000,46256,Ray-Ray McCloud,6,3
2021101711,2000,47849,Diontae Johnson,6,3
2021101711,2000,52457,Chase Claypool,6,3
2021101711,2436,46256,Ray-Ray McCloud,6,3
2021101711,2436,47849,Diontae Johnson,6,3
2021101711,2436,52457,Chase Claypool,6,3
2021101711,2464,46256,Ray-Ray McCloud,6,0
2021101711,2464,47849,Diontae Johnson,6,3
2021101711,2464,52457,Chase Claypool,6,3
2021101711,2555,47849,Diontae Johnson,6,3
2021101711,2555,52457,Chase Claypool,6,3
2021101711,2579,46256,Ray-Ray McCloud,6,3
2021101711,2579,47849,Diontae Johnson,6,3
2021101711,2579,52457,Chase Claypool,6,3
2021101711,2739,42372,Phillip Dorsett,6,0
2021101711,2879,46256,Ray-Ray McCloud,6,3
2021101711,2879,47849,Diontae Johnson,6,3
2021101711,2879,52457,Chase Claypool,6,3
2021101711,2903,46256,Ray-Ray McCloud,6,3
2021101711,2903,47849,Diontae Johnson,6,3
2021101711,2903,52457,Chase Claypool,6,3
2021101711,2985,42412,Tyler Lockett,6,3
2021101711,2985,47847,DK Metcalf,6,3
2021101711,2985,52622,Freddie Swain,6,3
2021101711,3424,46256,Ray-Ray McCloud,6,3
2021101711,3424,47849,Diontae Johnson,6,3
2021101711,3424,52457,Chase Claypool,6,3
2021101711,3472,46256,Ray-Ray McCloud,6,0
2021101711,3472,47849,Diontae Johnson,6,0
2021101711,3472,52457,Chase Claypool,6,3
2021101711,3494,46256,Ray-Ray McCloud,6,3
2021101711,3494,47849,Diontae Johnson,6,3
2021101711,3494,52457,Chase Claypool,6,3
2021101711,3653,46256,Ray-Ray McCloud,6,3
2021101711,3653,47849,Diontae Johnson,6,3
2021101711,3653,52457,Chase Claypool,6,3
2021101711,3781,46256,Ray-Ray McCloud,6,0
2021101711,3781,47849,Diontae Johnson,6,3
2021101711,3781,52457,Chase Claypool,6,3
2021101711,3814,46256,Ray-Ray McCloud,6,3
2021101711,3814,47849,Diontae Johnson,6,3
2021101711,3814,52457,Chase Claypool,6,1
2021101711,3836,46256,Ray-Ray McCloud,6,0
2021101711,3836,47849,Diontae Johnson,6,0
2021101711,3836,52457,Chase Claypool,6,0
2021101711,3917,42412,Tyler Lockett,6,3
2021101711,3917,47847,DK Metcalf,6,3
2021101711,3917,52622,Freddie Swain,6,3
2021101711,3967,42412,Tyler Lockett,6,3
2021101711,3967,47847,DK Metcalf,6,3
2021101711,3967,52622,Freddie Swain,6,3
2021101711,4008,42412,Tyler Lockett,6,3
2021101711,4008,47847,DK Metcalf,6,3
2021101711,4008,52622,Freddie Swain,6,3
2021101711,4032,42412,Tyler Lockett,6,3
2021101711,4032,47847,DK Metcalf,6,3
2021101711,4032,52622,Freddie Swain,6,3
2021101711,4056,42412,Tyler Lockett,6,3
2021101711,4056,47847,DK Metcalf,6,3
2021101711,4056,52622,Freddie Swain,6,3
2021101711,4131,42412,Tyler Lockett,6,3
2021101711,4131,47847,DK Metcalf,6,3
2021101711,4131,52622,Freddie Swain,6,3
2021101711,4327,42412,Tyler Lockett,6,3
2021101711,4327,47847,DK Metcalf,6,3
2021101711,4327,52622,Freddie Swain,6,3
2021101711,4372,42412,Tyler Lockett,6,3
2021101711,4372,47847,DK Metcalf,6,3
2021101711,4372,52622,Freddie Swain,6,3
2021101711,4461,46256,Ray-Ray McCloud,6,3
2021101711,4461,47849,Diontae Johnson,6,3
2021101711,4461,52457,Chase Claypool,6,3
2021101711,4485,46256,Ray-Ray McCloud,6,1
2021101711,4485,47849,Diontae Johnson,6,3
2021101711,4485,52457,Chase Claypool,6,0
2021101711,4533,42412,Tyler Lockett,6,0
2021101711,4533,47847,DK Metcalf,6,0
2021101800,73,37079,Julio Jones,6,0
2021101800,73,43556,Chester Rogers,6,3
2021101800,73,47834,A.J. Brown,6,1
2021101800,161,37079,Julio Jones,6,3
2021101800,161,47834,A.J. Brown,6,3
2021101800,183,43556,Chester Rogers,6,3
2021101800,183,44003,Marcus Johnson,6,3
2021101800,183,53074,Nick Westbrook-Ikhine,6,3
2021101800,275,35521,Emmanuel Sanders,6,3
2021101800,275,38947,Cole Beasley,6,3
2021101800,275,42489,Stefon Diggs,6,3
2021101800,462,52536,Gabe Davis,6,2
2021101800,511,35521,Emmanuel Sanders,6,0
2021101800,511,42489,Stefon Diggs,6,0
2021101800,511,52536,Gabe Davis,6,0
2021101800,628,37079,Julio Jones,6,0
2021101800,628,43556,Chester Rogers,6,0
2021101800,628,47834,A.J. Brown,6,0
2021101800,691,35521,Emmanuel Sanders,6,3
2021101800,691,38947,Cole Beasley,6,3
2021101800,691,42489,Stefon Diggs,6,3
2021101800,807,47834,A.J. Brown,6,3
2021101800,873,37079,Julio Jones,6,3
2021101800,873,43556,Chester Rogers,6,2
2021101800,873,47834,A.J. Brown,6,3
2021101800,897,37079,Julio Jones,6,3
2021101800,897,43556,Chester Rogers,6,3
2021101800,897,47834,A.J. Brown,6,3
2021101800,923,35521,Emmanuel Sanders,6,3
2021101800,923,38947,Cole Beasley,6,2
2021101800,923,42489,Stefon Diggs,6,0
2021101800,987,35521,Emmanuel Sanders,6,1
2021101800,987,42489,Stefon Diggs,6,3
2021101800,987,52536,Gabe Davis,6,1
2021101800,1011,35521,Emmanuel Sanders,6,3
2021101800,1011,38947,Cole Beasley,6,3
2021101800,1011,42489,Stefon Diggs,6,3
2021101800,1054,35521,Emmanuel Sanders,6,3
2021101800,1054,38947,Cole Beasley,6,3
2021101800,1054,42489,Stefon Diggs,6,3
2021101800,1194,35521,Emmanuel Sanders,6,3
2021101800,1194,38947,Cole Beasley,6,3
2021101800,1194,42489,Stefon Diggs,6,3
2021101800,1368,38947,Cole Beasley,6,3
2021101800,1368,42489,Stefon Diggs,6,3
2021101800,1368,52536,Gabe Davis,6,3
2021101800,1397,35521,Emmanuel Sanders,6,3
2021101800,1397,38947,Cole Beasley,6,3
2021101800,1397,42489,Stefon Diggs,6,3
2021101800,1421,35521,Emmanuel Sanders,6,3
2021101800,1421,38947,Cole Beasley,6,1
2021101800,1449,35521,Emmanuel Sanders,6,3
2021101800,1449,38947,Cole Beasley,6,3
2021101800,1449,42489,Stefon Diggs,6,3
2021101800,1557,37079,Julio Jones,6,1
2021101800,1557,43556,Chester Rogers,6,1
2021101800,1557,47834,A.J. Brown,6,0
2021101800,1590,37079,Julio Jones,6,0
2021101800,1590,43556,Chester Rogers,6,0
2021101800,1590,47834,A.J. Brown,6,3
2021101800,1692,37079,Julio Jones,6,3
2021101800,1692,43556,Chester Rogers,6,1
2021101800,1692,47834,A.J. Brown,6,2
2021101800,1757,35521,Emmanuel Sanders,6,0
2021101800,1757,38947,Cole Beasley,6,3
2021101800,1757,42489,Stefon Diggs,6,0
2021101800,1902,35521,Emmanuel Sanders,6,0
2021101800,1902,38947,Cole Beasley,6,3
2021101800,1902,42489,Stefon Diggs,6,1
2021101800,1948,35521,Emmanuel Sanders,6,0
2021101800,1948,38947,Cole Beasley,6,3
2021101800,1948,42489,Stefon Diggs,6,0
2021101800,2010,35521,Emmanuel Sanders,6,3
2021101800,2010,38947,Cole Beasley,6,3
2021101800,2010,42489,Stefon Diggs,6,3
2021101800,2072,35521,Emmanuel Sanders,6,0
2021101800,2072,38947,Cole Beasley,6,3
2021101800,2072,42489,Stefon Diggs,6,0
2021101800,2117,35521,Emmanuel Sanders,6,0
2021101800,2117,38947,Cole Beasley,6,1
2021101800,2117,52536,Gabe Davis,6,0
2021101800,2269,35521,Emmanuel Sanders,6,3
2021101800,2269,38947,Cole Beasley,6,3
2021101800,2269,42489,Stefon Diggs,6,3
2021101800,2293,35521,Emmanuel Sanders,6,3
2021101800,2293,38947,Cole Beasley,6,3
2021101800,2293,42489,Stefon Diggs,6,3
2021101800,2322,35521,Emmanuel Sanders,6,3
2021101800,2322,38947,Cole Beasley,6,3
2021101800,2322,42489,Stefon Diggs,6,3
2021101800,2346,35521,Emmanuel Sanders,6,0
2021101800,2346,38947,Cole Beasley,6,3
2021101800,2346,52536,Gabe Davis,6,0
2021101800,2412,35521,Emmanuel Sanders,6,3
2021101800,2412,38947,Cole Beasley,6,3
2021101800,2412,42489,Stefon Diggs,6,3
2021101800,2486,37079,Julio Jones,6,3
2021101800,2486,47834,A.J. Brown,6,3
2021101800,2486,53074,Nick Westbrook-Ikhine,6,3
2021101800,2531,37079,Julio Jones,6,3
2021101800,2531,53074,Nick Westbrook-Ikhine,6,3
2021101800,2620,37079,Julio Jones,6,0
2021101800,2620,47834,A.J. Brown,6,0
2021101800,2663,37079,Julio Jones,6,3
2021101800,2663,47834,A.J. Brown,6,3
2021101800,2663,53074,Nick Westbrook-Ikhine,6,3
2021101800,2687,37079,Julio Jones,6,3
2021101800,2687,47834,A.J. Brown,6,3
2021101800,2687,53074,Nick Westbrook-Ikhine,6,3
2021101800,2732,44003,Marcus Johnson,6,3
2021101800,2732,47834,A.J. Brown,6,3
2021101800,2732,53074,Nick Westbrook-Ikhine,6,3
2021101800,2761,44003,Marcus Johnson,6,3
2021101800,2761,47834,A.J. Brown,6,3
2021101800,2761,53074,Nick Westbrook-Ikhine,6,3
2021101800,2901,35521,Emmanuel Sanders,6,3
2021101800,2901,38947,Cole Beasley,6,3
2021101800,2901,42489,Stefon Diggs,6,3
2021101800,2925,35521,Emmanuel Sanders,6,3
2021101800,2925,38947,Cole Beasley,6,3
2021101800,2925,42489,Stefon Diggs,6,3
2021101800,2954,35521,Emmanuel Sanders,6,3
2021101800,2954,38947,Cole Beasley,6,3
2021101800,2954,42489,Stefon Diggs,6,3
2021101800,2976,38947,Cole Beasley,6,3
2021101800,2976,42489,Stefon Diggs,6,3
2021101800,2976,52536,Gabe Davis,6,3
2021101800,3000,35521,Emmanuel Sanders,6,3
2021101800,3000,38947,Cole Beasley,6,3
2021101800,3000,42489,Stefon Diggs,6,1
2021101800,3207,37079,Julio Jones,6,3
2021101800,3207,47834,A.J. Brown,6,3
2021101800,3207,53074,Nick Westbrook-Ikhine,6,3
2021101800,3252,44003,Marcus Johnson,6,3
2021101800,3252,47834,A.J. Brown,6,3
2021101800,3252,53074,Nick Westbrook-Ikhine,6,3
2021101800,3337,37079,Julio Jones,6,3
2021101800,3337,47834,A.J. Brown,6,3
2021101800,3337,53074,Nick Westbrook-Ikhine,6,3
2021101800,3361,37079,Julio Jones,6,1
2021101800,3361,47834,A.J. Brown,6,1
2021101800,3361,53074,Nick Westbrook-Ikhine,6,3
2021101800,3419,35521,Emmanuel Sanders,6,3
2021101800,3419,38947,Cole Beasley,6,3
2021101800,3419,42489,Stefon Diggs,6,3
2021101800,3470,35521,Emmanuel Sanders,6,3
2021101800,3470,38947,Cole Beasley,6,3
2021101800,3470,42489,Stefon Diggs,6,3
2021101800,3524,35521,Emmanuel Sanders,6,0
2021101800,3524,38947,Cole Beasley,6,0
2021101800,3524,42489,Stefon Diggs,6,1
2021101800,3550,38947,Cole Beasley,6,3
2021101800,3550,42489,Stefon Diggs,6,3
2021101800,3550,42818,Jake Kumerow,6,1
2021101800,3550,52536,Gabe Davis,6,0
2021101800,3612,44003,Marcus Johnson,6,3
2021101800,3612,47834,A.J. Brown,6,3
2021101800,3612,53074,Nick Westbrook-Ikhine,6,3
2021101800,3636,44003,Marcus Johnson,6,0
2021101800,3636,47834,A.J. Brown,6,3
2021101800,3681,44003,Marcus Johnson,6,3
2021101800,3681,47834,A.J. Brown,6,0
2021101800,3681,53074,Nick Westbrook-Ikhine,6,3
2021101800,3705,44003,Marcus Johnson,6,3
2021101800,3705,47834,A.J. Brown,6,3
2021101800,3705,53074,Nick Westbrook-Ikhine,6,3
2021101800,3825,35521,Emmanuel Sanders,6,3
2021101800,3825,38947,Cole Beasley,6,3
2021101800,3825,42489,Stefon Diggs,6,3
2021101800,3825,52536,Gabe Davis,6,3
2021101800,3849,35521,Emmanuel Sanders,6,3
2021101800,3849,38947,Cole Beasley,6,3
2021101800,3849,42489,Stefon Diggs,6,3
2021101800,3849,52536,Gabe Davis,6,3
2021101800,3890,35521,Emmanuel Sanders,6,3
2021101800,3890,38947,Cole Beasley,6,3
2021101800,3890,42489,Stefon Diggs,6,3
2021101800,3890,52536,Gabe Davis,6,3
2021101800,3914,35521,Emmanuel Sanders,6,0
2021101800,3914,38947,Cole Beasley,6,0
2021101800,3914,42489,Stefon Diggs,6,3
2021101800,3914,52536,Gabe Davis,6,0
2021101800,3976,35521,Emmanuel Sanders,6,0
2021101800,3976,38947,Cole Beasley,6,3
2021101800,3976,42489,Stefon Diggs,6,3
2021101800,3976,52536,Gabe Davis,6,1
2021102100,56,41238,Odell Beckham,7,3
2021102100,56,41292,Jarvis Landry,7,3
2021102100,56,53520,Anthony Schwartz,7,1
2021102100,267,45267,Tim Patrick,7,3
2021102100,267,46109,Courtland Sutton,7,3
2021102100,401,41238,Odell Beckham,7,3
2021102100,401,41292,Jarvis Landry,7,3
2021102100,401,43461,Rashard Higgins,7,3
2021102100,435,41238,Odell Beckham,7,3
2021102100,435,41292,Jarvis Landry,7,3
2021102100,435,43461,Rashard Higgins,7,3
2021102100,486,41238,Odell Beckham,7,0
2021102100,486,41292,Jarvis Landry,7,0
2021102100,535,41238,Odell Beckham,7,0
2021102100,631,41238,Odell Beckham,7,3
2021102100,631,43461,Rashard Higgins,7,3
2021102100,631,53520,Anthony Schwartz,7,3
2021102100,802,45267,Tim Patrick,7,3
2021102100,802,46109,Courtland Sutton,7,3
2021102100,802,52766,Kendall Hinton,7,3
2021102100,890,41320,John Brown,7,0
2021102100,890,45267,Tim Patrick,7,3
2021102100,890,46109,Courtland Sutton,7,0
2021102100,1048,41238,Odell Beckham,7,3
2021102100,1048,53520,Anthony Schwartz,7,3
2021102100,1070,41238,Odell Beckham,7,1
2021102100,1070,43461,Rashard Higgins,7,0
2021102100,1070,53520,Anthony Schwartz,7,0
2021102100,1205,41320,John Brown,7,3
2021102100,1205,45267,Tim Patrick,7,3
2021102100,1205,46109,Courtland Sutton,7,3
2021102100,1292,41238,Odell Beckham,7,3
2021102100,1292,43461,Rashard Higgins,7,3
2021102100,1292,53520,Anthony Schwartz,7,3
2021102100,1337,41292,Jarvis Landry,7,3
2021102100,1337,43461,Rashard Higgins,7,3
2021102100,1383,53520,Anthony Schwartz,7,3
2021102100,1439,41238,Odell Beckham,7,3
2021102100,1439,41292,Jarvis Landry,7,3
2021102100,1439,43461,Rashard Higgins,7,3
2021102100,1587,41238,Odell Beckham,7,3
2021102100,1587,41292,Jarvis Landry,7,3
2021102100,1587,43461,Rashard Higgins,7,3
2021102100,1673,45267,Tim Patrick,7,0
2021102100,1673,46109,Courtland Sutton,7,0
2021102100,1673,52766,Kendall Hinton,7,3
2021102100,1695,45267,Tim Patrick,7,0
2021102100,1695,46109,Courtland Sutton,7,0
2021102100,1695,52766,Kendall Hinton,7,0
2021102100,1753,41238,Odell Beckham,7,1
2021102100,1753,43461,Rashard Higgins,7,3
2021102100,1753,53520,Anthony Schwartz,7,0
2021102100,1794,41238,Odell Beckham,7,3
2021102100,1794,41292,Jarvis Landry,7,3
2021102100,1794,43461,Rashard Higgins,7,3
2021102100,1820,41292,Jarvis Landry,7,0
2021102100,1820,43461,Rashard Higgins,7,0
2021102100,1820,53520,Anthony Schwartz,7,0
2021102100,1871,45267,Tim Patrick,7,0
2021102100,1871,46109,Courtland Sutton,7,3
2021102100,1871,52766,Kendall Hinton,7,0
2021102100,1966,41320,John Brown,7,3
2021102100,1966,45267,Tim Patrick,7,3
2021102100,1966,46109,Courtland Sutton,7,3
2021102100,2011,45267,Tim Patrick,7,3
2021102100,2011,46109,Courtland Sutton,7,3
2021102100,2011,52766,Kendall Hinton,7,3
2021102100,2035,45267,Tim Patrick,7,0
2021102100,2035,46109,Courtland Sutton,7,0
2021102100,2106,45267,Tim Patrick,7,3
2021102100,2106,46109,Courtland Sutton,7,1
2021102100,2106,52766,Kendall Hinton,7,3
2021102100,2130,45267,Tim Patrick,7,3
2021102100,2130,46109,Courtland Sutton,7,3
2021102100,2130,52766,Kendall Hinton,7,3
2021102100,2175,42051,Diontae Spencer,7,3
2021102100,2175,45267,Tim Patrick,7,3
2021102100,2175,46109,Courtland Sutton,7,3
2021102100,2199,45267,Tim Patrick,7,1
2021102100,2199,46109,Courtland Sutton,7,3
2021102100,2248,42051,Diontae Spencer,7,3
2021102100,2248,45267,Tim Patrick,7,3
2021102100,2248,46109,Courtland Sutton,7,3
2021102100,2357,41238,Odell Beckham,7,3
2021102100,2357,41292,Jarvis Landry,7,3
2021102100,2381,41238,Odell Beckham,7,3
2021102100,2381,41292,Jarvis Landry,7,3
2021102100,2405,53520,Anthony Schwartz,7,3
2021102100,2450,41238,Odell Beckham,7,3
2021102100,2450,53520,Anthony Schwartz,7,0
2021102100,2484,41292,Jarvis Landry,7,2
2021102100,2590,41292,Jarvis Landry,7,3
2021102100,2612,41238,Odell Beckham,7,0
2021102100,2612,41292,Jarvis Landry,7,2
2021102100,2612,43461,Rashard Higgins,7,0
2021102100,2733,45267,Tim Patrick,7,3
2021102100,2733,46109,Courtland Sutton,7,3
2021102100,2755,45267,Tim Patrick,7,3
2021102100,2755,46109,Courtland Sutton,7,3
2021102100,2755,52766,Kendall Hinton,7,1
2021102100,2990,41292,Jarvis Landry,7,3
2021102100,2990,53520,Anthony Schwartz,7,3
2021102100,3103,45267,Tim Patrick,7,0
2021102100,3103,46109,Courtland Sutton,7,0
2021102100,3125,41320,John Brown,7,3
2021102100,3125,45267,Tim Patrick,7,3
2021102100,3125,46109,Courtland Sutton,7,3
2021102100,3182,45267,Tim Patrick,7,3
2021102100,3182,46109,Courtland Sutton,7,3
2021102100,3182,52766,Kendall Hinton,7,3
2021102100,3233,45267,Tim Patrick,7,2
2021102100,3233,46109,Courtland Sutton,7,1
2021102100,3255,42051,Diontae Spencer,7,3
2021102100,3255,45267,Tim Patrick,7,3
2021102100,3255,52766,Kendall Hinton,7,3
2021102100,3304,45267,Tim Patrick,7,3
2021102100,3304,46109,Courtland Sutton,7,1
2021102100,3329,45267,Tim Patrick,7,1
2021102100,3329,46109,Courtland Sutton,7,3
2021102100,3370,45267,Tim Patrick,7,3
2021102100,3370,46109,Courtland Sutton,7,3
2021102100,3394,45267,Tim Patrick,7,3
2021102100,3394,46109,Courtland Sutton,7,3
2021102100,3416,46109,Courtland Sutton,7,3
2021102100,3416,52660,Tyrie Cleveland,7,3
2021102100,3416,52766,Kendall Hinton,7,3
2021102100,3438,41320,John Brown,7,3
2021102100,3438,45267,Tim Patrick,7,3
2021102100,3438,46109,Courtland Sutton,7,3
2021102100,3539,45267,Tim Patrick,7,3
2021102100,3539,46109,Courtland Sutton,7,3
2021102100,3539,52766,Kendall Hinton,7,3
2021102100,3673,41238,Odell Beckham,7,3
2021102100,3673,41292,Jarvis Landry,7,3
2021102100,3756,41292,Jarvis Landry,7,3
2021102400,56,43344,Tyler Boyd,7,0
2021102400,56,52441,Tee Higgins,7,0
2021102400,56,53434,Ja'Marr Chase,7,0
2021102400,78,43344,Tyler Boyd,7,3
2021102400,78,52441,Tee Higgins,7,3
2021102400,78,53434,Ja'Marr Chase,7,3
2021102400,123,43344,Tyler Boyd,7,3
2021102400,123,52441,Tee Higgins,7,3
2021102400,123,53434,Ja'Marr Chase,7,3
2021102400,145,43344,Tyler Boyd,7,0
2021102400,145,52441,Tee Higgins,7,3
2021102400,145,53434,Ja'Marr Chase,7,3
2021102400,169,43344,Tyler Boyd,7,3
2021102400,169,52441,Tee Higgins,7,3
2021102400,169,53434,Ja'Marr Chase,7,3
2021102400,200,43344,Tyler Boyd,7,3
2021102400,200,52441,Tee Higgins,7,3
2021102400,200,53434,Ja'Marr Chase,7,3
2021102400,239,43344,Tyler Boyd,7,1
2021102400,239,52441,Tee Higgins,7,3
2021102400,239,53434,Ja'Marr Chase,7,3
2021102400,299,47808,Marquise Brown,7,3
2021102400,299,53456,Rashod Bateman,7,3
2021102400,342,47808,Marquise Brown,7,2
2021102400,342,52500,Devin Duvernay,7,1
2021102400,471,43344,Tyler Boyd,7,3
2021102400,471,52441,Tee Higgins,7,3
2021102400,471,53434,Ja'Marr Chase,7,3
2021102400,493,43344,Tyler Boyd,7,3
2021102400,493,52441,Tee Higgins,7,3
2021102400,493,53434,Ja'Marr Chase,7,3
2021102400,540,43344,Tyler Boyd,7,1
2021102400,540,52441,Tee Higgins,7,1
2021102400,540,53434,Ja'Marr Chase,7,0
2021102400,564,43344,Tyler Boyd,7,0
2021102400,564,52441,Tee Higgins,7,3
2021102400,564,53434,Ja'Marr Chase,7,0
2021102400,641,47808,Marquise Brown,7,3
2021102400,641,53456,Rashod Bateman,7,3
2021102400,663,47808,Marquise Brown,7,1
2021102400,663,53456,Rashod Bateman,7,3
2021102400,731,43344,Tyler Boyd,7,3
2021102400,731,52441,Tee Higgins,7,3
2021102400,731,53434,Ja'Marr Chase,7,3
2021102400,755,43344,Tyler Boyd,7,3
2021102400,755,52441,Tee Higgins,7,3
2021102400,755,53434,Ja'Marr Chase,7,3
2021102400,802,47808,Marquise Brown,7,1
2021102400,802,53456,Rashod Bateman,7,0
2021102400,851,47808,Marquise Brown,7,3
2021102400,851,53456,Rashod Bateman,7,3
2021102400,875,47808,Marquise Brown,7,0
2021102400,875,53456,Rashod Bateman,7,3
2021102400,924,47808,Marquise Brown,7,3
2021102400,924,52500,Devin Duvernay,7,3
2021102400,924,53456,Rashod Bateman,7,3
2021102400,973,47808,Marquise Brown,7,3
2021102400,973,52500,Devin Duvernay,7,1
2021102400,973,53456,Rashod Bateman,7,3
2021102400,1167,52500,Devin Duvernay,7,3
2021102400,1305,43344,Tyler Boyd,7,3
2021102400,1305,52441,Tee Higgins,7,3
2021102400,1305,53434,Ja'Marr Chase,7,3
2021102400,1340,46322,Auden Tate,7,1
2021102400,1420,47808,Marquise Brown,7,0
2021102400,1420,53456,Rashod Bateman,7,3
2021102400,1484,47808,Marquise Brown,7,0
2021102400,1484,53456,Rashod Bateman,7,0
2021102400,1684,43344,Tyler Boyd,7,3
2021102400,1684,52441,Tee Higgins,7,3
2021102400,1684,53434,Ja'Marr Chase,7,3
2021102400,1708,43344,Tyler Boyd,7,3
2021102400,1708,52441,Tee Higgins,7,3
2021102400,1708,53434,Ja'Marr Chase,7,3
2021102400,1732,43344,Tyler Boyd,7,3
2021102400,1732,52441,Tee Higgins,7,3
2021102400,1732,53434,Ja'Marr Chase,7,3
2021102400,1756,43344,Tyler Boyd,7,3
2021102400,1756,52441,Tee Higgins,7,3
2021102400,1756,53434,Ja'Marr Chase,7,3
2021102400,1780,43344,Tyler Boyd,7,3
2021102400,1780,52441,Tee Higgins,7,3
2021102400,1780,53434,Ja'Marr Chase,7,3
2021102400,1825,43344,Tyler Boyd,7,3
2021102400,1825,52441,Tee Higgins,7,3
2021102400,1825,53434,Ja'Marr Chase,7,3
2021102400,1849,43344,Tyler Boyd,7,3
2021102400,1849,52441,Tee Higgins,7,3
2021102400,1849,53434,Ja'Marr Chase,7,3
2021102400,1918,43344,Tyler Boyd,7,3
2021102400,1918,52441,Tee Higgins,7,3
2021102400,1918,53434,Ja'Marr Chase,7,3
2021102400,2055,47808,Marquise Brown,7,0
2021102400,2055,52500,Devin Duvernay,7,0
2021102400,2055,53456,Rashod Bateman,7,1
2021102400,2079,47808,Marquise Brown,7,0
2021102400,2079,52500,Devin Duvernay,7,0
2021102400,2079,53456,Rashod Bateman,7,0
2021102400,2134,48471,Trenton Irwin,7,3
2021102400,2134,52441,Tee Higgins,7,3
2021102400,2134,53434,Ja'Marr Chase,7,3
2021102400,2179,43344,Tyler Boyd,7,3
2021102400,2179,46322,Auden Tate,7,3
2021102400,2179,53434,Ja'Marr Chase,7,3
2021102400,2210,43344,Tyler Boyd,7,3
2021102400,2210,52441,Tee Higgins,7,3
2021102400,2210,53434,Ja'Marr Chase,7,3
2021102400,2273,47808,Marquise Brown,7,3
2021102400,2273,53456,Rashod Bateman,7,1
2021102400,2297,47808,Marquise Brown,7,0
2021102400,2388,47808,Marquise Brown,7,3
2021102400,2388,53456,Rashod Bateman,7,3
2021102400,2477,43344,Tyler Boyd,7,3
2021102400,2477,52441,Tee Higgins,7,3
2021102400,2477,53434,Ja'Marr Chase,7,3
2021102400,2522,43344,Tyler Boyd,7,3
2021102400,2522,52441,Tee Higgins,7,3
2021102400,2522,53434,Ja'Marr Chase,7,3
2021102400,2599,47808,Marquise Brown,7,3
2021102400,2599,52500,Devin Duvernay,7,3
2021102400,2599,53456,Rashod Bateman,7,3
2021102400,2641,47808,Marquise Brown,7,3
2021102400,2641,52500,Devin Duvernay,7,3
2021102400,2641,53456,Rashod Bateman,7,3
2021102400,2690,43344,Tyler Boyd,7,1
2021102400,2690,52441,Tee Higgins,7,3
2021102400,2690,53434,Ja'Marr Chase,7,3
2021102400,2714,43344,Tyler Boyd,7,3
2021102400,2714,52441,Tee Higgins,7,3
2021102400,2714,53434,Ja'Marr Chase,7,3
2021102400,2760,43344,Tyler Boyd,7,3
2021102400,2760,52441,Tee Higgins,7,1
2021102400,2760,53434,Ja'Marr Chase,7,3
2021102400,2810,43344,Tyler Boyd,7,3
2021102400,2810,46322,Auden Tate,7,3
2021102400,2810,53434,Ja'Marr Chase,7,3
2021102400,2832,43344,Tyler Boyd,7,3
2021102400,2832,52441,Tee Higgins,7,3
2021102400,2832,53434,Ja'Marr Chase,7,3
2021102400,2872,43344,Tyler Boyd,7,3
2021102400,2872,48471,Trenton Irwin,7,3
2021102400,2872,53434,Ja'Marr Chase,7,3
2021102400,2979,43344,Tyler Boyd,7,3
2021102400,2979,52441,Tee Higgins,7,3
2021102400,2979,53434,Ja'Marr Chase,7,3
2021102400,3001,43344,Tyler Boyd,7,3
2021102400,3001,52441,Tee Higgins,7,3
2021102400,3001,53434,Ja'Marr Chase,7,3
2021102400,3070,47808,Marquise Brown,7,3
2021102400,3152,47808,Marquise Brown,7,0
2021102400,3152,52500,Devin Duvernay,7,1
2021102400,3152,52609,James Proche,7,0
2021102400,3176,47808,Marquise Brown,7,3
2021102400,3176,52500,Devin Duvernay,7,3
2021102400,3176,52609,James Proche,7,3
2021102400,3198,47808,Marquise Brown,7,3
2021102400,3198,52500,Devin Duvernay,7,3
2021102400,3198,52609,James Proche,7,3
2021102400,3220,47808,Marquise Brown,7,3
2021102400,3220,52500,Devin Duvernay,7,3
2021102400,3220,53456,Rashod Bateman,7,3
2021102400,3368,47808,Marquise Brown,7,0
2021102400,3368,53456,Rashod Bateman,7,1
2021102400,3392,47808,Marquise Brown,7,0
2021102400,3392,53456,Rashod Bateman,7,0
2021102400,3414,47808,Marquise Brown,7,3
2021102400,3414,52500,Devin Duvernay,7,3
2021102400,3414,53456,Rashod Bateman,7,3
2021102400,3526,47808,Marquise Brown,7,0
2021102400,3526,53456,Rashod Bateman,7,0
2021102400,3649,47808,Marquise Brown,7,3
2021102400,3649,52609,James Proche,7,3
2021102400,3649,53456,Rashod Bateman,7,3
2021102400,3683,47808,Marquise Brown,7,3
2021102400,3683,52500,Devin Duvernay,7,3
2021102400,3683,52609,James Proche,7,3
2021102400,3705,47808,Marquise Brown,7,0
2021102400,3705,52500,Devin Duvernay,7,0
2021102400,3705,52609,James Proche,7,0
2021102400,3843,47808,Marquise Brown,7,3
2021102400,3843,52500,Devin Duvernay,7,3
2021102400,3843,52609,James Proche,7,3
2021102400,3873,47808,Marquise Brown,7,3
2021102400,3873,52500,Devin Duvernay,7,3
2021102400,3873,52609,James Proche,7,3
2021102400,3897,47808,Marquise Brown,7,3
2021102400,3897,52500,Devin Duvernay,7,3
2021102400,3897,52609,James Proche,7,3
2021102400,3925,47808,Marquise Brown,7,1
2021102400,3925,52500,Devin Duvernay,7,0
2021102400,3925,52609,James Proche,7,0
2021102400,3949,47808,Marquise Brown,7,0
2021102400,3949,52500,Devin Duvernay,7,0
2021102400,3949,52609,James Proche,7,0
2021102400,3971,47808,Marquise Brown,7,0
2021102400,3971,52500,Devin Duvernay,7,0
2021102400,3971,52609,James Proche,7,0
2021102400,3993,47808,Marquise Brown,7,0
2021102400,3993,47876,Miles Boykin,7,0
2021102400,3993,52609,James Proche,7,0
2021102400,4015,47876,Miles Boykin,7,0
2021102400,4015,52609,James Proche,7,0
2021102400,4015,53560,Tylan Wallace,7,0
2021102401,55,41282,Davante Adams,7,3
2021102401,55,46705,Allen Lazard,7,3
2021102401,124,37139,Randall Cobb,7,3
2021102401,124,41282,Davante Adams,7,3
2021102401,124,46705,Allen Lazard,7,3
2021102401,148,37139,Randall Cobb,7,3
2021102401,148,46276,Equanimeous St. Brown,7,3
2021102401,148,46705,Allen Lazard,7,3
2021102401,170,46276,Equanimeous St. Brown,7,3
2021102401,170,46705,Allen Lazard,7,3
2021102401,300,37139,Randall Cobb,7,3
2021102401,300,41282,Davante Adams,7,3
2021102401,300,46705,Allen Lazard,7,3
2021102401,324,37139,Randall Cobb,7,0
2021102401,324,41282,Davante Adams,7,0
2021102401,324,46705,Allen Lazard,7,0
2021102401,425,47859,Terry McLaurin,7,3
2021102401,425,53687,Dax Milne,7,3
2021102401,538,42794,DeAndre Carter,7,1
2021102401,538,47859,Terry McLaurin,7,0
2021102401,538,53511,Dyami Brown,7,0
2021102401,562,43010,Adam Humphries,7,3
2021102401,562,47859,Terry McLaurin,7,0
2021102401,562,53511,Dyami Brown,7,1
2021102401,766,47859,Terry McLaurin,7,0
2021102401,766,53511,Dyami Brown,7,1
2021102401,766,53687,Dax Milne,7,3
2021102401,827,42794,DeAndre Carter,7,0
2021102401,827,43010,Adam Humphries,7,3
2021102401,827,47859,Terry McLaurin,7,0
2021102401,914,42794,DeAndre Carter,7,3
2021102401,914,43010,Adam Humphries,7,3
2021102401,914,47859,Terry McLaurin,7,3
2021102401,959,41282,Davante Adams,7,3
2021102401,959,46705,Allen Lazard,7,0
2021102401,959,53514,Amari Rodgers,7,1
2021102401,983,41282,Davante Adams,7,3
2021102401,983,46705,Allen Lazard,7,3
2021102401,1007,37139,Randall Cobb,7,3
2021102401,1007,41282,Davante Adams,7,3
2021102401,1007,46705,Allen Lazard,7,3
2021102401,1055,37139,Randall Cobb,7,3
2021102401,1055,41282,Davante Adams,7,3
2021102401,1055,46276,Equanimeous St. Brown,7,3
2021102401,1140,37139,Randall Cobb,7,3
2021102401,1140,41282,Davante Adams,7,1
2021102401,1140,46705,Allen Lazard,7,0
2021102401,1268,42794,DeAndre Carter,7,3
2021102401,1268,43010,Adam Humphries,7,1
2021102401,1268,47859,Terry McLaurin,7,3
2021102401,1290,42794,DeAndre Carter,7,3
2021102401,1290,43010,Adam Humphries,7,3
2021102401,1290,47859,Terry McLaurin,7,3
2021102401,1312,37139,Randall Cobb,7,3
2021102401,1312,41282,Davante Adams,7,3
2021102401,1312,46705,Allen Lazard,7,3
2021102401,1383,37139,Randall Cobb,7,3
2021102401,1383,41282,Davante Adams,7,3
2021102401,1383,46705,Allen Lazard,7,3
2021102401,1407,37139,Randall Cobb,7,1
2021102401,1407,41282,Davante Adams,7,0
2021102401,1407,46705,Allen Lazard,7,0
2021102401,1513,37139,Randall Cobb,7,0
2021102401,1513,41282,Davante Adams,7,3
2021102401,1513,46705,Allen Lazard,7,3
2021102401,1537,37139,Randall Cobb,7,3
2021102401,1537,41282,Davante Adams,7,3
2021102401,1537,46705,Allen Lazard,7,3
2021102401,1578,37139,Randall Cobb,7,3
2021102401,1578,41282,Davante Adams,7,3
2021102401,1578,46705,Allen Lazard,7,3
2021102401,1836,37139,Randall Cobb,7,3
2021102401,1836,41282,Davante Adams,7,3
2021102401,1836,46705,Allen Lazard,7,3
2021102401,1899,42794,DeAndre Carter,7,2
2021102401,1899,47859,Terry McLaurin,7,0
2021102401,1955,42794,DeAndre Carter,7,3
2021102401,1955,43010,Adam Humphries,7,3
2021102401,1955,47859,Terry McLaurin,7,3
2021102401,1984,42794,DeAndre Carter,7,1
2021102401,1984,43010,Adam Humphries,7,1
2021102401,1984,47859,Terry McLaurin,7,0
2021102401,2029,42794,DeAndre Carter,7,0
2021102401,2029,43010,Adam Humphries,7,1
2021102401,2029,47859,Terry McLaurin,7,1
2021102401,2074,42794,DeAndre Carter,7,3
2021102401,2074,43010,Adam Humphries,7,3
2021102401,2074,47859,Terry McLaurin,7,3
2021102401,2381,37139,Randall Cobb,7,0
2021102401,2381,41282,Davante Adams,7,0
2021102401,2381,46705,Allen Lazard,7,1
2021102401,2403,37139,Randall Cobb,7,0
2021102401,2403,41282,Davante Adams,7,3
2021102401,2403,46705,Allen Lazard,7,0
2021102401,2635,43010,Adam Humphries,7,0
2021102401,2635,47859,Terry McLaurin,7,3
2021102401,2635,53687,Dax Milne,7,1
2021102401,2657,42794,DeAndre Carter,7,3
2021102401,2657,47859,Terry McLaurin,7,3
2021102401,2657,53687,Dax Milne,7,3
2021102401,2744,37139,Randall Cobb,7,3
2021102401,2744,41282,Davante Adams,7,3
2021102401,2744,46705,Allen Lazard,7,3
2021102401,2837,37139,Randall Cobb,7,3
2021102401,2837,41282,Davante Adams,7,3
2021102401,2837,46705,Allen Lazard,7,3
2021102401,2861,37139,Randall Cobb,7,3
2021102401,2861,41282,Davante Adams,7,3
2021102401,2861,46705,Allen Lazard,7,3
2021102401,2915,37139,Randall Cobb,7,0
2021102401,2915,41282,Davante Adams,7,3
2021102401,2915,46705,Allen Lazard,7,3
2021102401,2954,37139,Randall Cobb,7,3
2021102401,2954,41282,Davante Adams,7,3
2021102401,2954,46705,Allen Lazard,7,3
2021102401,2989,37139,Randall Cobb,7,0
2021102401,2989,41282,Davante Adams,7,0
2021102401,2989,46705,Allen Lazard,7,0
2021102401,3052,43010,Adam Humphries,7,3
2021102401,3052,47859,Terry McLaurin,7,0
2021102401,3052,53687,Dax Milne,7,0
2021102401,3074,43010,Adam Humphries,7,3
2021102401,3074,47859,Terry McLaurin,7,3
2021102401,3074,53687,Dax Milne,7,3
2021102401,3098,43010,Adam Humphries,7,3
2021102401,3098,47859,Terry McLaurin,7,3
2021102401,3098,53687,Dax Milne,7,3
2021102401,3122,43010,Adam Humphries,7,3
2021102401,3122,47859,Terry McLaurin,7,3
2021102401,3122,53687,Dax Milne,7,3
2021102401,3178,43010,Adam Humphries,7,3
2021102401,3178,52550,Antonio Gandy-Golden,7,3
2021102401,3178,53687,Dax Milne,7,3
2021102401,3221,43010,Adam Humphries,7,3
2021102401,3221,47859,Terry McLaurin,7,3
2021102401,3221,53687,Dax Milne,7,3
2021102401,3245,43010,Adam Humphries,7,3
2021102401,3245,47859,Terry McLaurin,7,3
2021102401,3245,53687,Dax Milne,7,3
2021102401,3298,43010,Adam Humphries,7,3
2021102401,3298,47859,Terry McLaurin,7,3
2021102401,3298,53687,Dax Milne,7,3
2021102401,3320,43010,Adam Humphries,7,3
2021102401,3320,47859,Terry McLaurin,7,0
2021102401,3320,53687,Dax Milne,7,1
2021102401,3344,43010,Adam Humphries,7,1
2021102401,3344,47859,Terry McLaurin,7,3
2021102401,3344,53687,Dax Milne,7,3
2021102401,3371,41282,Davante Adams,7,3
2021102401,3371,46705,Allen Lazard,7,1
2021102401,3432,42794,DeAndre Carter,7,3
2021102401,3432,43010,Adam Humphries,7,3
2021102401,3432,47859,Terry McLaurin,7,3
2021102401,3456,42794,DeAndre Carter,7,3
2021102401,3456,43010,Adam Humphries,7,1
2021102401,3456,47859,Terry McLaurin,7,3
2021102401,3504,42794,DeAndre Carter,7,3
2021102401,3504,43010,Adam Humphries,7,3
2021102401,3504,47859,Terry McLaurin,7,3
2021102401,3743,43010,Adam Humphries,7,3
2021102401,3743,47859,Terry McLaurin,7,3
2021102401,3743,53687,Dax Milne,7,3
2021102401,3788,43010,Adam Humphries,7,1
2021102401,3788,47859,Terry McLaurin,7,3
2021102401,3788,53687,Dax Milne,7,3
2021102401,3810,43010,Adam Humphries,7,1
2021102401,3810,47859,Terry McLaurin,7,0
2021102401,3810,53687,Dax Milne,7,3
2021102401,3839,43010,Adam Humphries,7,3
2021102401,3839,47859,Terry McLaurin,7,3
2021102401,3839,53687,Dax Milne,7,3
2021102401,3861,43010,Adam Humphries,7,3
2021102401,3861,52550,Antonio Gandy-Golden,7,3
2021102401,3861,53687,Dax Milne,7,3
2021102401,3951,42794,DeAndre Carter,7,3
2021102401,3951,43010,Adam Humphries,7,3
2021102401,3951,47859,Terry McLaurin,7,3
2021102402,100,41506,Albert Wilson,7,3
2021102402,100,48480,Preston Williams,7,3
2021102402,100,53435,Jaylen Waddle,7,3
2021102402,181,45050,Isaiah Ford,7,3
2021102402,181,48480,Preston Williams,7,3
2021102402,181,53435,Jaylen Waddle,7,3
2021102402,263,45050,Isaiah Ford,7,3
2021102402,263,48480,Preston Williams,7,3
2021102402,287,44931,Mack Hollins,7,0
2021102402,382,44931,Mack Hollins,7,3
2021102402,382,45050,Isaiah Ford,7,3
2021102402,382,53435,Jaylen Waddle,7,3
2021102402,459,43429,Tajae Sharpe,7,3
2021102402,459,46095,Calvin Ridley,7,3
2021102402,459,46263,Russell Gage,7,3
2021102402,483,46095,Calvin Ridley,7,0
2021102402,483,46263,Russell Gage,7,2
2021102402,535,44931,Mack Hollins,7,0
2021102402,535,53435,Jaylen Waddle,7,0
2021102402,557,44931,Mack Hollins,7,3
2021102402,557,45050,Isaiah Ford,7,3
2021102402,581,44931,Mack Hollins,7,3
2021102402,581,45050,Isaiah Ford,7,3
2021102402,581,53435,Jaylen Waddle,7,3
2021102402,624,46095,Calvin Ridley,7,3
2021102402,852,46095,Calvin Ridley,7,3
2021102402,910,53435,Jaylen Waddle,7,3
2021102402,1000,48480,Preston Williams,7,3
2021102402,1000,53435,Jaylen Waddle,7,0
2021102402,1048,45050,Isaiah Ford,7,3
2021102402,1048,48480,Preston Williams,7,3
2021102402,1145,46095,Calvin Ridley,7,3
2021102402,1145,46263,Russell Gage,7,3
2021102402,1167,46095,Calvin Ridley,7,3
2021102402,1167,46263,Russell Gage,7,3
2021102402,1191,46095,Calvin Ridley,7,3
2021102402,1215,46263,Russell Gage,7,3
2021102402,1215,48374,Olamide Zaccheaus,7,1
2021102402,1260,46095,Calvin Ridley,7,3
2021102402,1260,46263,Russell Gage,7,3
2021102402,1284,46095,Calvin Ridley,7,3
2021102402,1327,46095,Calvin Ridley,7,1
2021102402,1511,48480,Preston Williams,7,3
2021102402,1511,53435,Jaylen Waddle,7,3
2021102402,1601,48480,Preston Williams,7,3
2021102402,1601,53435,Jaylen Waddle,7,3
2021102402,1646,48480,Preston Williams,7,3
2021102402,1646,53435,Jaylen Waddle,7,1
2021102402,1673,43429,Tajae Sharpe,7,1
2021102402,1673,46095,Calvin Ridley,7,1
2021102402,1673,46263,Russell Gage,7,3
2021102402,1713,43429,Tajae Sharpe,7,3
2021102402,1713,46095,Calvin Ridley,7,3
2021102402,1713,46263,Russell Gage,7,3
2021102402,1754,43429,Tajae Sharpe,7,3
2021102402,1754,46095,Calvin Ridley,7,3
2021102402,1754,46263,Russell Gage,7,3
2021102402,1795,43429,Tajae Sharpe,7,3
2021102402,1795,46095,Calvin Ridley,7,3
2021102402,1795,46263,Russell Gage,7,3
2021102402,1824,43429,Tajae Sharpe,7,3
2021102402,1824,46095,Calvin Ridley,7,0
2021102402,1824,46263,Russell Gage,7,3
2021102402,1949,46095,Calvin Ridley,7,3
2021102402,2002,46095,Calvin Ridley,7,0
2021102402,2002,46263,Russell Gage,7,0
2021102402,2140,44931,Mack Hollins,7,3
2021102402,2140,53435,Jaylen Waddle,7,3
2021102402,2237,46095,Calvin Ridley,7,3
2021102402,2237,46263,Russell Gage,7,3
2021102402,2259,46095,Calvin Ridley,7,3
2021102402,2259,46263,Russell Gage,7,3
2021102402,2308,48480,Preston Williams,7,3
2021102402,2308,53435,Jaylen Waddle,7,3
2021102402,2375,44931,Mack Hollins,7,0
2021102402,2375,53435,Jaylen Waddle,7,3
2021102402,2425,44931,Mack Hollins,7,3
2021102402,2425,53435,Jaylen Waddle,7,3
2021102402,2538,44931,Mack Hollins,7,3
2021102402,2594,46095,Calvin Ridley,7,3
2021102402,2616,46095,Calvin Ridley,7,3
2021102402,2616,46263,Russell Gage,7,0
2021102402,2638,46095,Calvin Ridley,7,0
2021102402,2638,46263,Russell Gage,7,0
2021102402,2683,43429,Tajae Sharpe,7,3
2021102402,2683,46263,Russell Gage,7,3
2021102402,2707,43429,Tajae Sharpe,7,2
2021102402,2707,46095,Calvin Ridley,7,3
2021102402,2707,46263,Russell Gage,7,3
2021102402,2733,43429,Tajae Sharpe,7,3
2021102402,2733,46263,Russell Gage,7,3
2021102402,2755,46095,Calvin Ridley,7,3
2021102402,2755,46263,Russell Gage,7,3
2021102402,2811,44931,Mack Hollins,7,0
2021102402,2811,53435,Jaylen Waddle,7,0
2021102402,2986,46095,Calvin Ridley,7,3
2021102402,3008,46095,Calvin Ridley,7,3
2021102402,3034,44931,Mack Hollins,7,3
2021102402,3034,53435,Jaylen Waddle,7,3
2021102402,3081,46095,Calvin Ridley,7,3
2021102402,3191,44931,Mack Hollins,7,3
2021102402,3191,53435,Jaylen Waddle,7,3
2021102402,3220,44931,Mack Hollins,7,0
2021102402,3220,53435,Jaylen Waddle,7,0
2021102402,3244,44931,Mack Hollins,7,3
2021102402,3244,53435,Jaylen Waddle,7,3
2021102402,3289,45050,Isaiah Ford,7,3
2021102402,3289,53435,Jaylen Waddle,7,3
2021102402,3344,44931,Mack Hollins,7,3
2021102402,3344,45050,Isaiah Ford,7,3
2021102402,3392,44931,Mack Hollins,7,3
2021102402,3392,53435,Jaylen Waddle,7,2
2021102402,3490,46095,Calvin Ridley,7,3
2021102402,3490,46263,Russell Gage,7,3
2021102402,3512,43429,Tajae Sharpe,7,3
2021102402,3512,46095,Calvin Ridley,7,3
2021102402,3512,46263,Russell Gage,7,3
2021102402,3578,48374,Olamide Zaccheaus,7,3
2021102402,3689,44931,Mack Hollins,7,3
2021102402,3689,53435,Jaylen Waddle,7,3
2021102402,3842,44931,Mack Hollins,7,3
2021102402,3842,53435,Jaylen Waddle,7,3
2021102402,3870,44931,Mack Hollins,7,3
2021102402,3870,45050,Isaiah Ford,7,3
2021102402,3870,53435,Jaylen Waddle,7,3
2021102402,3922,44931,Mack Hollins,7,3
2021102402,3922,53435,Jaylen Waddle,7,1
2021102403,94,45185,Kendrick Bourne,7,1
2021102403,94,47815,N'Keal Harry,7,3
2021102403,351,42363,Nelson Agholor,7,3
2021102403,351,48097,Jakobi Meyers,7,3
2021102403,515,42448,Jamison Crowder,7,0
2021102403,515,44817,Corey Davis,7,1
2021102403,515,53463,Elijah Moore,7,1
2021102403,537,42448,Jamison Crowder,7,3
2021102403,537,44817,Corey Davis,7,3
2021102403,537,53463,Elijah Moore,7,3
2021102403,559,42448,Jamison Crowder,7,0
2021102403,559,44817,Corey Davis,7,0
2021102403,559,53463,Elijah Moore,7,1
2021102403,681,42448,Jamison Crowder,7,3
2021102403,681,44817,Corey Davis,7,3
2021102403,681,53463,Elijah Moore,7,3
2021102403,755,42448,Jamison Crowder,7,3
2021102403,755,44817,Corey Davis,7,3
2021102403,755,53463,Elijah Moore,7,3
2021102403,797,42363,Nelson Agholor,7,3
2021102403,797,48097,Jakobi Meyers,7,3
2021102403,819,42363,Nelson Agholor,7,3
2021102403,819,48097,Jakobi Meyers,7,3
2021102403,948,42363,Nelson Agholor,7,3
2021102403,948,48097,Jakobi Meyers,7,3
2021102403,970,42363,Nelson Agholor,7,3
2021102403,970,45185,Kendrick Bourne,7,3
2021102403,970,48097,Jakobi Meyers,7,3
2021102403,994,42363,Nelson Agholor,7,3
2021102403,994,45185,Kendrick Bourne,7,3
2021102403,994,48097,Jakobi Meyers,7,3
2021102403,1066,42448,Jamison Crowder,7,2
2021102403,1066,44817,Corey Davis,7,3
2021102403,1066,45555,Keelan Cole,7,3
2021102403,1090,42448,Jamison Crowder,7,0
2021102403,1090,44817,Corey Davis,7,1
2021102403,1090,45555,Keelan Cole,7,0
2021102403,1112,42448,Jamison Crowder,7,2
2021102403,1112,44817,Corey Davis,7,0
2021102403,1112,45555,Keelan Cole,7,0
2021102403,1141,42448,Jamison Crowder,7,1
2021102403,1141,44817,Corey Davis,7,0
2021102403,1141,45555,Keelan Cole,7,0
2021102403,1268,42448,Jamison Crowder,7,3
2021102403,1268,44817,Corey Davis,7,3
2021102403,1268,45555,Keelan Cole,7,3
2021102403,1347,42363,Nelson Agholor,7,3
2021102403,1347,45185,Kendrick Bourne,7,3
2021102403,1347,48097,Jakobi Meyers,7,3
2021102403,1369,42363,Nelson Agholor,7,3
2021102403,1369,45185,Kendrick Bourne,7,3
2021102403,1369,48097,Jakobi Meyers,7,0
2021102403,1391,45185,Kendrick Bourne,7,3
2021102403,1391,47815,N'Keal Harry,7,3
2021102403,1391,48097,Jakobi Meyers,7,3
2021102403,1436,42363,Nelson Agholor,7,0
2021102403,1436,48097,Jakobi Meyers,7,1
2021102403,1481,42363,Nelson Agholor,7,3
2021102403,1481,45185,Kendrick Bourne,7,3
2021102403,1481,48097,Jakobi Meyers,7,3
2021102403,1573,42363,Nelson Agholor,7,3
2021102403,1573,48097,Jakobi Meyers,7,3
2021102403,1712,42448,Jamison Crowder,7,0
2021102403,1712,53463,Elijah Moore,7,0
2021102403,1741,42448,Jamison Crowder,7,3
2021102403,1741,44817,Corey Davis,7,0
2021102403,1741,53463,Elijah Moore,7,3
2021102403,1791,42448,Jamison Crowder,7,3
2021102403,1791,44817,Corey Davis,7,3
2021102403,1791,45555,Keelan Cole,7,3
2021102403,1874,42363,Nelson Agholor,7,3
2021102403,1874,45185,Kendrick Bourne,7,3
2021102403,1874,48097,Jakobi Meyers,7,1
2021102403,1898,42363,Nelson Agholor,7,3
2021102403,1898,45185,Kendrick Bourne,7,3
2021102403,1898,48097,Jakobi Meyers,7,3
2021102403,1920,42363,Nelson Agholor,7,3
2021102403,1920,45185,Kendrick Bourne,7,3
2021102403,1920,48097,Jakobi Meyers,7,1
2021102403,2074,45185,Kendrick Bourne,7,3
2021102403,2074,47815,N'Keal Harry,7,3
2021102403,2074,48097,Jakobi Meyers,7,3
2021102403,2141,45185,Kendrick Bourne,7,3
2021102403,2141,47815,N'Keal Harry,7,3
2021102403,2141,48097,Jakobi Meyers,7,3
2021102403,2170,42363,Nelson Agholor,7,3
2021102403,2170,45185,Kendrick Bourne,7,3
2021102403,2170,48097,Jakobi Meyers,7,3
2021102403,2203,42363,Nelson Agholor,7,3
2021102403,2203,45185,Kendrick Bourne,7,3
2021102403,2203,48097,Jakobi Meyers,7,3
2021102403,2271,42448,Jamison Crowder,7,3
2021102403,2271,44817,Corey Davis,7,3
2021102403,2271,45555,Keelan Cole,7,3
2021102403,2357,42448,Jamison Crowder,7,3
2021102403,2357,44817,Corey Davis,7,3
2021102403,2357,53463,Elijah Moore,7,3
2021102403,2405,42448,Jamison Crowder,7,3
2021102403,2405,44817,Corey Davis,7,3
2021102403,2405,53463,Elijah Moore,7,3
2021102403,2429,42448,Jamison Crowder,7,3
2021102403,2429,45555,Keelan Cole,7,3
2021102403,2429,52467,Denzel Mims,7,3
2021102403,2453,42448,Jamison Crowder,7,3
2021102403,2453,45555,Keelan Cole,7,3
2021102403,2453,52467,Denzel Mims,7,3
2021102403,2506,42448,Jamison Crowder,7,3
2021102403,2506,44817,Corey Davis,7,3
2021102403,2506,45555,Keelan Cole,7,3
2021102403,2598,45185,Kendrick Bourne,7,1
2021102403,2598,47815,N'Keal Harry,7,1
2021102403,2598,48097,Jakobi Meyers,7,3
2021102403,2650,42363,Nelson Agholor,7,3
2021102403,2650,45185,Kendrick Bourne,7,3
2021102403,2650,48097,Jakobi Meyers,7,3
2021102403,2679,42363,Nelson Agholor,7,3
2021102403,2679,45185,Kendrick Bourne,7,1
2021102403,2679,48097,Jakobi Meyers,7,1
2021102403,2839,42448,Jamison Crowder,7,1
2021102403,2839,44817,Corey Davis,7,3
2021102403,2839,46279,Braxton Berrios,7,3
2021102403,2839,53463,Elijah Moore,7,3
2021102403,2863,42448,Jamison Crowder,7,3
2021102403,2863,44817,Corey Davis,7,3
2021102403,2863,46279,Braxton Berrios,7,3
2021102403,2863,53463,Elijah Moore,7,3
2021102403,2885,42448,Jamison Crowder,7,3
2021102403,2885,44817,Corey Davis,7,3
2021102403,2885,53463,Elijah Moore,7,3
2021102403,2909,42448,Jamison Crowder,7,3
2021102403,2909,44817,Corey Davis,7,3
2021102403,2909,53463,Elijah Moore,7,3
2021102403,2959,45555,Keelan Cole,7,3
2021102403,2959,52467,Denzel Mims,7,3
2021102403,3062,45185,Kendrick Bourne,7,0
2021102403,3062,47815,N'Keal Harry,7,0
2021102403,3062,48097,Jakobi Meyers,7,3
2021102403,3125,42448,Jamison Crowder,7,3
2021102403,3125,44817,Corey Davis,7,3
2021102403,3125,45555,Keelan Cole,7,3
2021102403,3125,52467,Denzel Mims,7,3
2021102403,3152,42448,Jamison Crowder,7,3
2021102403,3152,44817,Corey Davis,7,3
2021102403,3152,45555,Keelan Cole,7,3
2021102403,3152,52467,Denzel Mims,7,3
2021102403,3185,42448,Jamison Crowder,7,3
2021102403,3185,52467,Denzel Mims,7,0
2021102403,3185,53463,Elijah Moore,7,0
2021102403,3207,42448,Jamison Crowder,7,3
2021102403,3207,44817,Corey Davis,7,3
2021102403,3207,53463,Elijah Moore,7,1
2021102403,3308,42363,Nelson Agholor,7,3
2021102403,3308,47815,N'Keal Harry,7,3
2021102403,3308,48097,Jakobi Meyers,7,3
2021102403,3332,42363,Nelson Agholor,7,3
2021102403,3332,48097,Jakobi Meyers,7,3
2021102403,3418,42448,Jamison Crowder,7,3
2021102403,3418,52467,Denzel Mims,7,3
2021102403,3418,53463,Elijah Moore,7,3
2021102403,3452,42448,Jamison Crowder,7,3
2021102403,3452,52467,Denzel Mims,7,3
2021102403,3452,53463,Elijah Moore,7,3
2021102403,3474,42448,Jamison Crowder,7,3
2021102403,3474,52467,Denzel Mims,7,3
2021102403,3474,53463,Elijah Moore,7,3
2021102403,3496,42448,Jamison Crowder,7,3
2021102403,3496,44817,Corey Davis,7,3
2021102403,3496,45555,Keelan Cole,7,0
2021102403,3525,42448,Jamison Crowder,7,3
2021102403,3525,44817,Corey Davis,7,3
2021102403,3525,45555,Keelan Cole,7,3
2021102403,3559,42448,Jamison Crowder,7,3
2021102403,3559,44817,Corey Davis,7,3
2021102403,3559,53463,Elijah Moore,7,3
2021102403,3588,42448,Jamison Crowder,7,3
2021102403,3588,44817,Corey Davis,7,3
2021102403,3588,53463,Elijah Moore,7,3
2021102403,3610,42448,Jamison Crowder,7,3
2021102403,3610,44817,Corey Davis,7,3
2021102403,3610,45555,Keelan Cole,7,3
2021102403,3653,45185,Kendrick Bourne,7,1
2021102403,3653,47815,N'Keal Harry,7,1
2021102403,3653,48097,Jakobi Meyers,7,1
2021102403,3682,45185,Kendrick Bourne,7,3
2021102403,3682,47815,N'Keal Harry,7,3
2021102403,3682,48097,Jakobi Meyers,7,3
2021102403,3777,42448,Jamison Crowder,7,3
2021102403,3777,52467,Denzel Mims,7,3
2021102403,3777,53463,Elijah Moore,7,3
2021102403,3822,42448,Jamison Crowder,7,3
2021102403,3822,52467,Denzel Mims,7,3
2021102403,3822,53463,Elijah Moore,7,3
2021102403,3846,42448,Jamison Crowder,7,3
2021102403,3846,52467,Denzel Mims,7,3
2021102403,3846,53463,Elijah Moore,7,3
2021102403,3868,42448,Jamison Crowder,7,3
2021102403,3868,45555,Keelan Cole,7,3
2021102403,3868,46279,Braxton Berrios,7,3
2021102403,3868,52467,Denzel Mims,7,3
2021102403,3922,47815,N'Keal Harry,7,3
2021102403,3922,48988,Gunner Olszewski,7,3
2021102403,3971,45185,Kendrick Bourne,7,0
2021102403,3971,47815,N'Keal Harry,7,3
2021102403,3971,48988,Gunner Olszewski,7,3
2021102403,4039,47815,N'Keal Harry,7,3
2021102403,4039,48988,Gunner Olszewski,7,3
2021102403,4198,42448,Jamison Crowder,7,3
2021102403,4198,52467,Denzel Mims,7,3
2021102403,4198,53463,Elijah Moore,7,3
2021102403,4222,46279,Braxton Berrios,7,3
2021102403,4222,52467,Denzel Mims,7,3
2021102403,4222,53463,Elijah Moore,7,3
2021102404,108,43808,Robby Anderson,7,0
2021102404,108,46093,D.J. Moore,7,0
2021102404,242,43808,Robby Anderson,7,3
2021102404,242,46093,D.J. Moore,7,3
2021102404,242,46542,Keith Kirkwood,7,1
2021102404,266,43808,Robby Anderson,7,3
2021102404,266,46093,D.J. Moore,7,3
2021102404,266,46542,Keith Kirkwood,7,3
2021102404,328,43808,Robby Anderson,7,1
2021102404,328,46093,D.J. Moore,7,3
2021102404,328,46542,Keith Kirkwood,7,3
2021102404,417,44821,John Ross,7,3
2021102404,417,46113,Dante Pettis,7,3
2021102404,417,47954,Darius Slayton,7,3
2021102404,573,43808,Robby Anderson,7,3
2021102404,573,46093,D.J. Moore,7,3
2021102404,573,53633,Shi Smith,7,3
2021102404,597,43808,Robby Anderson,7,3
2021102404,597,46093,D.J. Moore,7,0
2021102404,597,46542,Keith Kirkwood,7,3
2021102404,650,44821,John Ross,7,2
2021102404,650,47954,Darius Slayton,7,1
2021102404,742,44821,John Ross,7,0
2021102404,742,46113,Dante Pettis,7,1
2021102404,742,47954,Darius Slayton,7,1
2021102404,782,48489,David Sills,7,3
2021102404,964,43808,Robby Anderson,7,3
2021102404,964,46093,D.J. Moore,7,3
2021102404,964,53633,Shi Smith,7,3
2021102404,986,43808,Robby Anderson,7,3
2021102404,986,46093,D.J. Moore,7,3
2021102404,986,53633,Shi Smith,7,3
2021102404,1065,46113,Dante Pettis,7,3
2021102404,1065,48489,David Sills,7,3
2021102404,1065,52573,Collin Johnson,7,3
2021102404,1148,46113,Dante Pettis,7,3
2021102404,1148,48489,David Sills,7,3
2021102404,1148,52573,Collin Johnson,7,3
2021102404,1170,44821,John Ross,7,3
2021102404,1170,46113,Dante Pettis,7,3
2021102404,1170,47954,Darius Slayton,7,3
2021102404,1278,43808,Robby Anderson,7,1
2021102404,1278,46093,D.J. Moore,7,3
2021102404,1325,44821,John Ross,7,3
2021102404,1325,47954,Darius Slayton,7,3
2021102404,1370,44821,John Ross,7,0
2021102404,1370,47954,Darius Slayton,7,1
2021102404,1415,48489,David Sills,7,3
2021102404,1415,52573,Collin Johnson,7,3
2021102404,1515,43808,Robby Anderson,7,0
2021102404,1515,46093,D.J. Moore,7,1
2021102404,1515,46542,Keith Kirkwood,7,1
2021102404,1560,43808,Robby Anderson,7,3
2021102404,1560,46093,D.J. Moore,7,0
2021102404,1560,46542,Keith Kirkwood,7,0
2021102404,1584,43808,Robby Anderson,7,3
2021102404,1584,46093,D.J. Moore,7,3
2021102404,1584,46542,Keith Kirkwood,7,3
2021102404,1653,43808,Robby Anderson,7,3
2021102404,1653,46093,D.J. Moore,7,3
2021102404,1653,46542,Keith Kirkwood,7,3
2021102404,1698,46093,D.J. Moore,7,1
2021102404,1698,46542,Keith Kirkwood,7,2
2021102404,1731,43808,Robby Anderson,7,0
2021102404,1731,46093,D.J. Moore,7,0
2021102404,1799,44821,John Ross,7,3
2021102404,1799,46113,Dante Pettis,7,3
2021102404,1799,47954,Darius Slayton,7,3
2021102404,1823,44821,John Ross,7,3
2021102404,1823,46113,Dante Pettis,7,3
2021102404,1823,47954,Darius Slayton,7,3
2021102404,1856,44821,John Ross,7,3
2021102404,1856,46113,Dante Pettis,7,3
2021102404,1856,47954,Darius Slayton,7,3
2021102404,1897,44821,John Ross,7,3
2021102404,1897,46113,Dante Pettis,7,3
2021102404,1897,47954,Darius Slayton,7,3
2021102404,1921,44821,John Ross,7,3
2021102404,1921,46113,Dante Pettis,7,3
2021102404,1921,47954,Darius Slayton,7,3
2021102404,2071,43808,Robby Anderson,7,3
2021102404,2071,46093,D.J. Moore,7,3
2021102404,2071,46542,Keith Kirkwood,7,3
2021102404,2095,43808,Robby Anderson,7,0
2021102404,2095,46093,D.J. Moore,7,0
2021102404,2095,46542,Keith Kirkwood,7,0
2021102404,2208,44821,John Ross,7,3
2021102404,2208,47954,Darius Slayton,7,3
2021102404,2321,43808,Robby Anderson,7,3
2021102404,2321,46093,D.J. Moore,7,3
2021102404,2321,53633,Shi Smith,7,3
2021102404,2345,43808,Robby Anderson,7,0
2021102404,2345,46093,D.J. Moore,7,0
2021102404,2470,46113,Dante Pettis,7,3
2021102404,2470,48489,David Sills,7,3
2021102404,2470,52573,Collin Johnson,7,3
2021102404,2557,43808,Robby Anderson,7,3
2021102404,2557,46093,D.J. Moore,7,3
2021102404,2557,53633,Shi Smith,7,3
2021102404,2602,43808,Robby Anderson,7,3
2021102404,2602,46093,D.J. Moore,7,3
2021102404,2652,44821,John Ross,7,2
2021102404,2652,46113,Dante Pettis,7,0
2021102404,2652,47954,Darius Slayton,7,1
2021102404,2705,44821,John Ross,7,3
2021102404,2705,46113,Dante Pettis,7,3
2021102404,2705,47954,Darius Slayton,7,3
2021102404,2729,44821,John Ross,7,0
2021102404,2729,46113,Dante Pettis,7,0
2021102404,2729,47954,Darius Slayton,7,0
2021102404,2888,46113,Dante Pettis,7,3
2021102404,2888,47954,Darius Slayton,7,3
2021102404,2888,52573,Collin Johnson,7,3
2021102404,2980,43808,Robby Anderson,7,0
2021102404,2980,46093,D.J. Moore,7,1
2021102404,2980,53633,Shi Smith,7,1
2021102404,3102,44821,John Ross,7,3
2021102404,3102,47954,Darius Slayton,7,3
2021102404,3147,44821,John Ross,7,0
2021102404,3147,47954,Darius Slayton,7,1
2021102404,3173,46113,Dante Pettis,7,3
2021102404,3173,47954,Darius Slayton,7,3
2021102404,3173,52573,Collin Johnson,7,3
2021102404,3212,46113,Dante Pettis,7,3
2021102404,3212,47954,Darius Slayton,7,1
2021102404,3212,48489,David Sills,7,3
2021102404,3309,43808,Robby Anderson,7,1
2021102404,3309,46093,D.J. Moore,7,0
2021102404,3309,46542,Keith Kirkwood,7,0
2021102404,3344,43808,Robby Anderson,7,3
2021102404,3344,46093,D.J. Moore,7,3
2021102404,3344,46542,Keith Kirkwood,7,3
2021102404,3431,48489,David Sills,7,3
2021102404,3431,52573,Collin Johnson,7,3
2021102404,3529,48489,David Sills,7,1
2021102404,3529,52573,Collin Johnson,7,0
2021102404,3572,44821,John Ross,7,3
2021102404,3572,47954,Darius Slayton,7,3
2021102404,3617,48489,David Sills,7,3
2021102404,3617,52573,Collin Johnson,7,3
2021102404,3694,43808,Robby Anderson,7,3
2021102404,3694,46093,D.J. Moore,7,3
2021102404,3694,53633,Shi Smith,7,3
2021102404,3716,43808,Robby Anderson,7,3
2021102404,3716,46093,D.J. Moore,7,3
2021102404,3716,53633,Shi Smith,7,3
2021102404,3757,43808,Robby Anderson,7,0
2021102404,3757,46093,D.J. Moore,7,0
2021102404,3757,53633,Shi Smith,7,0
2021102404,3856,43808,Robby Anderson,7,3
2021102404,3856,46093,D.J. Moore,7,3
2021102404,3856,46542,Keith Kirkwood,7,3
2021102404,3880,43808,Robby Anderson,7,0
2021102404,3880,46093,D.J. Moore,7,0
2021102404,3880,46542,Keith Kirkwood,7,1
2021102404,3902,43808,Robby Anderson,7,3
2021102404,3902,46093,D.J. Moore,7,0
2021102404,3902,53633,Shi Smith,7,3
2021102404,3924,43663,Alex Erickson,7,0
2021102404,3924,43808,Robby Anderson,7,0
2021102404,3924,53633,Shi Smith,7,0
2021102404,3967,43808,Robby Anderson,7,3
2021102404,3967,46093,D.J. Moore,7,3
2021102404,3967,46542,Keith Kirkwood,7,3
2021102404,3996,43808,Robby Anderson,7,0
2021102404,3996,46093,D.J. Moore,7,0
2021102404,3996,46542,Keith Kirkwood,7,3
2021102404,4018,43808,Robby Anderson,7,3
2021102404,4018,46093,D.J. Moore,7,3
2021102404,4018,53633,Shi Smith,7,3
2021102404,4040,43808,Robby Anderson,7,3
2021102404,4040,46093,D.J. Moore,7,3
2021102404,4040,53633,Shi Smith,7,3
2021102405,64,37079,Julio Jones,7,3
2021102405,64,47834,A.J. Brown,7,3
2021102405,109,37079,Julio Jones,7,1
2021102405,109,47834,A.J. Brown,7,3
2021102405,159,44003,Marcus Johnson,7,0
2021102405,159,53074,Nick Westbrook-Ikhine,7,3
2021102405,192,37079,Julio Jones,7,3
2021102405,192,47834,A.J. Brown,7,3
2021102405,192,53074,Nick Westbrook-Ikhine,7,3
2021102405,360,43415,Demarcus Robinson,7,3
2021102405,360,43454,Tyreek Hill,7,3
2021102405,360,46522,Byron Pringle,7,3
2021102405,389,39646,Josh Gordon,7,3
2021102405,389,43454,Tyreek Hill,7,3
2021102405,389,47839,Mecole Hardman,7,3
2021102405,457,39646,Josh Gordon,7,3
2021102405,457,43454,Tyreek Hill,7,3
2021102405,457,47839,Mecole Hardman,7,3
2021102405,597,37079,Julio Jones,7,3
2021102405,597,44930,Josh Reynolds,7,3
2021102405,597,47834,A.J. Brown,7,1
2021102405,661,37079,Julio Jones,7,3
2021102405,661,47834,A.J. Brown,7,3
2021102405,826,37079,Julio Jones,7,3
2021102405,826,44930,Josh Reynolds,7,3
2021102405,826,47834,A.J. Brown,7,3
2021102405,903,43415,Demarcus Robinson,7,3
2021102405,903,43454,Tyreek Hill,7,3
2021102405,965,43415,Demarcus Robinson,7,0
2021102405,965,46522,Byron Pringle,7,2
2021102405,965,47839,Mecole Hardman,7,0
2021102405,1050,44003,Marcus Johnson,7,3
2021102405,1050,53074,Nick Westbrook-Ikhine,7,3
2021102405,1182,44003,Marcus Johnson,7,3
2021102405,1182,47834,A.J. Brown,7,3
2021102405,1182,53074,Nick Westbrook-Ikhine,7,2
2021102405,1234,37079,Julio Jones,7,3
2021102405,1234,44930,Josh Reynolds,7,3
2021102405,1234,47834,A.J. Brown,7,3
2021102405,1277,37079,Julio Jones,7,3
2021102405,1277,44930,Josh Reynolds,7,3
2021102405,1277,47834,A.J. Brown,7,3
2021102405,1333,39646,Josh Gordon,7,0
2021102405,1333,43454,Tyreek Hill,7,0
2021102405,1333,47839,Mecole Hardman,7,0
2021102405,1380,37079,Julio Jones,7,3
2021102405,1380,44930,Josh Reynolds,7,3
2021102405,1380,47834,A.J. Brown,7,3
2021102405,1404,44003,Marcus Johnson,7,0
2021102405,1404,47834,A.J. Brown,7,0
2021102405,1404,53074,Nick Westbrook-Ikhine,7,3
2021102405,1479,37079,Julio Jones,7,3
2021102405,1479,44930,Josh Reynolds,7,3
2021102405,1479,47834,A.J. Brown,7,1
2021102405,1503,37079,Julio Jones,7,3
2021102405,1503,47834,A.J. Brown,7,1
2021102405,1625,43415,Demarcus Robinson,7,3
2021102405,1625,43454,Tyreek Hill,7,3
2021102405,1625,47839,Mecole Hardman,7,3
2021102405,1665,43415,Demarcus Robinson,7,3
2021102405,1665,43454,Tyreek Hill,7,3
2021102405,1665,47839,Mecole Hardman,7,3
2021102405,1721,43415,Demarcus Robinson,7,3
2021102405,1721,43454,Tyreek Hill,7,3
2021102405,1721,47839,Mecole Hardman,7,3
2021102405,1801,44003,Marcus Johnson,7,1
2021102405,1801,44930,Josh Reynolds,7,3
2021102405,1801,47834,A.J. Brown,7,0
2021102405,1850,44003,Marcus Johnson,7,3
2021102405,1850,44930,Josh Reynolds,7,3
2021102405,1850,47834,A.J. Brown,7,3
2021102405,1874,44003,Marcus Johnson,7,3
2021102405,1874,44930,Josh Reynolds,7,3
2021102405,1874,47834,A.J. Brown,7,3
2021102405,2070,39646,Josh Gordon,7,3
2021102405,2070,43454,Tyreek Hill,7,3
2021102405,2070,47839,Mecole Hardman,7,3
2021102405,2191,43415,Demarcus Robinson,7,0
2021102405,2191,43454,Tyreek Hill,7,0
2021102405,2191,46522,Byron Pringle,7,0
2021102405,2215,43454,Tyreek Hill,7,0
2021102405,2271,39646,Josh Gordon,7,1
2021102405,2271,43454,Tyreek Hill,7,0
2021102405,2293,43415,Demarcus Robinson,7,1
2021102405,2293,46522,Byron Pringle,7,3
2021102405,2293,47839,Mecole Hardman,7,0
2021102405,2391,44003,Marcus Johnson,7,3
2021102405,2391,44930,Josh Reynolds,7,3
2021102405,2391,53074,Nick Westbrook-Ikhine,7,3
2021102405,2507,44003,Marcus Johnson,7,3
2021102405,2507,44930,Josh Reynolds,7,2
2021102405,2507,47834,A.J. Brown,7,3
2021102405,2531,37079,Julio Jones,7,3
2021102405,2531,47834,A.J. Brown,7,3
2021102405,2580,37079,Julio Jones,7,3
2021102405,2580,44930,Josh Reynolds,7,3
2021102405,2580,47834,A.J. Brown,7,3
2021102405,2625,44003,Marcus Johnson,7,1
2021102405,2625,44930,Josh Reynolds,7,3
2021102405,2625,53074,Nick Westbrook-Ikhine,7,0
2021102405,2647,47834,A.J. Brown,7,3
2021102405,2697,43415,Demarcus Robinson,7,3
2021102405,2697,46522,Byron Pringle,7,3
2021102405,2697,47839,Mecole Hardman,7,3
2021102405,2732,43415,Demarcus Robinson,7,3
2021102405,2732,43454,Tyreek Hill,7,3
2021102405,2732,46522,Byron Pringle,7,3
2021102405,2754,43415,Demarcus Robinson,7,3
2021102405,2754,43454,Tyreek Hill,7,3
2021102405,2754,46522,Byron Pringle,7,3
2021102405,2778,43415,Demarcus Robinson,7,3
2021102405,2778,43454,Tyreek Hill,7,3
2021102405,2778,46522,Byron Pringle,7,3
2021102405,2881,43415,Demarcus Robinson,7,0
2021102405,2881,43454,Tyreek Hill,7,0
2021102405,2881,47839,Mecole Hardman,7,0
2021102405,3068,43415,Demarcus Robinson,7,3
2021102405,3068,43454,Tyreek Hill,7,3
2021102405,3068,46522,Byron Pringle,7,3
2021102405,3090,43415,Demarcus Robinson,7,3
2021102405,3090,43454,Tyreek Hill,7,3
2021102405,3090,46522,Byron Pringle,7,3
2021102405,3114,43415,Demarcus Robinson,7,3
2021102405,3114,43454,Tyreek Hill,7,3
2021102405,3114,47839,Mecole Hardman,7,3
2021102405,3138,43415,Demarcus Robinson,7,3
2021102405,3138,43454,Tyreek Hill,7,3
2021102405,3138,47839,Mecole Hardman,7,3
2021102405,3162,43415,Demarcus Robinson,7,3
2021102405,3162,43454,Tyreek Hill,7,3
2021102405,3162,47839,Mecole Hardman,7,3
2021102405,3186,43415,Demarcus Robinson,7,3
2021102405,3186,43454,Tyreek Hill,7,3
2021102405,3186,47839,Mecole Hardman,7,3
2021102405,3210,43415,Demarcus Robinson,7,3
2021102405,3210,46522,Byron Pringle,7,0
2021102405,3210,47839,Mecole Hardman,7,0
2021102405,3258,43415,Demarcus Robinson,7,3
2021102405,3258,43454,Tyreek Hill,7,3
2021102405,3258,46522,Byron Pringle,7,1
2021102405,3312,43415,Demarcus Robinson,7,0
2021102405,3312,43454,Tyreek Hill,7,0
2021102405,3312,47839,Mecole Hardman,7,0
2021102405,3334,43415,Demarcus Robinson,7,3
2021102405,3334,45369,Marcus Kemp,7,3
2021102405,3334,46522,Byron Pringle,7,3
2021102405,3358,43415,Demarcus Robinson,7,3
2021102405,3358,43454,Tyreek Hill,7,3
2021102405,3358,47839,Mecole Hardman,7,1
2021102405,3380,43415,Demarcus Robinson,7,3
2021102405,3380,45369,Marcus Kemp,7,1
2021102405,3380,46522,Byron Pringle,7,3
2021102405,3421,43415,Demarcus Robinson,7,3
2021102405,3421,43454,Tyreek Hill,7,1
2021102405,3421,47839,Mecole Hardman,7,3
2021102405,3462,43415,Demarcus Robinson,7,3
2021102405,3462,43454,Tyreek Hill,7,3
2021102405,3462,47839,Mecole Hardman,7,1
2021102405,3666,43415,Demarcus Robinson,7,3
2021102405,3666,43454,Tyreek Hill,7,3
2021102405,3666,47839,Mecole Hardman,7,3
2021102405,3690,43415,Demarcus Robinson,7,3
2021102405,3690,43454,Tyreek Hill,7,3
2021102405,3690,47839,Mecole Hardman,7,3
2021102405,3714,43415,Demarcus Robinson,7,3
2021102405,3714,43454,Tyreek Hill,7,3
2021102405,3714,47839,Mecole Hardman,7,3
2021102405,3736,43415,Demarcus Robinson,7,3
2021102405,3736,46522,Byron Pringle,7,3
2021102405,3736,47839,Mecole Hardman,7,3
2021102405,3760,43415,Demarcus Robinson,7,3
2021102405,3760,46522,Byron Pringle,7,3
2021102405,3760,47839,Mecole Hardman,7,3
2021102405,3782,43415,Demarcus Robinson,7,3
2021102405,3782,43454,Tyreek Hill,7,1
2021102405,3782,46522,Byron Pringle,7,1
2021102405,3806,43415,Demarcus Robinson,7,3
2021102405,3806,43454,Tyreek Hill,7,3
2021102405,3806,46522,Byron Pringle,7,3
2021102405,3845,43415,Demarcus Robinson,7,3
2021102405,3845,45369,Marcus Kemp,7,3
2021102405,3845,47839,Mecole Hardman,7,3
2021102405,3922,43415,Demarcus Robinson,7,3
2021102405,3922,43454,Tyreek Hill,7,3
2021102405,3922,47839,Mecole Hardman,7,3
2021102405,3996,43454,Tyreek Hill,7,3
2021102405,3996,46522,Byron Pringle,7,3
2021102405,3996,47839,Mecole Hardman,7,3
2021102405,4027,43415,Demarcus Robinson,7,3
2021102405,4027,46522,Byron Pringle,7,3
2021102405,4027,47839,Mecole Hardman,7,3
2021102405,4077,43415,Demarcus Robinson,7,3
2021102405,4077,43454,Tyreek Hill,7,3
2021102405,4077,47839,Mecole Hardman,7,3
2021102405,4123,45369,Marcus Kemp,7,0
2021102405,4123,46522,Byron Pringle,7,3
2021102405,4123,47839,Mecole Hardman,7,0
2021102405,4177,43415,Demarcus Robinson,7,3
2021102405,4177,46522,Byron Pringle,7,3
2021102405,4177,47839,Mecole Hardman,7,0
2021102405,4201,43415,Demarcus Robinson,7,3
2021102405,4201,46522,Byron Pringle,7,3
2021102405,4201,47839,Mecole Hardman,7,3
2021102406,96,43584,Kalif Raymond,7,3
2021102406,96,43746,Geronimo Allison,7,3
2021102406,96,53541,Amon-Ra St. Brown,7,3
2021102406,120,43584,Kalif Raymond,7,3
2021102406,120,43746,Geronimo Allison,7,3
2021102406,325,43584,Kalif Raymond,7,3
2021102406,325,48680,Tom Kennedy,7,3
2021102406,325,53541,Amon-Ra St. Brown,7,3
2021102406,460,43584,Kalif Raymond,7,3
2021102406,460,43746,Geronimo Allison,7,1
2021102406,460,53541,Amon-Ra St. Brown,7,3
2021102406,523,39989,Robert Woods,7,3
2021102406,523,44881,Cooper Kupp,7,3
2021102406,523,52465,Van Jefferson,7,3
2021102406,573,39989,Robert Woods,7,3
2021102406,573,44881,Cooper Kupp,7,0
2021102406,573,52465,Van Jefferson,7,3
2021102406,652,39989,Robert Woods,7,3
2021102406,652,44881,Cooper Kupp,7,3
2021102406,652,52465,Van Jefferson,7,3
2021102406,681,39989,Robert Woods,7,1
2021102406,681,44881,Cooper Kupp,7,3
2021102406,681,52465,Van Jefferson,7,0
2021102406,705,39989,Robert Woods,7,3
2021102406,705,44881,Cooper Kupp,7,3
2021102406,705,52465,Van Jefferson,7,3
2021102406,740,39989,Robert Woods,7,3
2021102406,740,44881,Cooper Kupp,7,3
2021102406,740,52465,Van Jefferson,7,3
2021102406,825,43584,Kalif Raymond,7,3
2021102406,825,46992,KhaDarel Hodge,7,3
2021102406,825,53541,Amon-Ra St. Brown,7,3
2021102406,990,43584,Kalif Raymond,7,3
2021102406,990,46992,KhaDarel Hodge,7,3
2021102406,990,53541,Amon-Ra St. Brown,7,3
2021102406,1094,33130,DeSean Jackson,7,3
2021102406,1094,44881,Cooper Kupp,7,3
2021102406,1094,52465,Van Jefferson,7,3
2021102406,1116,39989,Robert Woods,7,3
2021102406,1116,44881,Cooper Kupp,7,3
2021102406,1116,52465,Van Jefferson,7,3
2021102406,1140,39989,Robert Woods,7,3
2021102406,1140,44881,Cooper Kupp,7,3
2021102406,1140,52465,Van Jefferson,7,3
2021102406,1194,39989,Robert Woods,7,0
2021102406,1194,52465,Van Jefferson,7,0
2021102406,1239,39989,Robert Woods,7,3
2021102406,1239,44881,Cooper Kupp,7,3
2021102406,1239,52465,Van Jefferson,7,1
2021102406,1305,39989,Robert Woods,7,3
2021102406,1305,44881,Cooper Kupp,7,3
2021102406,1305,52465,Van Jefferson,7,3
2021102406,1355,39989,Robert Woods,7,3
2021102406,1355,44881,Cooper Kupp,7,3
2021102406,1355,52465,Van Jefferson,7,3
2021102406,1377,39989,Robert Woods,7,3
2021102406,1377,44881,Cooper Kupp,7,3
2021102406,1377,52465,Van Jefferson,7,3
2021102406,1433,43584,Kalif Raymond,7,3
2021102406,1433,46992,KhaDarel Hodge,7,3
2021102406,1587,39989,Robert Woods,7,1
2021102406,1587,44881,Cooper Kupp,7,2
2021102406,1587,52465,Van Jefferson,7,0
2021102406,1609,39989,Robert Woods,7,3
2021102406,1609,44881,Cooper Kupp,7,3
2021102406,1609,52465,Van Jefferson,7,3
2021102406,1693,39989,Robert Woods,7,1
2021102406,1693,44881,Cooper Kupp,7,3
2021102406,1693,52465,Van Jefferson,7,3
2021102406,1783,39989,Robert Woods,7,3
2021102406,1783,44881,Cooper Kupp,7,3
2021102406,1783,52465,Van Jefferson,7,3
2021102406,1848,39989,Robert Woods,7,3
2021102406,1848,44881,Cooper Kupp,7,1
2021102406,1848,52465,Van Jefferson,7,3
2021102406,1870,39989,Robert Woods,7,3
2021102406,1870,44881,Cooper Kupp,7,3
2021102406,1870,52465,Van Jefferson,7,3
2021102406,1973,43584,Kalif Raymond,7,3
2021102406,1973,43746,Geronimo Allison,7,3
2021102406,1997,43584,Kalif Raymond,7,3
2021102406,1997,43746,Geronimo Allison,7,3
2021102406,1997,53541,Amon-Ra St. Brown,7,3
2021102406,2021,43584,Kalif Raymond,7,3
2021102406,2021,43746,Geronimo Allison,7,3
2021102406,2021,53541,Amon-Ra St. Brown,7,3
2021102406,2062,43584,Kalif Raymond,7,3
2021102406,2062,43746,Geronimo Allison,7,3
2021102406,2062,53541,Amon-Ra St. Brown,7,1
2021102406,2143,43584,Kalif Raymond,7,3
2021102406,2143,43746,Geronimo Allison,7,3
2021102406,2143,53541,Amon-Ra St. Brown,7,3
2021102406,2165,43584,Kalif Raymond,7,3
2021102406,2165,43746,Geronimo Allison,7,3
2021102406,2165,53541,Amon-Ra St. Brown,7,3
2021102406,2304,39989,Robert Woods,7,0
2021102406,2304,44881,Cooper Kupp,7,1
2021102406,2304,52465,Van Jefferson,7,3
2021102406,2326,33130,DeSean Jackson,7,0
2021102406,2326,39989,Robert Woods,7,0
2021102406,2326,44881,Cooper Kupp,7,3
2021102406,2359,39989,Robert Woods,7,3
2021102406,2359,44881,Cooper Kupp,7,3
2021102406,2359,52465,Van Jefferson,7,3
2021102406,2383,33130,DeSean Jackson,7,0
2021102406,2383,39989,Robert Woods,7,0
2021102406,2383,44881,Cooper Kupp,7,0
2021102406,2412,33130,DeSean Jackson,7,0
2021102406,2412,39989,Robert Woods,7,0
2021102406,2412,44881,Cooper Kupp,7,3
2021102406,2494,39989,Robert Woods,7,3
2021102406,2494,44881,Cooper Kupp,7,3
2021102406,2494,52465,Van Jefferson,7,3
2021102406,2537,43584,Kalif Raymond,7,0
2021102406,2537,43746,Geronimo Allison,7,0
2021102406,2679,43584,Kalif Raymond,7,3
2021102406,2679,46992,KhaDarel Hodge,7,3
2021102406,2679,53541,Amon-Ra St. Brown,7,3
2021102406,2724,43584,Kalif Raymond,7,3
2021102406,2724,46992,KhaDarel Hodge,7,3
2021102406,2724,53541,Amon-Ra St. Brown,7,3
2021102406,2790,39989,Robert Woods,7,3
2021102406,2790,44881,Cooper Kupp,7,1
2021102406,2790,52465,Van Jefferson,7,3
2021102406,2814,39989,Robert Woods,7,3
2021102406,2814,44881,Cooper Kupp,7,3
2021102406,2814,52465,Van Jefferson,7,3
2021102406,2931,39989,Robert Woods,7,3
2021102406,2931,44881,Cooper Kupp,7,3
2021102406,2931,52465,Van Jefferson,7,3
2021102406,2981,39989,Robert Woods,7,3
2021102406,2981,44881,Cooper Kupp,7,3
2021102406,2981,52465,Van Jefferson,7,3
2021102406,3025,43584,Kalif Raymond,7,3
2021102406,3025,43746,Geronimo Allison,7,3
2021102406,3075,43746,Geronimo Allison,7,3
2021102406,3075,48680,Tom Kennedy,7,1
2021102406,3075,53541,Amon-Ra St. Brown,7,3
2021102406,3108,46992,KhaDarel Hodge,7,3
2021102406,3108,48680,Tom Kennedy,7,3
2021102406,3108,53541,Amon-Ra St. Brown,7,3
2021102406,3187,39989,Robert Woods,7,3
2021102406,3187,44881,Cooper Kupp,7,3
2021102406,3187,52465,Van Jefferson,7,3
2021102406,3246,39989,Robert Woods,7,3
2021102406,3246,44881,Cooper Kupp,7,3
2021102406,3246,52465,Van Jefferson,7,3
2021102406,3268,39989,Robert Woods,7,0
2021102406,3268,44881,Cooper Kupp,7,0
2021102406,3268,52465,Van Jefferson,7,0
2021102406,3316,39989,Robert Woods,7,3
2021102406,3316,44881,Cooper Kupp,7,3
2021102406,3316,52465,Van Jefferson,7,3
2021102406,3350,39989,Robert Woods,7,1
2021102406,3350,44881,Cooper Kupp,7,1
2021102406,3350,52465,Van Jefferson,7,1
2021102406,3383,39989,Robert Woods,7,1
2021102406,3383,44881,Cooper Kupp,7,3
2021102406,3383,52465,Van Jefferson,7,3
2021102406,3407,39989,Robert Woods,7,3
2021102406,3407,44881,Cooper Kupp,7,1
2021102406,3407,52465,Van Jefferson,7,3
2021102406,3462,43584,Kalif Raymond,7,0
2021102406,3462,46992,KhaDarel Hodge,7,3
2021102406,3507,43584,Kalif Raymond,7,3
2021102406,3507,46992,KhaDarel Hodge,7,3
2021102406,3507,53541,Amon-Ra St. Brown,7,3
2021102406,3553,43584,Kalif Raymond,7,3
2021102406,3553,46992,KhaDarel Hodge,7,3
2021102406,3577,43584,Kalif Raymond,7,3
2021102406,3577,46992,KhaDarel Hodge,7,3
2021102406,3577,53541,Amon-Ra St. Brown,7,3
2021102406,3659,43584,Kalif Raymond,7,3
2021102406,3659,46992,KhaDarel Hodge,7,3
2021102406,3659,53541,Amon-Ra St. Brown,7,3
2021102406,3688,43584,Kalif Raymond,7,2
2021102406,3688,46992,KhaDarel Hodge,7,3
2021102406,3688,53541,Amon-Ra St. Brown,7,3
2021102406,3792,43584,Kalif Raymond,7,3
2021102406,3792,46992,KhaDarel Hodge,7,3
2021102406,3792,53541,Amon-Ra St. Brown,7,3
2021102406,3858,43584,Kalif Raymond,7,3
2021102406,3939,39989,Robert Woods,7,3
2021102406,3939,44881,Cooper Kupp,7,3
2021102406,3939,52465,Van Jefferson,7,3
2021102406,4060,39989,Robert Woods,7,3
2021102406,4060,44881,Cooper Kupp,7,3
2021102406,4060,52465,Van Jefferson,7,3
2021102406,4180,43584,Kalif Raymond,7,3
2021102406,4180,46992,KhaDarel Hodge,7,3
2021102406,4180,53541,Amon-Ra St. Brown,7,3
2021102406,4226,46992,KhaDarel Hodge,7,3
2021102406,4226,48680,Tom Kennedy,7,3
2021102406,4226,53541,Amon-Ra St. Brown,7,3
2021102406,4255,46992,KhaDarel Hodge,7,3
2021102406,4255,48680,Tom Kennedy,7,3
2021102406,4255,53541,Amon-Ra St. Brown,7,3
2021102407,61,52429,Jalen Reagor,7,3
2021102407,61,52608,Quez Watkins,7,2
2021102407,61,53439,DeVonta Smith,7,3
2021102407,136,52608,Quez Watkins,7,3
2021102407,223,52608,Quez Watkins,7,3
2021102407,319,47932,Hunter Renfrow,7,3
2021102407,319,52420,Henry Ruggs,7,3
2021102407,319,52489,Bryan Edwards,7,3
2021102407,427,47932,Hunter Renfrow,7,3
2021102407,427,52420,Henry Ruggs,7,3
2021102407,427,52489,Bryan Edwards,7,3
2021102407,462,44849,Zay Jones,7,0
2021102407,462,47932,Hunter Renfrow,7,3
2021102407,462,52420,Henry Ruggs,7,0
2021102407,510,47932,Hunter Renfrow,7,3
2021102407,510,52420,Henry Ruggs,7,3
2021102407,510,52489,Bryan Edwards,7,3
2021102407,545,47932,Hunter Renfrow,7,3
2021102407,545,52420,Henry Ruggs,7,3
2021102407,545,52489,Bryan Edwards,7,3
2021102407,569,47932,Hunter Renfrow,7,3
2021102407,569,52420,Henry Ruggs,7,3
2021102407,569,52489,Bryan Edwards,7,3
2021102407,617,52429,Jalen Reagor,7,3
2021102407,617,52608,Quez Watkins,7,3
2021102407,617,53439,DeVonta Smith,7,3
2021102407,728,52429,Jalen Reagor,7,3
2021102407,728,52608,Quez Watkins,7,3
2021102407,728,53439,DeVonta Smith,7,3
2021102407,801,47932,Hunter Renfrow,7,3
2021102407,801,52420,Henry Ruggs,7,3
2021102407,801,52489,Bryan Edwards,7,3
2021102407,825,47932,Hunter Renfrow,7,1
2021102407,825,52420,Henry Ruggs,7,3
2021102407,825,52489,Bryan Edwards,7,3
2021102407,868,47932,Hunter Renfrow,7,1
2021102407,868,52420,Henry Ruggs,7,3
2021102407,868,52489,Bryan Edwards,7,3
2021102407,979,47932,Hunter Renfrow,7,3
2021102407,979,52420,Henry Ruggs,7,3
2021102407,979,52489,Bryan Edwards,7,3
2021102407,1003,47932,Hunter Renfrow,7,3
2021102407,1003,52420,Henry Ruggs,7,3
2021102407,1003,52489,Bryan Edwards,7,3
2021102407,1177,52608,Quez Watkins,7,0
2021102407,1177,53439,DeVonta Smith,7,1
2021102407,1304,52420,Henry Ruggs,7,3
2021102407,1304,52489,Bryan Edwards,7,3
2021102407,1349,47932,Hunter Renfrow,7,3
2021102407,1349,52420,Henry Ruggs,7,3
2021102407,1349,52489,Bryan Edwards,7,3
2021102407,1448,47932,Hunter Renfrow,7,3
2021102407,1448,52420,Henry Ruggs,7,3
2021102407,1448,52489,Bryan Edwards,7,3
2021102407,1489,52420,Henry Ruggs,7,3
2021102407,1489,52489,Bryan Edwards,7,2
2021102407,1644,47932,Hunter Renfrow,7,3
2021102407,1644,52420,Henry Ruggs,7,3
2021102407,1644,52489,Bryan Edwards,7,3
2021102407,1706,47932,Hunter Renfrow,7,3
2021102407,1706,52420,Henry Ruggs,7,3
2021102407,1706,52489,Bryan Edwards,7,3
2021102407,1730,47932,Hunter Renfrow,7,3
2021102407,1730,52420,Henry Ruggs,7,3
2021102407,1730,52489,Bryan Edwards,7,3
2021102407,1771,47932,Hunter Renfrow,7,3
2021102407,1771,52420,Henry Ruggs,7,3
2021102407,1771,52489,Bryan Edwards,7,3
2021102407,1795,47932,Hunter Renfrow,7,3
2021102407,1795,52489,Bryan Edwards,7,2
2021102407,1967,47932,Hunter Renfrow,7,3
2021102407,1967,52420,Henry Ruggs,7,1
2021102407,1967,52489,Bryan Edwards,7,3
2021102407,1991,47932,Hunter Renfrow,7,3
2021102407,1991,52420,Henry Ruggs,7,3
2021102407,1991,52489,Bryan Edwards,7,3
2021102407,2227,52429,Jalen Reagor,7,3
2021102407,2227,52608,Quez Watkins,7,0
2021102407,2227,53439,DeVonta Smith,7,0
2021102407,2288,47932,Hunter Renfrow,7,3
2021102407,2288,52420,Henry Ruggs,7,3
2021102407,2288,52489,Bryan Edwards,7,3
2021102407,2339,52420,Henry Ruggs,7,3
2021102407,2339,52489,Bryan Edwards,7,3
2021102407,2406,47932,Hunter Renfrow,7,3
2021102407,2406,52420,Henry Ruggs,7,3
2021102407,2406,52489,Bryan Edwards,7,3
2021102407,2482,52429,Jalen Reagor,7,1
2021102407,2482,52608,Quez Watkins,7,1
2021102407,2482,53439,DeVonta Smith,7,0
2021102407,2570,52429,Jalen Reagor,7,3
2021102407,2570,52608,Quez Watkins,7,3
2021102407,2570,53439,DeVonta Smith,7,3
2021102407,2592,45607,Greg Ward,7,1
2021102407,2592,52429,Jalen Reagor,7,0
2021102407,2592,53439,DeVonta Smith,7,1
2021102407,2614,52429,Jalen Reagor,7,1
2021102407,2614,52608,Quez Watkins,7,0
2021102407,2614,53439,DeVonta Smith,7,3
2021102407,2890,52429,Jalen Reagor,7,0
2021102407,2890,52608,Quez Watkins,7,1
2021102407,2890,53439,DeVonta Smith,7,3
2021102407,3074,52420,Henry Ruggs,7,0
2021102407,3074,52489,Bryan Edwards,7,1
2021102407,3161,41500,Willie Snead,7,3
2021102407,3161,44849,Zay Jones,7,3
2021102407,3161,52489,Bryan Edwards,7,3
2021102407,3279,52608,Quez Watkins,7,0
2021102407,3279,53439,DeVonta Smith,7,3
2021102407,3301,45607,Greg Ward,7,3
2021102407,3301,52429,Jalen Reagor,7,3
2021102407,3301,53439,DeVonta Smith,7,3
2021102407,3325,45607,Greg Ward,7,3
2021102407,3325,52429,Jalen Reagor,7,3
2021102407,3325,53439,DeVonta Smith,7,3
2021102407,3354,45607,Greg Ward,7,3
2021102407,3354,52429,Jalen Reagor,7,3
2021102407,3354,53439,DeVonta Smith,7,3
2021102407,3376,45607,Greg Ward,7,3
2021102407,3376,52429,Jalen Reagor,7,3
2021102407,3376,52608,Quez Watkins,7,3
2021102407,3421,52429,Jalen Reagor,7,0
2021102407,3421,52608,Quez Watkins,7,0
2021102407,3421,53439,DeVonta Smith,7,0
2021102407,3443,45607,Greg Ward,7,3
2021102407,3443,52608,Quez Watkins,7,3
2021102407,3443,53439,DeVonta Smith,7,3
2021102407,3467,45607,Greg Ward,7,3
2021102407,3467,52608,Quez Watkins,7,3
2021102407,3467,53439,DeVonta Smith,7,3
2021102407,3491,45607,Greg Ward,7,0
2021102407,3491,52429,Jalen Reagor,7,0
2021102407,3491,53439,DeVonta Smith,7,0
2021102407,3513,52429,Jalen Reagor,7,0
2021102407,3513,52608,Quez Watkins,7,0
2021102407,3513,53439,DeVonta Smith,7,0
2021102407,3535,52429,Jalen Reagor,7,1
2021102407,3535,52608,Quez Watkins,7,0
2021102407,3535,53439,DeVonta Smith,7,0
2021102407,3558,52429,Jalen Reagor,7,3
2021102407,3558,52608,Quez Watkins,7,3
2021102407,3558,53439,DeVonta Smith,7,3
2021102407,3719,52429,Jalen Reagor,7,3
2021102407,3719,52608,Quez Watkins,7,3
2021102407,3719,53439,DeVonta Smith,7,3
2021102407,3760,52429,Jalen Reagor,7,3
2021102407,3760,52608,Quez Watkins,7,3
2021102407,3760,53439,DeVonta Smith,7,3
2021102407,3784,52429,Jalen Reagor,7,0
2021102407,3784,52608,Quez Watkins,7,0
2021102407,3784,53439,DeVonta Smith,7,1
2021102407,3806,52429,Jalen Reagor,7,3
2021102407,3806,52608,Quez Watkins,7,3
2021102407,3806,53439,DeVonta Smith,7,3
2021102407,3830,52429,Jalen Reagor,7,0
2021102407,3830,52608,Quez Watkins,7,0
2021102407,3830,53439,DeVonta Smith,7,0
2021102407,3852,45607,Greg Ward,7,3
2021102407,3852,52429,Jalen Reagor,7,3
2021102407,3852,53439,DeVonta Smith,7,3
2021102407,3900,45607,Greg Ward,7,0
2021102407,3900,52608,Quez Watkins,7,0
2021102407,3900,53439,DeVonta Smith,7,0
2021102408,85,37077,A.J. Green,7,3
2021102408,85,39973,DeAndre Hopkins,7,3
2021102408,199,41246,Brandin Cooks,7,3
2021102408,199,42419,Chris Conley,7,1
2021102408,199,43396,Chris Moore,7,1
2021102408,223,33566,Danny Amendola,7,3
2021102408,223,41246,Brandin Cooks,7,3
2021102408,223,53518,Nico Collins,7,3
2021102408,439,41246,Brandin Cooks,7,3
2021102408,439,43396,Chris Moore,7,3
2021102408,484,33566,Danny Amendola,7,3
2021102408,484,41246,Brandin Cooks,7,3
2021102408,484,53518,Nico Collins,7,3
2021102408,679,41246,Brandin Cooks,7,3
2021102408,679,53518,Nico Collins,7,3
2021102408,761,33566,Danny Amendola,7,3
2021102408,761,41246,Brandin Cooks,7,3
2021102408,761,53518,Nico Collins,7,3
2021102408,785,41246,Brandin Cooks,7,3
2021102408,785,42419,Chris Conley,7,3
2021102408,785,43396,Chris Moore,7,3
2021102408,900,39973,DeAndre Hopkins,7,0
2021102408,900,46116,Christian Kirk,7,3
2021102408,900,53478,Rondale Moore,7,1
2021102408,922,37077,A.J. Green,7,3
2021102408,922,39973,DeAndre Hopkins,7,3
2021102408,922,53478,Rondale Moore,7,3
2021102408,967,37077,A.J. Green,7,3
2021102408,967,39973,DeAndre Hopkins,7,3
2021102408,967,46116,Christian Kirk,7,3
2021102408,1083,39973,DeAndre Hopkins,7,3
2021102408,1083,46116,Christian Kirk,7,3
2021102408,1083,53478,Rondale Moore,7,1
2021102408,1105,37077,A.J. Green,7,3
2021102408,1105,39973,DeAndre Hopkins,7,1
2021102408,1105,46116,Christian Kirk,7,0
2021102408,1105,53478,Rondale Moore,7,1
2021102408,1385,41246,Brandin Cooks,7,3
2021102408,1385,43396,Chris Moore,7,0
2021102408,1385,53518,Nico Collins,7,1
2021102408,1521,37077,A.J. Green,7,3
2021102408,1521,39973,DeAndre Hopkins,7,3
2021102408,1521,46116,Christian Kirk,7,3
2021102408,1566,37077,A.J. Green,7,1
2021102408,1566,39973,DeAndre Hopkins,7,0
2021102408,1566,46116,Christian Kirk,7,0
2021102408,1566,53478,Rondale Moore,7,3
2021102408,1616,39973,DeAndre Hopkins,7,3
2021102408,1616,46116,Christian Kirk,7,3
2021102408,1749,41246,Brandin Cooks,7,3
2021102408,1749,42419,Chris Conley,7,3
2021102408,1749,43396,Chris Moore,7,3
2021102408,1848,37077,A.J. Green,7,3
2021102408,1848,39973,DeAndre Hopkins,7,3
2021102408,1848,46116,Christian Kirk,7,3
2021102408,1848,53478,Rondale Moore,7,3
2021102408,2075,37077,A.J. Green,7,3
2021102408,2075,39973,DeAndre Hopkins,7,3
2021102408,2075,46116,Christian Kirk,7,3
2021102408,2075,48234,Antoine Wesley,7,3
2021102408,2172,41246,Brandin Cooks,7,3
2021102408,2172,53518,Nico Collins,7,1
2021102408,2215,33566,Danny Amendola,7,3
2021102408,2215,41246,Brandin Cooks,7,3
2021102408,2215,53518,Nico Collins,7,3
2021102408,2260,41246,Brandin Cooks,7,0
2021102408,2293,41246,Brandin Cooks,7,3
2021102408,2293,53518,Nico Collins,7,3
2021102408,2317,33566,Danny Amendola,7,3
2021102408,2317,41246,Brandin Cooks,7,3
2021102408,2317,53518,Nico Collins,7,3
2021102408,2406,39973,DeAndre Hopkins,7,0
2021102408,2406,46116,Christian Kirk,7,0
2021102408,2406,53478,Rondale Moore,7,2
2021102408,2451,37077,A.J. Green,7,3
2021102408,2451,39973,DeAndre Hopkins,7,3
2021102408,2451,46116,Christian Kirk,7,2
2021102408,2496,37077,A.J. Green,7,3
2021102408,2496,39973,DeAndre Hopkins,7,3
2021102408,2496,46116,Christian Kirk,7,3
2021102408,2520,46116,Christian Kirk,7,0
2021102408,2576,41246,Brandin Cooks,7,3
2021102408,2576,42419,Chris Conley,7,3
2021102408,2576,53518,Nico Collins,7,3
2021102408,2621,33566,Danny Amendola,7,2
2021102408,2621,41246,Brandin Cooks,7,0
2021102408,2621,53518,Nico Collins,7,3
2021102408,2683,37077,A.J. Green,7,1
2021102408,2683,39973,DeAndre Hopkins,7,0
2021102408,2683,46116,Christian Kirk,7,1
2021102408,2781,37077,A.J. Green,7,3
2021102408,2781,39973,DeAndre Hopkins,7,3
2021102408,2781,53478,Rondale Moore,7,3
2021102408,2831,41246,Brandin Cooks,7,3
2021102408,2831,42419,Chris Conley,7,3
2021102408,2831,43396,Chris Moore,7,3
2021102408,2855,33566,Danny Amendola,7,2
2021102408,2855,41246,Brandin Cooks,7,3
2021102408,2855,53518,Nico Collins,7,2
2021102408,2969,37077,A.J. Green,7,0
2021102408,2969,39973,DeAndre Hopkins,7,0
2021102408,2969,46116,Christian Kirk,7,1
2021102408,2969,53478,Rondale Moore,7,3
2021102408,3037,33566,Danny Amendola,7,3
2021102408,3037,41246,Brandin Cooks,7,3
2021102408,3037,42419,Chris Conley,7,3
2021102408,3101,41246,Brandin Cooks,7,3
2021102408,3101,42419,Chris Conley,7,3
2021102408,3101,53518,Nico Collins,7,3
2021102408,3313,41246,Brandin Cooks,7,3
2021102408,3313,42419,Chris Conley,7,3
2021102408,3313,53518,Nico Collins,7,3
2021102408,3358,33566,Danny Amendola,7,3
2021102408,3358,41246,Brandin Cooks,7,3
2021102408,3358,53518,Nico Collins,7,1
2021102408,3585,33566,Danny Amendola,7,3
2021102408,3585,41246,Brandin Cooks,7,3
2021102408,3585,53518,Nico Collins,7,3
2021102408,3614,33566,Danny Amendola,7,3
2021102408,3614,41246,Brandin Cooks,7,3
2021102408,3614,53518,Nico Collins,7,3
2021102408,3626,33566,Danny Amendola,7,3
2021102408,3626,41246,Brandin Cooks,7,3
2021102408,3626,53518,Nico Collins,7,1
2021102408,3698,41246,Brandin Cooks,7,0
2021102408,3698,42419,Chris Conley,7,0
2021102408,3720,41246,Brandin Cooks,7,3
2021102408,3720,53518,Nico Collins,7,3
2021102408,3744,33566,Danny Amendola,7,3
2021102408,3744,41246,Brandin Cooks,7,1
2021102408,3744,53518,Nico Collins,7,2
2021102408,3766,33566,Danny Amendola,7,3
2021102408,3766,41246,Brandin Cooks,7,3
2021102408,3766,42419,Chris Conley,7,3
2021102409,104,41290,Allen Robinson,7,0
2021102409,104,52581,Darnell Mooney,7,0
2021102409,158,41233,Mike Evans,7,3
2021102409,158,44896,Chris Godwin,7,3
2021102409,158,52569,Tyler Johnson,7,0
2021102409,330,41290,Allen Robinson,7,3
2021102409,330,42899,Damiere Byrd,7,3
2021102409,330,52581,Darnell Mooney,7,3
2021102409,403,41233,Mike Evans,7,3
2021102409,403,44896,Chris Godwin,7,3
2021102409,403,52569,Tyler Johnson,7,3
2021102409,474,41290,Allen Robinson,7,3
2021102409,498,40026,Marquise Goodwin,7,3
2021102409,498,41290,Allen Robinson,7,3
2021102409,498,52581,Darnell Mooney,7,3
2021102409,520,40026,Marquise Goodwin,7,1
2021102409,520,41290,Allen Robinson,7,1
2021102409,520,52581,Darnell Mooney,7,1
2021102409,551,41233,Mike Evans,7,3
2021102409,551,44896,Chris Godwin,7,3
2021102409,551,52569,Tyler Johnson,7,3
2021102409,604,41233,Mike Evans,7,3
2021102409,604,44767,Cyril Grayson,7,1
2021102409,604,44896,Chris Godwin,7,3
2021102409,628,41233,Mike Evans,7,3
2021102409,628,52569,Tyler Johnson,7,3
2021102409,671,41233,Mike Evans,7,3
2021102409,671,44896,Chris Godwin,7,1
2021102409,671,52569,Tyler Johnson,7,3
2021102409,769,40026,Marquise Goodwin,7,2
2021102409,769,41290,Allen Robinson,7,3
2021102409,769,52581,Darnell Mooney,7,3
2021102409,843,41233,Mike Evans,7,3
2021102409,843,44767,Cyril Grayson,7,3
2021102409,843,44896,Chris Godwin,7,3
2021102409,909,41233,Mike Evans,7,3
2021102409,909,44896,Chris Godwin,7,3
2021102409,909,52569,Tyler Johnson,7,3
2021102409,931,41233,Mike Evans,7,3
2021102409,931,44896,Chris Godwin,7,3
2021102409,931,52569,Tyler Johnson,7,3
2021102409,1035,40026,Marquise Goodwin,7,3
2021102409,1035,41290,Allen Robinson,7,3
2021102409,1035,52581,Darnell Mooney,7,3
2021102409,1064,41290,Allen Robinson,7,3
2021102409,1064,42899,Damiere Byrd,7,3
2021102409,1064,52581,Darnell Mooney,7,3
2021102409,1154,41233,Mike Evans,7,3
2021102409,1154,44896,Chris Godwin,7,3
2021102409,1154,52569,Tyler Johnson,7,3
2021102409,1176,41233,Mike Evans,7,3
2021102409,1176,44896,Chris Godwin,7,3
2021102409,1176,52569,Tyler Johnson,7,3
2021102409,1198,41233,Mike Evans,7,3
2021102409,1198,44767,Cyril Grayson,7,3
2021102409,1198,44896,Chris Godwin,7,3
2021102409,1266,41290,Allen Robinson,7,1
2021102409,1266,52581,Darnell Mooney,7,1
2021102409,1290,40026,Marquise Goodwin,7,3
2021102409,1290,41290,Allen Robinson,7,3
2021102409,1290,52581,Darnell Mooney,7,3
2021102409,1365,41233,Mike Evans,7,3
2021102409,1365,44896,Chris Godwin,7,3
2021102409,1365,52569,Tyler Johnson,7,3
2021102409,1387,44896,Chris Godwin,7,3
2021102409,1409,41233,Mike Evans,7,3
2021102409,1409,44896,Chris Godwin,7,3
2021102409,1409,52569,Tyler Johnson,7,3
2021102409,1451,41290,Allen Robinson,7,3
2021102409,1451,52581,Darnell Mooney,7,3
2021102409,1559,40026,Marquise Goodwin,7,3
2021102409,1559,41290,Allen Robinson,7,3
2021102409,1559,52581,Darnell Mooney,7,3
2021102409,1625,41290,Allen Robinson,7,1
2021102409,1625,42899,Damiere Byrd,7,1
2021102409,1625,52581,Darnell Mooney,7,0
2021102409,1659,41290,Allen Robinson,7,3
2021102409,1757,41233,Mike Evans,7,3
2021102409,1757,44896,Chris Godwin,7,0
2021102409,1781,41233,Mike Evans,7,3
2021102409,1781,44767,Cyril Grayson,7,3
2021102409,1781,52569,Tyler Johnson,7,3
2021102409,1882,40026,Marquise Goodwin,7,3
2021102409,1882,41290,Allen Robinson,7,3
2021102409,1882,52581,Darnell Mooney,7,3
2021102409,1932,40026,Marquise Goodwin,7,3
2021102409,1932,41290,Allen Robinson,7,3
2021102409,1932,52581,Darnell Mooney,7,3
2021102409,2016,41233,Mike Evans,7,0
2021102409,2016,44767,Cyril Grayson,7,0
2021102409,2016,44896,Chris Godwin,7,0
2021102409,2038,44896,Chris Godwin,7,0
2021102409,2038,52569,Tyler Johnson,7,3
2021102409,2038,53558,Jaelon Darden,7,3
2021102409,2199,41233,Mike Evans,7,1
2021102409,2199,44767,Cyril Grayson,7,0
2021102409,2199,44896,Chris Godwin,7,0
2021102409,2261,41233,Mike Evans,7,3
2021102409,2261,44896,Chris Godwin,7,3
2021102409,2261,52569,Tyler Johnson,7,3
2021102409,2283,41233,Mike Evans,7,3
2021102409,2283,44896,Chris Godwin,7,3
2021102409,2283,52569,Tyler Johnson,7,3
2021102409,2305,41233,Mike Evans,7,3
2021102409,2305,44896,Chris Godwin,7,3
2021102409,2305,52569,Tyler Johnson,7,3
2021102409,2423,41233,Mike Evans,7,3
2021102409,2423,44896,Chris Godwin,7,3
2021102409,2423,52569,Tyler Johnson,7,3
2021102409,2515,41233,Mike Evans,7,3
2021102409,2515,44896,Chris Godwin,7,3
2021102409,2515,52569,Tyler Johnson,7,3
2021102409,2627,41290,Allen Robinson,7,3
2021102409,2627,42899,Damiere Byrd,7,3
2021102409,2627,52581,Darnell Mooney,7,3
2021102409,2656,40026,Marquise Goodwin,7,1
2021102409,2656,52581,Darnell Mooney,7,0
2021102409,2741,41290,Allen Robinson,7,3
2021102409,2741,42899,Damiere Byrd,7,3
2021102409,2741,52581,Darnell Mooney,7,3
2021102409,2771,41290,Allen Robinson,7,1
2021102409,2771,42899,Damiere Byrd,7,1
2021102409,2771,52581,Darnell Mooney,7,0
2021102409,2804,40026,Marquise Goodwin,7,3
2021102409,2804,41290,Allen Robinson,7,3
2021102409,2804,52581,Darnell Mooney,7,3
2021102409,2851,41233,Mike Evans,7,3
2021102409,2851,44896,Chris Godwin,7,3
2021102409,2851,52569,Tyler Johnson,7,3
2021102409,3205,41290,Allen Robinson,7,3
2021102409,3205,52581,Darnell Mooney,7,3
2021102409,3269,41233,Mike Evans,7,3
2021102409,3269,44896,Chris Godwin,7,3
2021102409,3269,52569,Tyler Johnson,7,3
2021102409,3314,41233,Mike Evans,7,3
2021102409,3314,44896,Chris Godwin,7,3
2021102409,3336,41233,Mike Evans,7,3
2021102409,3336,44896,Chris Godwin,7,2
2021102409,3336,52569,Tyler Johnson,7,3
2021102409,3336,53558,Jaelon Darden,7,3
2021102409,3413,40026,Marquise Goodwin,7,3
2021102409,3413,41290,Allen Robinson,7,3
2021102409,3413,52581,Darnell Mooney,7,3
2021102409,3458,40026,Marquise Goodwin,7,3
2021102409,3458,41290,Allen Robinson,7,3
2021102409,3458,42899,Damiere Byrd,7,3
2021102409,3458,52581,Darnell Mooney,7,3
2021102409,3507,41290,Allen Robinson,7,3
2021102409,3507,52581,Darnell Mooney,7,3
2021102409,3701,52569,Tyler Johnson,7,0
2021102409,3701,53558,Jaelon Darden,7,0
2021102409,3725,44767,Cyril Grayson,7,3
2021102409,3725,52569,Tyler Johnson,7,3
2021102409,3725,53558,Jaelon Darden,7,3
2021102409,3908,40026,Marquise Goodwin,7,3
2021102409,3908,41290,Allen Robinson,7,3
2021102409,3908,52581,Darnell Mooney,7,3
2021102409,3956,40026,Marquise Goodwin,7,0
2021102409,3956,41290,Allen Robinson,7,3
2021102409,3956,52581,Darnell Mooney,7,3
2021102409,3997,40026,Marquise Goodwin,7,3
2021102409,3997,41290,Allen Robinson,7,3
2021102409,3997,42899,Damiere Byrd,7,3
2021102410,62,47819,Deebo Samuel,7,3
2021102410,62,52433,Brandon Aiyuk,7,3
2021102410,141,46671,Trent Sherfield,7,3
2021102410,141,47819,Deebo Samuel,7,3
2021102410,371,38613,Mohamed Sanu,7,1
2021102410,371,47819,Deebo Samuel,7,1
2021102410,371,52433,Brandon Aiyuk,7,0
2021102410,397,38613,Mohamed Sanu,7,2
2021102410,397,47819,Deebo Samuel,7,0
2021102410,397,52433,Brandon Aiyuk,7,0
2021102410,477,45102,Zach Pascal,7,3
2021102410,477,52442,Michael Pittman,7,3
2021102410,503,45102,Zach Pascal,7,0
2021102410,503,48118,Ashton Dulin,7,0
2021102410,503,52442,Michael Pittman,7,0
2021102410,679,46671,Trent Sherfield,7,0
2021102410,679,47819,Deebo Samuel,7,0
2021102410,754,38613,Mohamed Sanu,7,3
2021102410,754,47819,Deebo Samuel,7,3
2021102410,754,52433,Brandon Aiyuk,7,3
2021102410,810,45102,Zach Pascal,7,0
2021102410,810,52442,Michael Pittman,7,3
2021102410,854,45102,Zach Pascal,7,1
2021102410,854,46172,Keke Coutee,7,0
2021102410,854,48118,Ashton Dulin,7,0
2021102410,854,52442,Michael Pittman,7,1
2021102410,969,45102,Zach Pascal,7,1
2021102410,969,48118,Ashton Dulin,7,3
2021102410,969,52442,Michael Pittman,7,1
2021102410,995,46671,Trent Sherfield,7,1
2021102410,995,47819,Deebo Samuel,7,0
2021102410,1038,38613,Mohamed Sanu,7,1
2021102410,1038,47819,Deebo Samuel,7,3
2021102410,1038,52433,Brandon Aiyuk,7,3
2021102410,1127,45102,Zach Pascal,7,3
2021102410,1127,48118,Ashton Dulin,7,3
2021102410,1127,52442,Michael Pittman,7,3
2021102410,1177,45102,Zach Pascal,7,0
2021102410,1177,48118,Ashton Dulin,7,0
2021102410,1177,52442,Michael Pittman,7,0
2021102410,1345,45102,Zach Pascal,7,3
2021102410,1345,48118,Ashton Dulin,7,3
2021102410,1345,52442,Michael Pittman,7,3
2021102410,1437,38613,Mohamed Sanu,7,3
2021102410,1437,46671,Trent Sherfield,7,3
2021102410,1437,47819,Deebo Samuel,7,3
2021102410,1524,45102,Zach Pascal,7,3
2021102410,1524,48118,Ashton Dulin,7,3
2021102410,1524,52442,Michael Pittman,7,3
2021102410,1635,38613,Mohamed Sanu,7,3
2021102410,1635,46671,Trent Sherfield,7,3
2021102410,1635,47819,Deebo Samuel,7,3
2021102410,1752,45102,Zach Pascal,7,3
2021102410,1752,52442,Michael Pittman,7,3
2021102410,2126,45102,Zach Pascal,7,3
2021102410,2126,52442,Michael Pittman,7,3
2021102410,2150,45102,Zach Pascal,7,3
2021102410,2150,46172,Keke Coutee,7,3
2021102410,2150,48118,Ashton Dulin,7,3
2021102410,2150,52442,Michael Pittman,7,3
2021102410,2368,38613,Mohamed Sanu,7,1
2021102410,2368,47819,Deebo Samuel,7,3
2021102410,2368,52433,Brandon Aiyuk,7,3
2021102410,2461,38613,Mohamed Sanu,7,3
2021102410,2461,47819,Deebo Samuel,7,3
2021102410,2461,52433,Brandon Aiyuk,7,3
2021102410,2485,46671,Trent Sherfield,7,3
2021102410,2485,47819,Deebo Samuel,7,3
2021102410,2561,45102,Zach Pascal,7,1
2021102410,2561,48118,Ashton Dulin,7,0
2021102410,2561,52442,Michael Pittman,7,0
2021102410,2596,45102,Zach Pascal,7,3
2021102410,2596,48118,Ashton Dulin,7,1
2021102410,2596,52442,Michael Pittman,7,1
2021102410,2633,45102,Zach Pascal,7,2
2021102410,2633,48118,Ashton Dulin,7,0
2021102410,2633,52442,Michael Pittman,7,0
2021102410,2719,47819,Deebo Samuel,7,3
2021102410,2719,52433,Brandon Aiyuk,7,3
2021102410,2754,38613,Mohamed Sanu,7,3
2021102410,2754,47819,Deebo Samuel,7,1
2021102410,2754,52433,Brandon Aiyuk,7,0
2021102410,2811,38613,Mohamed Sanu,7,3
2021102410,2811,47819,Deebo Samuel,7,3
2021102410,2811,52433,Brandon Aiyuk,7,3
2021102410,3041,47819,Deebo Samuel,7,1
2021102410,3041,52433,Brandon Aiyuk,7,0
2021102410,3080,47819,Deebo Samuel,7,3
2021102410,3080,52433,Brandon Aiyuk,7,1
2021102410,3108,47819,Deebo Samuel,7,3
2021102410,3108,52433,Brandon Aiyuk,7,0
2021102410,3137,38613,Mohamed Sanu,7,3
2021102410,3137,47819,Deebo Samuel,7,2
2021102410,3137,52433,Brandon Aiyuk,7,3
2021102410,3226,45102,Zach Pascal,7,1
2021102410,3226,48118,Ashton Dulin,7,3
2021102410,3226,52442,Michael Pittman,7,1
2021102410,3287,45102,Zach Pascal,7,0
2021102410,3287,48118,Ashton Dulin,7,0
2021102410,3287,52442,Michael Pittman,7,0
2021102410,3374,48118,Ashton Dulin,7,3
2021102410,3374,52442,Michael Pittman,7,1
2021102410,3434,45102,Zach Pascal,7,3
2021102410,3434,48118,Ashton Dulin,7,3
2021102410,3434,52442,Michael Pittman,7,3
2021102410,3520,47819,Deebo Samuel,7,3
2021102410,3520,52433,Brandon Aiyuk,7,3
2021102410,3548,38613,Mohamed Sanu,7,3
2021102410,3548,47819,Deebo Samuel,7,3
2021102410,3548,52433,Brandon Aiyuk,7,3
2021102410,3621,45102,Zach Pascal,7,3
2021102410,3621,46172,Keke Coutee,7,3
2021102410,3621,52442,Michael Pittman,7,3
2021102410,3692,45102,Zach Pascal,7,0
2021102410,3692,52442,Michael Pittman,7,3
2021102410,3714,45102,Zach Pascal,7,3
2021102410,3714,48118,Ashton Dulin,7,3
2021102410,3714,52442,Michael Pittman,7,3
2021102410,3781,38613,Mohamed Sanu,7,3
2021102410,3781,47819,Deebo Samuel,7,1
2021102410,3781,52433,Brandon Aiyuk,7,3
2021102410,3805,38613,Mohamed Sanu,7,3
2021102410,3805,47819,Deebo Samuel,7,0
2021102410,3805,52433,Brandon Aiyuk,7,3
2021102410,3882,38613,Mohamed Sanu,7,3
2021102410,3882,46671,Trent Sherfield,7,3
2021102410,3882,52625,Jauan Jennings,7,3
2021102500,210,40092,Kenny Stills,7,3
2021102500,210,42437,Ty Montgomery,7,3
2021102500,210,46160,Tre'Quan Smith,7,3
2021102500,210,53098,Marquez Callaway,7,3
2021102500,253,40092,Kenny Stills,7,0
2021102500,253,46160,Tre'Quan Smith,7,3
2021102500,253,53098,Marquez Callaway,7,3
2021102500,326,42412,Tyler Lockett,7,3
2021102500,326,47847,DK Metcalf,7,3
2021102500,326,52622,Freddie Swain,7,3
2021102500,450,42437,Ty Montgomery,7,3
2021102500,450,53098,Marquez Callaway,7,3
2021102500,474,40092,Kenny Stills,7,0
2021102500,474,42437,Ty Montgomery,7,2
2021102500,474,46160,Tre'Quan Smith,7,3
2021102500,474,53098,Marquez Callaway,7,1
2021102500,598,42412,Tyler Lockett,7,3
2021102500,598,47847,DK Metcalf,7,3
2021102500,598,52622,Freddie Swain,7,3
2021102500,694,42412,Tyler Lockett,7,3
2021102500,694,47847,DK Metcalf,7,3
2021102500,694,52622,Freddie Swain,7,3
2021102500,894,48119,Penny Hart,7,1
2021102500,933,42412,Tyler Lockett,7,0
2021102500,933,47847,DK Metcalf,7,0
2021102500,933,52622,Freddie Swain,7,0
2021102500,1024,40092,Kenny Stills,7,3
2021102500,1024,53098,Marquez Callaway,7,3
2021102500,1069,40092,Kenny Stills,7,3
2021102500,1069,42437,Ty Montgomery,7,3
2021102500,1069,46160,Tre'Quan Smith,7,3
2021102500,1069,53098,Marquez Callaway,7,3
2021102500,1104,40092,Kenny Stills,7,3
2021102500,1240,40092,Kenny Stills,7,0
2021102500,1240,42437,Ty Montgomery,7,3
2021102500,1240,53098,Marquez Callaway,7,0
2021102500,1264,40092,Kenny Stills,7,3
2021102500,1264,53098,Marquez Callaway,7,3
2021102500,1347,40092,Kenny Stills,7,3
2021102500,1347,46160,Tre'Quan Smith,7,1
2021102500,1347,53098,Marquez Callaway,7,3
2021102500,1478,53098,Marquez Callaway,7,3
2021102500,1562,42412,Tyler Lockett,7,2
2021102500,1562,47847,DK Metcalf,7,3
2021102500,1562,52622,Freddie Swain,7,3
2021102500,1597,42412,Tyler Lockett,7,3
2021102500,1597,47847,DK Metcalf,7,3
2021102500,1597,52622,Freddie Swain,7,3
2021102500,1619,42412,Tyler Lockett,7,3
2021102500,1619,48119,Penny Hart,7,3
2021102500,1619,52622,Freddie Swain,7,3
2021102500,1701,42412,Tyler Lockett,7,3
2021102500,1701,47847,DK Metcalf,7,3
2021102500,1701,52622,Freddie Swain,7,3
2021102500,1751,42412,Tyler Lockett,7,3
2021102500,1751,47847,DK Metcalf,7,0
2021102500,1751,52622,Freddie Swain,7,0
2021102500,1792,40092,Kenny Stills,7,3
2021102500,1792,46160,Tre'Quan Smith,7,3
2021102500,1792,53098,Marquez Callaway,7,3
2021102500,1816,40092,Kenny Stills,7,3
2021102500,1816,46160,Tre'Quan Smith,7,3
2021102500,1816,53098,Marquez Callaway,7,1
2021102500,1855,42350,Kevin White,7,3
2021102500,1855,46160,Tre'Quan Smith,7,3
2021102500,1855,53098,Marquez Callaway,7,3
2021102500,1900,40092,Kenny Stills,7,3
2021102500,1900,46160,Tre'Quan Smith,7,3
2021102500,1900,53098,Marquez Callaway,7,3
2021102500,1924,40092,Kenny Stills,7,3
2021102500,1924,46160,Tre'Quan Smith,7,3
2021102500,1924,53098,Marquez Callaway,7,3
2021102500,1953,40092,Kenny Stills,7,3
2021102500,1953,46160,Tre'Quan Smith,7,3
2021102500,1953,53098,Marquez Callaway,7,3
2021102500,2047,42412,Tyler Lockett,7,0
2021102500,2047,47847,DK Metcalf,7,0
2021102500,2047,52622,Freddie Swain,7,0
2021102500,2214,40092,Kenny Stills,7,3
2021102500,2214,46160,Tre'Quan Smith,7,3
2021102500,2214,53098,Marquez Callaway,7,3
2021102500,2243,46160,Tre'Quan Smith,7,3
2021102500,2243,48541,Lil'Jordan Humphrey,7,3
2021102500,2243,53098,Marquez Callaway,7,3
2021102500,2293,42412,Tyler Lockett,7,1
2021102500,2293,47847,DK Metcalf,7,0
2021102500,2293,52622,Freddie Swain,7,1
2021102500,2348,42412,Tyler Lockett,7,2
2021102500,2348,47847,DK Metcalf,7,3
2021102500,2348,52622,Freddie Swain,7,3
2021102500,2553,53098,Marquez Callaway,7,3
2021102500,2603,42350,Kevin White,7,3
2021102500,2603,48541,Lil'Jordan Humphrey,7,3
2021102500,2603,53098,Marquez Callaway,7,3
2021102500,2625,40092,Kenny Stills,7,0
2021102500,2625,46160,Tre'Quan Smith,7,0
2021102500,2625,53098,Marquez Callaway,7,0
2021102500,2835,42350,Kevin White,7,1
2021102500,2835,48541,Lil'Jordan Humphrey,7,0
2021102500,2835,53098,Marquez Callaway,7,0
2021102500,2934,42412,Tyler Lockett,7,3
2021102500,2934,47847,DK Metcalf,7,3
2021102500,2934,52622,Freddie Swain,7,3
2021102500,3099,46160,Tre'Quan Smith,7,0
2021102500,3099,48541,Lil'Jordan Humphrey,7,0
2021102500,3099,53098,Marquez Callaway,7,0
2021102500,3165,42350,Kevin White,7,0
2021102500,3165,42437,Ty Montgomery,7,3
2021102500,3165,46160,Tre'Quan Smith,7,0
2021102500,3165,53098,Marquez Callaway,7,3
2021102500,3238,42412,Tyler Lockett,7,1
2021102500,3238,47847,DK Metcalf,7,1
2021102500,3238,52622,Freddie Swain,7,0
2021102500,3260,42412,Tyler Lockett,7,3
2021102500,3260,47847,DK Metcalf,7,3
2021102500,3260,52622,Freddie Swain,7,3
2021102500,3305,42412,Tyler Lockett,7,3
2021102500,3305,48119,Penny Hart,7,3
2021102500,3350,42412,Tyler Lockett,7,1
2021102500,3350,47847,DK Metcalf,7,3
2021102500,3350,52622,Freddie Swain,7,3
2021102500,3395,42412,Tyler Lockett,7,3
2021102500,3395,47847,DK Metcalf,7,3
2021102500,3395,52622,Freddie Swain,7,3
2021102500,3484,40092,Kenny Stills,7,1
2021102500,3484,42437,Ty Montgomery,7,1
2021102500,3484,53098,Marquez Callaway,7,0
2021102500,3536,42350,Kevin White,7,0
2021102500,3536,42437,Ty Montgomery,7,2
2021102500,3536,48541,Lil'Jordan Humphrey,7,0
2021102500,3536,53098,Marquez Callaway,7,0
2021102500,3624,40092,Kenny Stills,7,0
2021102500,3624,46160,Tre'Quan Smith,7,1
2021102500,3624,53098,Marquez Callaway,7,3
2021102500,3660,42350,Kevin White,7,3
2021102500,3660,46160,Tre'Quan Smith,7,3
2021102500,3660,53098,Marquez Callaway,7,3
2021102500,3684,46160,Tre'Quan Smith,7,1
2021102500,3684,48541,Lil'Jordan Humphrey,7,1
2021102500,3684,53098,Marquez Callaway,7,3
2021102500,3735,53098,Marquez Callaway,7,1
2021102500,3787,40092,Kenny Stills,7,1
2021102500,3787,46160,Tre'Quan Smith,7,0
2021102500,3787,53098,Marquez Callaway,7,1
2021102500,3904,42412,Tyler Lockett,7,3
2021102500,3904,47847,DK Metcalf,7,3
2021102500,3904,52622,Freddie Swain,7,3
2021102500,3998,42412,Tyler Lockett,7,0
2021102500,3998,47847,DK Metcalf,7,0
2021102500,3998,52622,Freddie Swain,7,0
2021102800,271,37077,A.J. Green,8,0
2021102800,271,39973,DeAndre Hopkins,8,0
2021102800,271,46116,Christian Kirk,8,2
2021102800,334,37139,Randall Cobb,8,3
2021102800,334,46276,Equanimeous St. Brown,8,3
2021102800,334,53514,Amari Rodgers,8,1
2021102800,368,37139,Randall Cobb,8,3
2021102800,368,46276,Equanimeous St. Brown,8,3
2021102800,368,53514,Amari Rodgers,8,2
2021102800,392,46276,Equanimeous St. Brown,8,3
2021102800,392,47970,Juwann Winfree,8,3
2021102800,471,37077,A.J. Green,8,0
2021102800,471,46116,Christian Kirk,8,0
2021102800,471,53478,Rondale Moore,8,1
2021102800,495,37077,A.J. Green,8,3
2021102800,495,39973,DeAndre Hopkins,8,3
2021102800,495,53478,Rondale Moore,8,3
2021102800,519,37077,A.J. Green,8,0
2021102800,519,39973,DeAndre Hopkins,8,0
2021102800,519,46116,Christian Kirk,8,1
2021102800,519,53478,Rondale Moore,8,3
2021102800,784,37139,Randall Cobb,8,3
2021102800,784,47970,Juwann Winfree,8,3
2021102800,850,46276,Equanimeous St. Brown,8,3
2021102800,850,47970,Juwann Winfree,8,3
2021102800,874,46276,Equanimeous St. Brown,8,3
2021102800,874,47970,Juwann Winfree,8,3
2021102800,917,37139,Randall Cobb,8,3
2021102800,917,46276,Equanimeous St. Brown,8,3
2021102800,917,47970,Juwann Winfree,8,3
2021102800,1133,37077,A.J. Green,8,3
2021102800,1133,48234,Antoine Wesley,8,3
2021102800,1133,53478,Rondale Moore,8,2
2021102800,1261,37139,Randall Cobb,8,3
2021102800,1261,46276,Equanimeous St. Brown,8,3
2021102800,1261,47970,Juwann Winfree,8,3
2021102800,1454,46276,Equanimeous St. Brown,8,3
2021102800,1454,47970,Juwann Winfree,8,3
2021102800,1489,46276,Equanimeous St. Brown,8,1
2021102800,1489,47970,Juwann Winfree,8,3
2021102800,1511,37139,Randall Cobb,8,3
2021102800,1511,46276,Equanimeous St. Brown,8,3
2021102800,1595,37077,A.J. Green,8,3
2021102800,1595,46116,Christian Kirk,8,3
2021102800,1595,48234,Antoine Wesley,8,3
2021102800,1651,37077,A.J. Green,8,0
2021102800,1651,46116,Christian Kirk,8,0
2021102800,1651,53478,Rondale Moore,8,2
2021102800,1673,37077,A.J. Green,8,3
2021102800,1673,46116,Christian Kirk,8,3
2021102800,1673,48234,Antoine Wesley,8,3
2021102800,1673,53478,Rondale Moore,8,3
2021102800,1735,37139,Randall Cobb,8,3
2021102800,1735,46276,Equanimeous St. Brown,8,3
2021102800,1735,53514,Amari Rodgers,8,3
2021102800,1860,37139,Randall Cobb,8,3
2021102800,1860,46276,Equanimeous St. Brown,8,3
2021102800,1860,47970,Juwann Winfree,8,3
2021102800,1903,37139,Randall Cobb,8,0
2021102800,1903,46276,Equanimeous St. Brown,8,0
2021102800,1903,47970,Juwann Winfree,8,1
2021102800,1942,37139,Randall Cobb,8,0
2021102800,1942,46276,Equanimeous St. Brown,8,0
2021102800,1942,48624,Malik Taylor,8,0
2021102800,2171,37139,Randall Cobb,8,3
2021102800,2171,46276,Equanimeous St. Brown,8,3
2021102800,2171,47970,Juwann Winfree,8,3
2021102800,2269,37077,A.J. Green,8,3
2021102800,2269,46116,Christian Kirk,8,3
2021102800,2269,48234,Antoine Wesley,8,3
2021102800,2269,53478,Rondale Moore,8,3
2021102800,2319,37077,A.J. Green,8,3
2021102800,2319,46116,Christian Kirk,8,3
2021102800,2319,48234,Antoine Wesley,8,3
2021102800,2319,53478,Rondale Moore,8,3
2021102800,2367,37077,A.J. Green,8,3
2021102800,2367,46116,Christian Kirk,8,3
2021102800,2367,48234,Antoine Wesley,8,3
2021102800,2367,53478,Rondale Moore,8,3
2021102800,2389,37077,A.J. Green,8,3
2021102800,2389,46116,Christian Kirk,8,3
2021102800,2389,48234,Antoine Wesley,8,3
2021102800,2389,53478,Rondale Moore,8,3
2021102800,2413,37077,A.J. Green,8,1
2021102800,2413,46116,Christian Kirk,8,1
2021102800,2413,48234,Antoine Wesley,8,0
2021102800,2413,53478,Rondale Moore,8,1
2021102800,2435,37077,A.J. Green,8,3
2021102800,2435,46116,Christian Kirk,8,3
2021102800,2435,48234,Antoine Wesley,8,3
2021102800,2506,39973,DeAndre Hopkins,8,3
2021102800,2641,46276,Equanimeous St. Brown,8,3
2021102800,2641,47970,Juwann Winfree,8,3
2021102800,2755,37139,Randall Cobb,8,3
2021102800,2755,46276,Equanimeous St. Brown,8,3
2021102800,2755,53514,Amari Rodgers,8,1
2021102800,2897,37139,Randall Cobb,8,3
2021102800,2897,46276,Equanimeous St. Brown,8,2
2021102800,2897,47970,Juwann Winfree,8,3
2021102800,2953,37077,A.J. Green,8,3
2021102800,2953,48234,Antoine Wesley,8,3
2021102800,2953,53478,Rondale Moore,8,1
2021102800,3052,37077,A.J. Green,8,0
2021102800,3052,46116,Christian Kirk,8,2
2021102800,3052,48234,Antoine Wesley,8,0
2021102800,3074,37077,A.J. Green,8,3
2021102800,3074,46116,Christian Kirk,8,3
2021102800,3074,48234,Antoine Wesley,8,3
2021102800,3074,53478,Rondale Moore,8,1
2021102800,3096,37077,A.J. Green,8,3
2021102800,3096,46116,Christian Kirk,8,3
2021102800,3096,48234,Antoine Wesley,8,3
2021102800,3096,53478,Rondale Moore,8,3
2021102800,3125,37077,A.J. Green,8,3
2021102800,3125,46116,Christian Kirk,8,3
2021102800,3125,53478,Rondale Moore,8,1
2021102800,3202,37077,A.J. Green,8,3
2021102800,3202,46116,Christian Kirk,8,3
2021102800,3202,48234,Antoine Wesley,8,3
2021102800,3298,46276,Equanimeous St. Brown,8,3
2021102800,3298,47970,Juwann Winfree,8,3
2021102800,3346,47970,Juwann Winfree,8,3
2021102800,3346,48624,Malik Taylor,8,3
2021102800,3708,37139,Randall Cobb,8,3
2021102800,3708,46276,Equanimeous St. Brown,8,3
2021102800,3708,47970,Juwann Winfree,8,3
2021102800,3751,37077,A.J. Green,8,3
2021102800,3751,46116,Christian Kirk,8,3
2021102800,3751,53478,Rondale Moore,8,3
2021102800,3773,37077,A.J. Green,8,0
2021102800,3773,39973,DeAndre Hopkins,8,0
2021102800,3773,46116,Christian Kirk,8,0
2021102800,3773,53478,Rondale Moore,8,1
2021102800,3797,37077,A.J. Green,8,0
2021102800,3797,46116,Christian Kirk,8,1
2021102800,3797,48234,Antoine Wesley,8,1
2021102800,3862,37077,A.J. Green,8,3
2021102800,3862,46116,Christian Kirk,8,3
2021102800,3862,53478,Rondale Moore,8,3
2021102800,3917,37077,A.J. Green,8,3
2021102800,3917,46116,Christian Kirk,8,0
2021102800,3917,53478,Rondale Moore,8,0
2021102800,4039,37077,A.J. Green,8,3
2021102800,4039,39973,DeAndre Hopkins,8,3
2021102800,4039,46116,Christian Kirk,8,3
2021103100,132,43429,Tajae Sharpe,8,3
2021103100,132,46263,Russell Gage,8,3
2021103100,230,43808,Robby Anderson,8,3
2021103100,230,46093,D.J. Moore,8,3
2021103100,230,53633,Shi Smith,8,3
2021103100,422,43808,Robby Anderson,8,3
2021103100,422,46093,D.J. Moore,8,3
2021103100,422,53633,Shi Smith,8,3
2021103100,467,43808,Robby Anderson,8,3
2021103100,467,46093,D.J. Moore,8,3
2021103100,467,46542,Keith Kirkwood,8,3
2021103100,587,43429,Tajae Sharpe,8,3
2021103100,587,46263,Russell Gage,8,3
2021103100,637,43429,Tajae Sharpe,8,3
2021103100,637,46263,Russell Gage,8,3
2021103100,722,43808,Robby Anderson,8,0
2021103100,722,46093,D.J. Moore,8,1
2021103100,722,46542,Keith Kirkwood,8,0
2021103100,744,43808,Robby Anderson,8,3
2021103100,744,46093,D.J. Moore,8,3
2021103100,744,53633,Shi Smith,8,3
2021103100,798,48374,Olamide Zaccheaus,8,3
2021103100,923,48374,Olamide Zaccheaus,8,3
2021103100,947,43429,Tajae Sharpe,8,3
2021103100,947,46263,Russell Gage,8,3
2021103100,947,48374,Olamide Zaccheaus,8,3
2021103100,1032,43429,Tajae Sharpe,8,3
2021103100,1032,46263,Russell Gage,8,3
2021103100,1151,46093,D.J. Moore,8,3
2021103100,1307,48374,Olamide Zaccheaus,8,3
2021103100,1352,48374,Olamide Zaccheaus,8,0
2021103100,1381,43429,Tajae Sharpe,8,3
2021103100,1381,46263,Russell Gage,8,3
2021103100,1456,43429,Tajae Sharpe,8,3
2021103100,1456,46263,Russell Gage,8,3
2021103100,1480,48374,Olamide Zaccheaus,8,3
2021103100,1602,43808,Robby Anderson,8,0
2021103100,1602,46093,D.J. Moore,8,0
2021103100,1700,43808,Robby Anderson,8,3
2021103100,1700,46093,D.J. Moore,8,3
2021103100,1700,53633,Shi Smith,8,3
2021103100,1722,43808,Robby Anderson,8,3
2021103100,1722,46093,D.J. Moore,8,3
2021103100,1879,43808,Robby Anderson,8,0
2021103100,1879,46093,D.J. Moore,8,3
2021103100,1879,46542,Keith Kirkwood,8,0
2021103100,1908,43808,Robby Anderson,8,0
2021103100,1908,46093,D.J. Moore,8,0
2021103100,1908,46542,Keith Kirkwood,8,0
2021103100,2051,48374,Olamide Zaccheaus,8,1
2021103100,2096,43429,Tajae Sharpe,8,3
2021103100,2096,46263,Russell Gage,8,3
2021103100,2263,43808,Robby Anderson,8,0
2021103100,2263,46093,D.J. Moore,8,1
2021103100,2374,46093,D.J. Moore,8,3
2021103100,2374,46542,Keith Kirkwood,8,3
2021103100,2374,53633,Shi Smith,8,3
2021103100,2472,43808,Robby Anderson,8,0
2021103100,2472,46093,D.J. Moore,8,1
2021103100,2496,43808,Robby Anderson,8,3
2021103100,2496,46093,D.J. Moore,8,3
2021103100,2496,53633,Shi Smith,8,3
2021103100,2573,48374,Olamide Zaccheaus,8,3
2021103100,2602,43429,Tajae Sharpe,8,3
2021103100,2602,46263,Russell Gage,8,2
2021103100,2685,43429,Tajae Sharpe,8,3
2021103100,2685,46263,Russell Gage,8,3
2021103100,2770,43429,Tajae Sharpe,8,3
2021103100,2770,46263,Russell Gage,8,3
2021103100,2959,43808,Robby Anderson,8,3
2021103100,2959,46093,D.J. Moore,8,3
2021103100,2959,46542,Keith Kirkwood,8,3
2021103100,3021,43808,Robby Anderson,8,3
2021103100,3021,46093,D.J. Moore,8,3
2021103100,3021,53633,Shi Smith,8,3
2021103100,3120,43808,Robby Anderson,8,2
2021103100,3120,46093,D.J. Moore,8,2
2021103100,3120,46542,Keith Kirkwood,8,1
2021103100,3218,43429,Tajae Sharpe,8,3
2021103100,3218,46263,Russell Gage,8,3
2021103100,3424,43429,Tajae Sharpe,8,3
2021103100,3424,46263,Russell Gage,8,3
2021103100,3448,43429,Tajae Sharpe,8,3
2021103100,3448,46263,Russell Gage,8,3
2021103100,3472,43429,Tajae Sharpe,8,3
2021103100,3472,46263,Russell Gage,8,3
2021103100,3517,43429,Tajae Sharpe,8,3
2021103100,3517,46263,Russell Gage,8,3
2021103100,3539,43429,Tajae Sharpe,8,3
2021103100,3539,46263,Russell Gage,8,3
2021103100,3580,43429,Tajae Sharpe,8,3
2021103100,3580,46263,Russell Gage,8,3
2021103100,3745,43429,Tajae Sharpe,8,3
2021103100,3745,46263,Russell Gage,8,3
2021103100,3745,48374,Olamide Zaccheaus,8,3
2021103100,3769,43429,Tajae Sharpe,8,1
2021103100,3769,46263,Russell Gage,8,0
2021103100,3769,48374,Olamide Zaccheaus,8,0
2021103101,62,35521,Emmanuel Sanders,8,3
2021103101,62,38947,Cole Beasley,8,3
2021103101,62,42489,Stefon Diggs,8,3
2021103101,112,35521,Emmanuel Sanders,8,0
2021103101,112,38947,Cole Beasley,8,0
2021103101,112,42489,Stefon Diggs,8,1
2021103101,184,42357,DeVante Parker,8,3
2021103101,184,53435,Jaylen Waddle,8,0
2021103101,210,42357,DeVante Parker,8,3
2021103101,210,44931,Mack Hollins,8,3
2021103101,210,53435,Jaylen Waddle,8,3
2021103101,255,42357,DeVante Parker,8,3
2021103101,255,53435,Jaylen Waddle,8,3
2021103101,277,42357,DeVante Parker,8,3
2021103101,277,53435,Jaylen Waddle,8,3
2021103101,338,41506,Albert Wilson,8,1
2021103101,338,42357,DeVante Parker,8,3
2021103101,383,42357,DeVante Parker,8,3
2021103101,383,53435,Jaylen Waddle,8,3
2021103101,405,42357,DeVante Parker,8,3
2021103101,405,53435,Jaylen Waddle,8,1
2021103101,535,35521,Emmanuel Sanders,8,0
2021103101,535,38947,Cole Beasley,8,1
2021103101,535,52536,Gabe Davis,8,1
2021103101,737,42357,DeVante Parker,8,3
2021103101,737,45050,Isaiah Ford,8,3
2021103101,737,53435,Jaylen Waddle,8,1
2021103101,759,42357,DeVante Parker,8,3
2021103101,759,44931,Mack Hollins,8,3
2021103101,759,45050,Isaiah Ford,8,3
2021103101,759,53435,Jaylen Waddle,8,3
2021103101,799,42357,DeVante Parker,8,3
2021103101,799,53435,Jaylen Waddle,8,3
2021103101,962,35521,Emmanuel Sanders,8,3
2021103101,962,38947,Cole Beasley,8,3
2021103101,962,42489,Stefon Diggs,8,3
2021103101,962,52536,Gabe Davis,8,3
2021103101,1126,42357,DeVante Parker,8,3
2021103101,1126,45050,Isaiah Ford,8,3
2021103101,1126,53435,Jaylen Waddle,8,3
2021103101,1251,35521,Emmanuel Sanders,8,3
2021103101,1251,38947,Cole Beasley,8,3
2021103101,1251,42489,Stefon Diggs,8,3
2021103101,1251,52536,Gabe Davis,8,3
2021103101,1299,35521,Emmanuel Sanders,8,3
2021103101,1299,38947,Cole Beasley,8,3
2021103101,1299,42489,Stefon Diggs,8,3
2021103101,1321,38947,Cole Beasley,8,3
2021103101,1321,42489,Stefon Diggs,8,3
2021103101,1321,52536,Gabe Davis,8,3
2021103101,1368,42357,DeVante Parker,8,3
2021103101,1368,53435,Jaylen Waddle,8,3
2021103101,1435,42357,DeVante Parker,8,3
2021103101,1435,53435,Jaylen Waddle,8,3
2021103101,1485,42357,DeVante Parker,8,3
2021103101,1485,45050,Isaiah Ford,8,2
2021103101,1530,42357,DeVante Parker,8,3
2021103101,1530,53435,Jaylen Waddle,8,3
2021103101,1582,42357,DeVante Parker,8,3
2021103101,1582,44931,Mack Hollins,8,3
2021103101,1582,53435,Jaylen Waddle,8,3
2021103101,1695,35521,Emmanuel Sanders,8,3
2021103101,1695,38947,Cole Beasley,8,3
2021103101,1695,42489,Stefon Diggs,8,3
2021103101,1724,35521,Emmanuel Sanders,8,3
2021103101,1724,38947,Cole Beasley,8,3
2021103101,1724,42489,Stefon Diggs,8,3
2021103101,1780,35521,Emmanuel Sanders,8,1
2021103101,1780,38947,Cole Beasley,8,0
2021103101,1780,42489,Stefon Diggs,8,0
2021103101,1804,35521,Emmanuel Sanders,8,3
2021103101,1804,38947,Cole Beasley,8,3
2021103101,1804,42489,Stefon Diggs,8,3
2021103101,1834,42357,DeVante Parker,8,3
2021103101,1834,53435,Jaylen Waddle,8,3
2021103101,1929,42357,DeVante Parker,8,3
2021103101,1929,53435,Jaylen Waddle,8,3
2021103101,1970,42357,DeVante Parker,8,3
2021103101,1970,53435,Jaylen Waddle,8,3
2021103101,2120,42357,DeVante Parker,8,3
2021103101,2120,53435,Jaylen Waddle,8,3
2021103101,2222,35521,Emmanuel Sanders,8,3
2021103101,2222,38947,Cole Beasley,8,3
2021103101,2222,42489,Stefon Diggs,8,3
2021103101,2248,35521,Emmanuel Sanders,8,3
2021103101,2248,38947,Cole Beasley,8,3
2021103101,2248,42489,Stefon Diggs,8,0
2021103101,2306,42357,DeVante Parker,8,3
2021103101,2306,53435,Jaylen Waddle,8,3
2021103101,2330,42357,DeVante Parker,8,1
2021103101,2330,53435,Jaylen Waddle,8,3
2021103101,2352,42357,DeVante Parker,8,3
2021103101,2352,53435,Jaylen Waddle,8,3
2021103101,2501,35521,Emmanuel Sanders,8,3
2021103101,2501,38947,Cole Beasley,8,3
2021103101,2501,42489,Stefon Diggs,8,3
2021103101,2527,35521,Emmanuel Sanders,8,1
2021103101,2527,38947,Cole Beasley,8,1
2021103101,2527,42489,Stefon Diggs,8,0
2021103101,2551,35521,Emmanuel Sanders,8,1
2021103101,2551,38947,Cole Beasley,8,0
2021103101,2551,42489,Stefon Diggs,8,0
2021103101,2616,35521,Emmanuel Sanders,8,3
2021103101,2616,38947,Cole Beasley,8,3
2021103101,2616,42489,Stefon Diggs,8,3
2021103101,2780,35521,Emmanuel Sanders,8,3
2021103101,2780,38947,Cole Beasley,8,3
2021103101,2780,42489,Stefon Diggs,8,3
2021103101,2813,35521,Emmanuel Sanders,8,0
2021103101,2813,44985,Isaiah McKenzie,8,2
2021103101,2813,52536,Gabe Davis,8,1
2021103101,2908,53435,Jaylen Waddle,8,0
2021103101,2937,42357,DeVante Parker,8,3
2021103101,2937,53435,Jaylen Waddle,8,3
2021103101,2979,35521,Emmanuel Sanders,8,3
2021103101,2979,38947,Cole Beasley,8,1
2021103101,2979,42489,Stefon Diggs,8,3
2021103101,3067,35521,Emmanuel Sanders,8,3
2021103101,3067,38947,Cole Beasley,8,3
2021103101,3067,42489,Stefon Diggs,8,3
2021103101,3234,35521,Emmanuel Sanders,8,3
2021103101,3234,38947,Cole Beasley,8,3
2021103101,3234,42489,Stefon Diggs,8,3
2021103101,3290,35521,Emmanuel Sanders,8,3
2021103101,3290,38947,Cole Beasley,8,3
2021103101,3290,42489,Stefon Diggs,8,3
2021103101,3350,42357,DeVante Parker,8,3
2021103101,3350,53435,Jaylen Waddle,8,3
2021103101,3372,42357,DeVante Parker,8,3
2021103101,3372,53435,Jaylen Waddle,8,3
2021103101,3401,42357,DeVante Parker,8,3
2021103101,3401,53435,Jaylen Waddle,8,3
2021103101,3496,42357,DeVante Parker,8,3
2021103101,3496,53435,Jaylen Waddle,8,3
2021103101,3520,42357,DeVante Parker,8,3
2021103101,3520,53435,Jaylen Waddle,8,3
2021103101,3544,42357,DeVante Parker,8,3
2021103101,3544,53435,Jaylen Waddle,8,3
2021103101,3566,42357,DeVante Parker,8,3
2021103101,3566,45050,Isaiah Ford,8,3
2021103101,3566,53435,Jaylen Waddle,8,3
2021103101,3588,42357,DeVante Parker,8,3
2021103101,3588,45050,Isaiah Ford,8,1
2021103101,3588,53435,Jaylen Waddle,8,1
2021103101,3700,35521,Emmanuel Sanders,8,3
2021103101,3700,38947,Cole Beasley,8,3
2021103101,3700,42489,Stefon Diggs,8,3
2021103101,3760,35521,Emmanuel Sanders,8,3
2021103101,3760,38947,Cole Beasley,8,3
2021103101,3760,42489,Stefon Diggs,8,1
2021103101,3808,35521,Emmanuel Sanders,8,1
2021103101,3808,38947,Cole Beasley,8,0
2021103101,3808,42489,Stefon Diggs,8,3
2021103101,3830,38947,Cole Beasley,8,3
2021103101,3830,42489,Stefon Diggs,8,3
2021103101,3830,52536,Gabe Davis,8,3
2021103101,3891,35521,Emmanuel Sanders,8,0
2021103101,3891,38947,Cole Beasley,8,3
2021103101,3891,42489,Stefon Diggs,8,1
2021103101,4284,42357,DeVante Parker,8,1
2021103101,4284,53435,Jaylen Waddle,8,0
2021103101,4313,42357,DeVante Parker,8,3
2021103101,4313,53435,Jaylen Waddle,8,3
2021103101,4335,42357,DeVante Parker,8,1
2021103101,4335,53435,Jaylen Waddle,8,3
2021103102,62,47819,Deebo Samuel,8,3
2021103102,62,52433,Brandon Aiyuk,8,3
2021103102,84,47819,Deebo Samuel,8,3
2021103102,84,52433,Brandon Aiyuk,8,3
2021103102,109,38613,Mohamed Sanu,8,3
2021103102,109,47819,Deebo Samuel,8,3
2021103102,109,52433,Brandon Aiyuk,8,3
2021103102,241,47819,Deebo Samuel,8,3
2021103102,241,52433,Brandon Aiyuk,8,3
2021103102,295,38613,Mohamed Sanu,8,0
2021103102,295,47819,Deebo Samuel,8,0
2021103102,295,52433,Brandon Aiyuk,8,0
2021103102,398,40026,Marquise Goodwin,8,3
2021103102,398,41290,Allen Robinson,8,3
2021103102,398,52581,Darnell Mooney,8,3
2021103102,475,40026,Marquise Goodwin,8,3
2021103102,475,41290,Allen Robinson,8,3
2021103102,475,52581,Darnell Mooney,8,3
2021103102,555,41290,Allen Robinson,8,3
2021103102,555,52581,Darnell Mooney,8,3
2021103102,657,47819,Deebo Samuel,8,3
2021103102,657,52433,Brandon Aiyuk,8,3
2021103102,702,52433,Brandon Aiyuk,8,1
2021103102,702,52625,Jauan Jennings,8,3
2021103102,724,38613,Mohamed Sanu,8,3
2021103102,724,47819,Deebo Samuel,8,3
2021103102,724,52433,Brandon Aiyuk,8,3
2021103102,804,41290,Allen Robinson,8,0
2021103102,804,52581,Darnell Mooney,8,0
2021103102,870,41290,Allen Robinson,8,3
2021103102,870,42899,Damiere Byrd,8,3
2021103102,870,52581,Darnell Mooney,8,3
2021103102,894,40026,Marquise Goodwin,8,0
2021103102,894,52581,Darnell Mooney,8,3
2021103102,1038,41290,Allen Robinson,8,3
2021103102,1038,42899,Damiere Byrd,8,3
2021103102,1083,41290,Allen Robinson,8,3
2021103102,1176,38613,Mohamed Sanu,8,1
2021103102,1176,47819,Deebo Samuel,8,0
2021103102,1176,52433,Brandon Aiyuk,8,0
2021103102,1200,38613,Mohamed Sanu,8,2
2021103102,1200,47819,Deebo Samuel,8,0
2021103102,1200,52433,Brandon Aiyuk,8,0
2021103102,1245,38613,Mohamed Sanu,8,3
2021103102,1245,46671,Trent Sherfield,8,3
2021103102,1245,52625,Jauan Jennings,8,3
2021103102,1284,38613,Mohamed Sanu,8,3
2021103102,1284,47819,Deebo Samuel,8,3
2021103102,1284,52433,Brandon Aiyuk,8,3
2021103102,1383,52581,Darnell Mooney,8,0
2021103102,1405,40026,Marquise Goodwin,8,1
2021103102,1405,41290,Allen Robinson,8,3
2021103102,1405,52581,Darnell Mooney,8,3
2021103102,1471,41290,Allen Robinson,8,3
2021103102,1471,42899,Damiere Byrd,8,3
2021103102,1471,52581,Darnell Mooney,8,3
2021103102,1716,40026,Marquise Goodwin,8,3
2021103102,1716,41290,Allen Robinson,8,1
2021103102,1716,52581,Darnell Mooney,8,3
2021103102,1830,38613,Mohamed Sanu,8,3
2021103102,1830,47819,Deebo Samuel,8,0
2021103102,1830,52433,Brandon Aiyuk,8,3
2021103102,1852,38613,Mohamed Sanu,8,3
2021103102,1852,47819,Deebo Samuel,8,3
2021103102,1852,52433,Brandon Aiyuk,8,3
2021103102,1876,38613,Mohamed Sanu,8,3
2021103102,1876,47819,Deebo Samuel,8,3
2021103102,1876,52433,Brandon Aiyuk,8,3
2021103102,1934,38613,Mohamed Sanu,8,3
2021103102,1934,47819,Deebo Samuel,8,0
2021103102,1934,52433,Brandon Aiyuk,8,3
2021103102,1997,38613,Mohamed Sanu,8,3
2021103102,1997,47819,Deebo Samuel,8,1
2021103102,1997,52433,Brandon Aiyuk,8,3
2021103102,2077,40026,Marquise Goodwin,8,0
2021103102,2077,42899,Damiere Byrd,8,3
2021103102,2143,40026,Marquise Goodwin,8,3
2021103102,2143,41290,Allen Robinson,8,3
2021103102,2143,52581,Darnell Mooney,8,3
2021103102,2186,40026,Marquise Goodwin,8,3
2021103102,2186,41290,Allen Robinson,8,3
2021103102,2186,52581,Darnell Mooney,8,3
2021103102,2231,41290,Allen Robinson,8,3
2021103102,2312,41290,Allen Robinson,8,3
2021103102,2312,42899,Damiere Byrd,8,3
2021103102,2312,52581,Darnell Mooney,8,3
2021103102,2343,41290,Allen Robinson,8,3
2021103102,2343,52581,Darnell Mooney,8,3
2021103102,2470,38613,Mohamed Sanu,8,3
2021103102,2470,47819,Deebo Samuel,8,3
2021103102,2470,52433,Brandon Aiyuk,8,3
2021103102,2757,41290,Allen Robinson,8,3
2021103102,2757,52581,Darnell Mooney,8,3
2021103102,2890,40026,Marquise Goodwin,8,3
2021103102,2890,41290,Allen Robinson,8,3
2021103102,2890,52581,Darnell Mooney,8,3
2021103102,2954,47819,Deebo Samuel,8,0
2021103102,2954,52433,Brandon Aiyuk,8,0
2021103102,3005,52433,Brandon Aiyuk,8,3
2021103102,3005,52625,Jauan Jennings,8,3
2021103102,3029,52433,Brandon Aiyuk,8,3
2021103102,3029,52625,Jauan Jennings,8,3
2021103102,3110,38613,Mohamed Sanu,8,3
2021103102,3110,47819,Deebo Samuel,8,3
2021103102,3110,52433,Brandon Aiyuk,8,3
2021103102,3172,40026,Marquise Goodwin,8,3
2021103102,3256,41290,Allen Robinson,8,3
2021103102,3256,52581,Darnell Mooney,8,3
2021103102,3280,40026,Marquise Goodwin,8,3
2021103102,3280,42899,Damiere Byrd,8,3
2021103102,3323,40026,Marquise Goodwin,8,3
2021103102,3323,41290,Allen Robinson,8,3
2021103102,3323,42899,Damiere Byrd,8,3
2021103102,3323,52581,Darnell Mooney,8,3
2021103102,3414,38613,Mohamed Sanu,8,3
2021103102,3414,47819,Deebo Samuel,8,2
2021103102,3414,52433,Brandon Aiyuk,8,3
2021103102,3480,47819,Deebo Samuel,8,3
2021103102,3480,52433,Brandon Aiyuk,8,3
2021103102,3597,40026,Marquise Goodwin,8,3
2021103102,3597,41290,Allen Robinson,8,3
2021103102,3597,52581,Darnell Mooney,8,3
2021103102,3651,41290,Allen Robinson,8,0
2021103102,3651,52581,Darnell Mooney,8,0
2021103102,3962,41290,Allen Robinson,8,0
2021103102,3962,42899,Damiere Byrd,8,0
2021103102,3962,52581,Darnell Mooney,8,0
2021103103,55,41238,Odell Beckham,8,3
2021103103,55,41292,Jarvis Landry,8,1
2021103103,55,43461,Rashard Higgins,8,3
2021103103,105,41238,Odell Beckham,8,3
2021103103,105,41292,Jarvis Landry,8,3
2021103103,105,43461,Rashard Higgins,8,3
2021103103,148,41238,Odell Beckham,8,0
2021103103,148,41292,Jarvis Landry,8,1
2021103103,148,43461,Rashard Higgins,8,0
2021103103,193,41292,Jarvis Landry,8,3
2021103103,217,41238,Odell Beckham,8,3
2021103103,217,41292,Jarvis Landry,8,3
2021103103,262,41238,Odell Beckham,8,3
2021103103,394,46129,James Washington,8,3
2021103103,394,47849,Diontae Johnson,8,3
2021103103,394,52457,Chase Claypool,8,3
2021103103,460,46129,James Washington,8,3
2021103103,460,47849,Diontae Johnson,8,3
2021103103,460,52457,Chase Claypool,8,3
2021103103,503,47849,Diontae Johnson,8,3
2021103103,503,52457,Chase Claypool,8,3
2021103103,538,46129,James Washington,8,3
2021103103,538,47849,Diontae Johnson,8,3
2021103103,538,52457,Chase Claypool,8,3
2021103103,712,41238,Odell Beckham,8,3
2021103103,712,41292,Jarvis Landry,8,3
2021103103,712,53520,Anthony Schwartz,8,3
2021103103,736,41238,Odell Beckham,8,3
2021103103,736,43461,Rashard Higgins,8,3
2021103103,736,53520,Anthony Schwartz,8,3
2021103103,899,46129,James Washington,8,3
2021103103,899,47849,Diontae Johnson,8,3
2021103103,899,52457,Chase Claypool,8,3
2021103103,944,46129,James Washington,8,1
2021103103,944,47849,Diontae Johnson,8,1
2021103103,1010,47849,Diontae Johnson,8,3
2021103103,1010,52457,Chase Claypool,8,3
2021103103,1119,46256,Ray-Ray McCloud,8,3
2021103103,1119,47849,Diontae Johnson,8,3
2021103103,1119,52457,Chase Claypool,8,3
2021103103,1233,41238,Odell Beckham,8,3
2021103103,1233,41292,Jarvis Landry,8,3
2021103103,1233,43461,Rashard Higgins,8,3
2021103103,1255,41238,Odell Beckham,8,3
2021103103,1255,41292,Jarvis Landry,8,2
2021103103,1255,43461,Rashard Higgins,8,3
2021103103,1313,47849,Diontae Johnson,8,3
2021103103,1313,52457,Chase Claypool,8,3
2021103103,1437,41292,Jarvis Landry,8,3
2021103103,1456,41292,Jarvis Landry,8,0
2021103103,1641,46129,James Washington,8,3
2021103103,1641,47849,Diontae Johnson,8,3
2021103103,1641,52457,Chase Claypool,8,3
2021103103,1665,46129,James Washington,8,3
2021103103,1665,47849,Diontae Johnson,8,3
2021103103,1665,52457,Chase Claypool,8,3
2021103103,1774,46256,Ray-Ray McCloud,8,1
2021103103,1774,47849,Diontae Johnson,8,3
2021103103,1774,52457,Chase Claypool,8,0
2021103103,1955,41238,Odell Beckham,8,3
2021103103,1955,41292,Jarvis Landry,8,3
2021103103,1955,43461,Rashard Higgins,8,3
2021103103,2179,47849,Diontae Johnson,8,3
2021103103,2179,52457,Chase Claypool,8,3
2021103103,2201,47849,Diontae Johnson,8,3
2021103103,2201,52457,Chase Claypool,8,3
2021103103,2329,41238,Odell Beckham,8,3
2021103103,2329,41292,Jarvis Landry,8,3
2021103103,2353,53520,Anthony Schwartz,8,0
2021103103,2403,41238,Odell Beckham,8,3
2021103103,2403,41292,Jarvis Landry,8,3
2021103103,2403,43461,Rashard Higgins,8,3
2021103103,2580,46129,James Washington,8,3
2021103103,2580,47849,Diontae Johnson,8,3
2021103103,2580,52457,Chase Claypool,8,3
2021103103,2630,46129,James Washington,8,1
2021103103,2630,47849,Diontae Johnson,8,3
2021103103,2630,52457,Chase Claypool,8,3
2021103103,2652,46129,James Washington,8,3
2021103103,2652,47849,Diontae Johnson,8,1
2021103103,2652,52457,Chase Claypool,8,3
2021103103,2742,46129,James Washington,8,3
2021103103,2742,47849,Diontae Johnson,8,3
2021103103,2742,52457,Chase Claypool,8,3
2021103103,2868,46129,James Washington,8,3
2021103103,2868,47849,Diontae Johnson,8,3
2021103103,2868,52457,Chase Claypool,8,3
2021103103,2921,41238,Odell Beckham,8,3
2021103103,2921,41292,Jarvis Landry,8,3
2021103103,2921,43461,Rashard Higgins,8,3
2021103103,2955,41238,Odell Beckham,8,3
2021103103,2955,41292,Jarvis Landry,8,3
2021103103,2955,43461,Rashard Higgins,8,3
2021103103,3050,47849,Diontae Johnson,8,3
2021103103,3050,52457,Chase Claypool,8,3
2021103103,3100,46129,James Washington,8,1
2021103103,3100,47849,Diontae Johnson,8,3
2021103103,3100,52457,Chase Claypool,8,3
2021103103,3270,46129,James Washington,8,3
2021103103,3270,47849,Diontae Johnson,8,3
2021103103,3270,52457,Chase Claypool,8,1
2021103103,3339,52457,Chase Claypool,8,3
2021103103,3361,47849,Diontae Johnson,8,1
2021103103,3361,52457,Chase Claypool,8,3
2021103103,3400,47849,Diontae Johnson,8,3
2021103103,3400,52457,Chase Claypool,8,3
2021103103,3476,41238,Odell Beckham,8,0
2021103103,3566,41238,Odell Beckham,8,3
2021103103,3566,41292,Jarvis Landry,8,3
2021103103,3566,43461,Rashard Higgins,8,3
2021103103,3636,41292,Jarvis Landry,8,3
2021103103,3719,46129,James Washington,8,3
2021103103,3719,47849,Diontae Johnson,8,3
2021103103,3719,52457,Chase Claypool,8,3
2021103103,3847,41238,Odell Beckham,8,3
2021103103,3847,41292,Jarvis Landry,8,3
2021103103,3847,43461,Rashard Higgins,8,3
2021103103,3876,41238,Odell Beckham,8,0
2021103103,3876,41292,Jarvis Landry,8,3
2021103103,3915,41238,Odell Beckham,8,0
2021103103,3915,41292,Jarvis Landry,8,3
2021103103,3948,43461,Rashard Higgins,8,0
2021103103,4014,41238,Odell Beckham,8,0
2021103103,4014,41292,Jarvis Landry,8,0
2021103103,4014,43461,Rashard Higgins,8,3
2021103103,4055,41238,Odell Beckham,8,1
2021103103,4055,41292,Jarvis Landry,8,0
2021103103,4055,43461,Rashard Higgins,8,0
2021103103,4249,47849,Diontae Johnson,8,3
2021103103,4249,52457,Chase Claypool,8,0
2021103104,62,43584,Kalif Raymond,8,3
2021103104,62,48053,Trinity Benson,8,3
2021103104,128,43584,Kalif Raymond,8,3
2021103104,128,48680,Tom Kennedy,8,3
2021103104,128,53541,Amon-Ra St. Brown,8,3
2021103104,169,52429,Jalen Reagor,8,3
2021103104,169,52608,Quez Watkins,8,3
2021103104,169,53439,DeVonta Smith,8,3
2021103104,212,52429,Jalen Reagor,8,1
2021103104,212,52608,Quez Watkins,8,0
2021103104,212,53439,DeVonta Smith,8,3
2021103104,268,43584,Kalif Raymond,8,3
2021103104,268,48053,Trinity Benson,8,3
2021103104,268,53541,Amon-Ra St. Brown,8,3
2021103104,292,43584,Kalif Raymond,8,3
2021103104,292,48053,Trinity Benson,8,1
2021103104,548,52429,Jalen Reagor,8,3
2021103104,548,52608,Quez Watkins,8,1
2021103104,548,53439,DeVonta Smith,8,0
2021103104,972,45607,Greg Ward,8,1
2021103104,972,52608,Quez Watkins,8,1
2021103104,972,53439,DeVonta Smith,8,0
2021103104,1049,43584,Kalif Raymond,8,3
2021103104,1049,46992,KhaDarel Hodge,8,3
2021103104,1049,53541,Amon-Ra St. Brown,8,3
2021103104,1073,43584,Kalif Raymond,8,3
2021103104,1073,48680,Tom Kennedy,8,3
2021103104,1073,53541,Amon-Ra St. Brown,8,3
2021103104,1167,43584,Kalif Raymond,8,3
2021103104,1167,46992,KhaDarel Hodge,8,3
2021103104,1212,43584,Kalif Raymond,8,0
2021103104,1212,48053,Trinity Benson,8,3
2021103104,1212,53541,Amon-Ra St. Brown,8,3
2021103104,1372,52608,Quez Watkins,8,3
2021103104,1491,43584,Kalif Raymond,8,2
2021103104,1491,48053,Trinity Benson,8,0
2021103104,1558,43584,Kalif Raymond,8,3
2021103104,1558,48053,Trinity Benson,8,3
2021103104,1558,53541,Amon-Ra St. Brown,8,3
2021103104,1620,43584,Kalif Raymond,8,3
2021103104,1620,48053,Trinity Benson,8,3
2021103104,1620,53541,Amon-Ra St. Brown,8,3
2021103104,1661,43584,Kalif Raymond,8,3
2021103104,1661,48680,Tom Kennedy,8,3
2021103104,1661,53541,Amon-Ra St. Brown,8,3
2021103104,1690,48053,Trinity Benson,8,3
2021103104,1690,48680,Tom Kennedy,8,3
2021103104,1690,53541,Amon-Ra St. Brown,8,3
2021103104,1725,43584,Kalif Raymond,8,3
2021103104,1725,48053,Trinity Benson,8,3
2021103104,1725,53541,Amon-Ra St. Brown,8,3
2021103104,1765,43584,Kalif Raymond,8,0
2021103104,1765,46992,KhaDarel Hodge,8,1
2021103104,1765,53541,Amon-Ra St. Brown,8,1
2021103104,1791,46992,KhaDarel Hodge,8,3
2021103104,1791,48680,Tom Kennedy,8,3
2021103104,1791,53541,Amon-Ra St. Brown,8,3
2021103104,1858,43584,Kalif Raymond,8,3
2021103104,1858,48053,Trinity Benson,8,3
2021103104,1858,53541,Amon-Ra St. Brown,8,3
2021103104,2033,52608,Quez Watkins,8,0
2021103104,2033,53439,DeVonta Smith,8,0
2021103104,2108,52608,Quez Watkins,8,0
2021103104,2174,52608,Quez Watkins,8,1
2021103104,2174,53439,DeVonta Smith,8,0
2021103104,2325,43584,Kalif Raymond,8,3
2021103104,2325,48053,Trinity Benson,8,3
2021103104,2325,53541,Amon-Ra St. Brown,8,3
2021103104,2399,43584,Kalif Raymond,8,0
2021103104,2399,48680,Tom Kennedy,8,1
2021103104,2399,53541,Amon-Ra St. Brown,8,0
2021103104,2455,43584,Kalif Raymond,8,0
2021103104,2455,48053,Trinity Benson,8,0
2021103104,2455,53541,Amon-Ra St. Brown,8,0
2021103104,2509,45607,Greg Ward,8,0
2021103104,2509,52608,Quez Watkins,8,0
2021103104,2509,53439,DeVonta Smith,8,0
2021103104,2531,45607,Greg Ward,8,0
2021103104,2531,52608,Quez Watkins,8,3
2021103104,2531,53439,DeVonta Smith,8,1
2021103104,2755,43584,Kalif Raymond,8,3
2021103104,2755,48053,Trinity Benson,8,3
2021103104,2755,53541,Amon-Ra St. Brown,8,3
2021103104,2827,43584,Kalif Raymond,8,3
2021103104,2827,48053,Trinity Benson,8,3
2021103104,2827,53541,Amon-Ra St. Brown,8,3
2021103104,2903,43584,Kalif Raymond,8,3
2021103104,2903,48053,Trinity Benson,8,3
2021103104,2903,53541,Amon-Ra St. Brown,8,3
2021103104,2927,43584,Kalif Raymond,8,3
2021103104,2927,48053,Trinity Benson,8,1
2021103104,2927,53541,Amon-Ra St. Brown,8,3
2021103104,3157,43584,Kalif Raymond,8,0
2021103104,3157,48053,Trinity Benson,8,3
2021103104,3157,53541,Amon-Ra St. Brown,8,0
2021103104,3181,43584,Kalif Raymond,8,1
2021103104,3181,48053,Trinity Benson,8,1
2021103104,3181,53541,Amon-Ra St. Brown,8,0
2021103104,3205,43584,Kalif Raymond,8,3
2021103104,3205,48053,Trinity Benson,8,3
2021103104,3205,53541,Amon-Ra St. Brown,8,3
2021103104,3229,48053,Trinity Benson,8,1
2021103104,3229,48680,Tom Kennedy,8,3
2021103104,3229,53541,Amon-Ra St. Brown,8,0
2021103104,3253,48053,Trinity Benson,8,3
2021103104,3253,48680,Tom Kennedy,8,3
2021103104,3253,53541,Amon-Ra St. Brown,8,3
2021103104,3275,43584,Kalif Raymond,8,3
2021103104,3275,46992,KhaDarel Hodge,8,3
2021103104,3275,48053,Trinity Benson,8,3
2021103104,3299,43584,Kalif Raymond,8,3
2021103104,3299,46992,KhaDarel Hodge,8,3
2021103104,3299,48053,Trinity Benson,8,3
2021103104,3321,43584,Kalif Raymond,8,3
2021103104,3321,46992,KhaDarel Hodge,8,3
2021103104,3321,53541,Amon-Ra St. Brown,8,3
2021103104,3350,43584,Kalif Raymond,8,0
2021103104,3350,46992,KhaDarel Hodge,8,0
2021103104,3350,53541,Amon-Ra St. Brown,8,1
2021103104,3376,46992,KhaDarel Hodge,8,3
2021103104,3376,48053,Trinity Benson,8,3
2021103104,3376,53541,Amon-Ra St. Brown,8,3
2021103104,3420,43584,Kalif Raymond,8,3
2021103104,3420,48053,Trinity Benson,8,3
2021103104,3737,48053,Trinity Benson,8,1
2021103104,3737,48680,Tom Kennedy,8,3
2021103104,3737,53541,Amon-Ra St. Brown,8,0
2021103105,76,39989,Robert Woods,8,3
2021103105,76,44881,Cooper Kupp,8,3
2021103105,76,52465,Van Jefferson,8,3
2021103105,142,39989,Robert Woods,8,3
2021103105,142,44881,Cooper Kupp,8,3
2021103105,142,52465,Van Jefferson,8,3
2021103105,166,39989,Robert Woods,8,3
2021103105,166,44881,Cooper Kupp,8,3
2021103105,166,52465,Van Jefferson,8,3
2021103105,188,39989,Robert Woods,8,3
2021103105,188,44881,Cooper Kupp,8,3
2021103105,188,52465,Van Jefferson,8,3
2021103105,212,39989,Robert Woods,8,3
2021103105,212,44881,Cooper Kupp,8,3
2021103105,212,52465,Van Jefferson,8,3
2021103105,236,39989,Robert Woods,8,3
2021103105,236,44881,Cooper Kupp,8,3
2021103105,236,52465,Van Jefferson,8,3
2021103105,292,39989,Robert Woods,8,2
2021103105,292,44881,Cooper Kupp,8,3
2021103105,292,52465,Van Jefferson,8,3
2021103105,391,41246,Brandin Cooks,8,3
2021103105,597,39989,Robert Woods,8,3
2021103105,597,44881,Cooper Kupp,8,1
2021103105,597,52465,Van Jefferson,8,3
2021103105,626,39989,Robert Woods,8,3
2021103105,626,44881,Cooper Kupp,8,3
2021103105,626,52465,Van Jefferson,8,3
2021103105,740,39989,Robert Woods,8,3
2021103105,740,44881,Cooper Kupp,8,3
2021103105,740,52465,Van Jefferson,8,3
2021103105,762,39989,Robert Woods,8,3
2021103105,762,44881,Cooper Kupp,8,3
2021103105,762,52465,Van Jefferson,8,3
2021103105,786,39989,Robert Woods,8,3
2021103105,786,44881,Cooper Kupp,8,3
2021103105,786,52465,Van Jefferson,8,3
2021103105,930,39989,Robert Woods,8,3
2021103105,930,44881,Cooper Kupp,8,3
2021103105,930,52465,Van Jefferson,8,3
2021103105,965,39989,Robert Woods,8,3
2021103105,965,44881,Cooper Kupp,8,3
2021103105,965,52465,Van Jefferson,8,1
2021103105,986,39989,Robert Woods,8,3
2021103105,986,44881,Cooper Kupp,8,3
2021103105,986,52465,Van Jefferson,8,3
2021103105,1032,39989,Robert Woods,8,0
2021103105,1032,44881,Cooper Kupp,8,0
2021103105,1032,52465,Van Jefferson,8,0
2021103105,1122,39989,Robert Woods,8,3
2021103105,1122,44881,Cooper Kupp,8,3
2021103105,1122,52465,Van Jefferson,8,3
2021103105,1156,39989,Robert Woods,8,3
2021103105,1156,44881,Cooper Kupp,8,3
2021103105,1156,52465,Van Jefferson,8,3
2021103105,1233,41246,Brandin Cooks,8,3
2021103105,1233,53518,Nico Collins,8,3
2021103105,1267,33566,Danny Amendola,8,3
2021103105,1267,41246,Brandin Cooks,8,0
2021103105,1267,53518,Nico Collins,8,0
2021103105,1366,39989,Robert Woods,8,3
2021103105,1366,44881,Cooper Kupp,8,3
2021103105,1366,52465,Van Jefferson,8,0
2021103105,1399,39989,Robert Woods,8,3
2021103105,1399,44881,Cooper Kupp,8,3
2021103105,1399,52465,Van Jefferson,8,3
2021103105,1455,41246,Brandin Cooks,8,0
2021103105,1455,53518,Nico Collins,8,1
2021103105,1513,41246,Brandin Cooks,8,3
2021103105,1513,42419,Chris Conley,8,3
2021103105,1513,43396,Chris Moore,8,3
2021103105,1760,39989,Robert Woods,8,3
2021103105,1760,52465,Van Jefferson,8,1
2021103105,1842,33566,Danny Amendola,8,0
2021103105,1842,41246,Brandin Cooks,8,0
2021103105,1842,53518,Nico Collins,8,0
2021103105,1864,33566,Danny Amendola,8,3
2021103105,1864,42419,Chris Conley,8,3
2021103105,1864,53518,Nico Collins,8,3
2021103105,1905,33566,Danny Amendola,8,3
2021103105,1905,41246,Brandin Cooks,8,3
2021103105,1905,53518,Nico Collins,8,3
2021103105,1976,33566,Danny Amendola,8,3
2021103105,1976,41246,Brandin Cooks,8,3
2021103105,1976,53518,Nico Collins,8,3
2021103105,2077,33566,Danny Amendola,8,3
2021103105,2077,41246,Brandin Cooks,8,3
2021103105,2077,53518,Nico Collins,8,3
2021103105,2206,39989,Robert Woods,8,3
2021103105,2206,44881,Cooper Kupp,8,3
2021103105,2206,52465,Van Jefferson,8,3
2021103105,2240,39989,Robert Woods,8,3
2021103105,2240,44881,Cooper Kupp,8,3
2021103105,2240,52465,Van Jefferson,8,3
2021103105,2309,33566,Danny Amendola,8,3
2021103105,2309,41246,Brandin Cooks,8,3
2021103105,2309,53518,Nico Collins,8,3
2021103105,2438,39989,Robert Woods,8,3
2021103105,2438,44881,Cooper Kupp,8,3
2021103105,2438,52465,Van Jefferson,8,0
2021103105,2483,39989,Robert Woods,8,3
2021103105,2483,44881,Cooper Kupp,8,3
2021103105,2483,53678,Ben Skowronek,8,3
2021103105,2596,33566,Danny Amendola,8,0
2021103105,2596,41246,Brandin Cooks,8,0
2021103105,2596,53518,Nico Collins,8,0
2021103105,2693,39989,Robert Woods,8,3
2021103105,2693,44881,Cooper Kupp,8,3
2021103105,2693,53678,Ben Skowronek,8,3
2021103105,2743,39989,Robert Woods,8,3
2021103105,2743,44881,Cooper Kupp,8,3
2021103105,2743,53678,Ben Skowronek,8,3
2021103105,2931,41246,Brandin Cooks,8,2
2021103105,2931,53518,Nico Collins,8,3
2021103105,2955,33566,Danny Amendola,8,3
2021103105,2955,41246,Brandin Cooks,8,3
2021103105,2955,53518,Nico Collins,8,3
2021103105,3102,33566,Danny Amendola,8,3
2021103105,3102,41246,Brandin Cooks,8,3
2021103105,3102,53518,Nico Collins,8,3
2021103105,3126,33566,Danny Amendola,8,3
2021103105,3126,41246,Brandin Cooks,8,3
2021103105,3126,53518,Nico Collins,8,3
2021103105,3214,33566,Danny Amendola,8,3
2021103105,3214,41246,Brandin Cooks,8,3
2021103105,3214,42419,Chris Conley,8,3
2021103105,3259,41246,Brandin Cooks,8,0
2021103105,3259,42419,Chris Conley,8,0
2021103105,3259,43396,Chris Moore,8,0
2021103105,3288,41246,Brandin Cooks,8,3
2021103105,3288,42419,Chris Conley,8,3
2021103105,3288,43396,Chris Moore,8,3
2021103105,3393,52465,Van Jefferson,8,3
2021103105,3393,53678,Ben Skowronek,8,3
2021103105,3467,33566,Danny Amendola,8,3
2021103105,3467,41246,Brandin Cooks,8,3
2021103105,3467,53518,Nico Collins,8,3
2021103105,3512,33566,Danny Amendola,8,3
2021103105,3512,41246,Brandin Cooks,8,3
2021103105,3512,53518,Nico Collins,8,3
2021103105,3536,33566,Danny Amendola,8,3
2021103105,3536,41246,Brandin Cooks,8,3
2021103105,3536,53518,Nico Collins,8,1
2021103105,3593,33566,Danny Amendola,8,3
2021103105,3593,41246,Brandin Cooks,8,0
2021103105,3593,42419,Chris Conley,8,0
2021103105,3617,33566,Danny Amendola,8,3
2021103105,3617,42419,Chris Conley,8,3
2021103105,3617,53518,Nico Collins,8,3
2021103105,3686,33566,Danny Amendola,8,3
2021103105,3686,41246,Brandin Cooks,8,3
2021103105,3686,53518,Nico Collins,8,3
2021103105,3708,33566,Danny Amendola,8,3
2021103105,3708,43396,Chris Moore,8,3
2021103105,3708,53518,Nico Collins,8,3
2021103105,3972,33566,Danny Amendola,8,0
2021103105,3972,41246,Brandin Cooks,8,3
2021103105,3972,53518,Nico Collins,8,0
2021103105,3996,33566,Danny Amendola,8,0
2021103105,3996,41246,Brandin Cooks,8,0
2021103105,3996,53518,Nico Collins,8,1
2021103105,4020,33566,Danny Amendola,8,3
2021103105,4020,42419,Chris Conley,8,3
2021103105,4020,53518,Nico Collins,8,3
2021103105,4042,33566,Danny Amendola,8,3
2021103105,4042,42419,Chris Conley,8,3
2021103105,4042,53518,Nico Collins,8,3
2021103105,4066,33566,Danny Amendola,8,3
2021103105,4066,41246,Brandin Cooks,8,0
2021103105,4066,42419,Chris Conley,8,0
2021103105,4090,41246,Brandin Cooks,8,0
2021103105,4090,42419,Chris Conley,8,0
2021103105,4090,43396,Chris Moore,8,0
2021103105,4114,41246,Brandin Cooks,8,3
2021103105,4114,42419,Chris Conley,8,3
2021103105,4114,43396,Chris Moore,8,1
2021103106,62,38622,T.Y. Hilton,8,3
2021103106,62,45102,Zach Pascal,8,2
2021103106,62,52442,Michael Pittman,8,3
2021103106,86,45102,Zach Pascal,8,3
2021103106,86,52442,Michael Pittman,8,3
2021103106,131,38622,T.Y. Hilton,8,3
2021103106,131,45102,Zach Pascal,8,3
2021103106,131,52442,Michael Pittman,8,3
2021103106,153,38622,T.Y. Hilton,8,3
2021103106,153,45102,Zach Pascal,8,3
2021103106,153,52442,Michael Pittman,8,3
2021103106,225,45102,Zach Pascal,8,1
2021103106,225,52442,Michael Pittman,8,0
2021103106,335,38622,T.Y. Hilton,8,3
2021103106,335,45102,Zach Pascal,8,3
2021103106,335,52442,Michael Pittman,8,1
2021103106,357,38622,T.Y. Hilton,8,2
2021103106,357,45102,Zach Pascal,8,1
2021103106,357,52442,Michael Pittman,8,3
2021103106,434,43556,Chester Rogers,8,3
2021103106,434,44003,Marcus Johnson,8,3
2021103106,434,47834,A.J. Brown,8,3
2021103106,460,45102,Zach Pascal,8,2
2021103106,460,52442,Michael Pittman,8,1
2021103106,584,43556,Chester Rogers,8,3
2021103106,584,44003,Marcus Johnson,8,3
2021103106,584,47834,A.J. Brown,8,3
2021103106,673,38622,T.Y. Hilton,8,3
2021103106,673,45102,Zach Pascal,8,3
2021103106,673,52442,Michael Pittman,8,3
2021103106,697,45102,Zach Pascal,8,3
2021103106,697,48118,Ashton Dulin,8,3
2021103106,697,52442,Michael Pittman,8,0
2021103106,719,38622,T.Y. Hilton,8,3
2021103106,719,45102,Zach Pascal,8,3
2021103106,719,52442,Michael Pittman,8,3
2021103106,743,38622,T.Y. Hilton,8,0
2021103106,743,45102,Zach Pascal,8,1
2021103106,743,52442,Michael Pittman,8,2
2021103106,765,38622,T.Y. Hilton,8,3
2021103106,765,45102,Zach Pascal,8,3
2021103106,765,52442,Michael Pittman,8,3
2021103106,808,43556,Chester Rogers,8,3
2021103106,808,44003,Marcus Johnson,8,3
2021103106,808,47834,A.J. Brown,8,3
2021103106,862,44003,Marcus Johnson,8,0
2021103106,862,47834,A.J. Brown,8,3
2021103106,907,43556,Chester Rogers,8,3
2021103106,907,44003,Marcus Johnson,8,3
2021103106,907,47834,A.J. Brown,8,3
2021103106,950,44003,Marcus Johnson,8,3
2021103106,950,47834,A.J. Brown,8,1
2021103106,1066,47834,A.J. Brown,8,3
2021103106,1182,38622,T.Y. Hilton,8,0
2021103106,1182,45102,Zach Pascal,8,0
2021103106,1182,52442,Michael Pittman,8,0
2021103106,1207,38622,T.Y. Hilton,8,3
2021103106,1207,45102,Zach Pascal,8,3
2021103106,1207,52442,Michael Pittman,8,3
2021103106,1333,44003,Marcus Johnson,8,1
2021103106,1333,47834,A.J. Brown,8,1
2021103106,1394,44930,Josh Reynolds,8,3
2021103106,1394,47834,A.J. Brown,8,3
2021103106,1479,43556,Chester Rogers,8,3
2021103106,1479,44003,Marcus Johnson,8,3
2021103106,1479,47834,A.J. Brown,8,3
2021103106,1524,47834,A.J. Brown,8,0
2021103106,1641,45102,Zach Pascal,8,3
2021103106,1641,52442,Michael Pittman,8,3
2021103106,1727,38622,T.Y. Hilton,8,0
2021103106,1727,45102,Zach Pascal,8,0
2021103106,1727,52442,Michael Pittman,8,3
2021103106,1749,38622,T.Y. Hilton,8,1
2021103106,1749,45102,Zach Pascal,8,0
2021103106,1749,52442,Michael Pittman,8,0
2021103106,1773,45102,Zach Pascal,8,3
2021103106,1773,48118,Ashton Dulin,8,0
2021103106,1773,52442,Michael Pittman,8,0
2021103106,1806,38622,T.Y. Hilton,8,3
2021103106,1806,45102,Zach Pascal,8,3
2021103106,1806,52442,Michael Pittman,8,3
2021103106,1847,38622,T.Y. Hilton,8,3
2021103106,1847,45102,Zach Pascal,8,3
2021103106,1847,52442,Michael Pittman,8,0
2021103106,1876,38622,T.Y. Hilton,8,3
2021103106,1876,45102,Zach Pascal,8,3
2021103106,1876,52442,Michael Pittman,8,3
2021103106,2110,43556,Chester Rogers,8,3
2021103106,2110,44003,Marcus Johnson,8,3
2021103106,2110,47834,A.J. Brown,8,3
2021103106,2199,43556,Chester Rogers,8,3
2021103106,2199,44003,Marcus Johnson,8,3
2021103106,2199,47834,A.J. Brown,8,3
2021103106,2268,43556,Chester Rogers,8,3
2021103106,2268,47834,A.J. Brown,8,3
2021103106,2268,53074,Nick Westbrook-Ikhine,8,3
2021103106,2290,43556,Chester Rogers,8,3
2021103106,2290,47834,A.J. Brown,8,3
2021103106,2290,53074,Nick Westbrook-Ikhine,8,3
2021103106,2319,44003,Marcus Johnson,8,0
2021103106,2319,47834,A.J. Brown,8,3
2021103106,2369,47834,A.J. Brown,8,3
2021103106,2393,44003,Marcus Johnson,8,3
2021103106,2393,47834,A.J. Brown,8,3
2021103106,2393,53074,Nick Westbrook-Ikhine,8,3
2021103106,2518,38622,T.Y. Hilton,8,3
2021103106,2518,45102,Zach Pascal,8,3
2021103106,2518,52442,Michael Pittman,8,3
2021103106,2540,38622,T.Y. Hilton,8,3
2021103106,2540,45102,Zach Pascal,8,1
2021103106,2540,52442,Michael Pittman,8,0
2021103106,2622,43556,Chester Rogers,8,3
2021103106,2622,44003,Marcus Johnson,8,3
2021103106,2622,47834,A.J. Brown,8,3
2021103106,2665,43556,Chester Rogers,8,3
2021103106,2665,44003,Marcus Johnson,8,3
2021103106,2665,47834,A.J. Brown,8,0
2021103106,2799,38622,T.Y. Hilton,8,3
2021103106,2799,45102,Zach Pascal,8,3
2021103106,2799,52442,Michael Pittman,8,3
2021103106,2844,45102,Zach Pascal,8,0
2021103106,2844,52442,Michael Pittman,8,0
2021103106,2954,43556,Chester Rogers,8,3
2021103106,2954,44003,Marcus Johnson,8,3
2021103106,2954,47834,A.J. Brown,8,0
2021103106,3069,44003,Marcus Johnson,8,0
2021103106,3069,47834,A.J. Brown,8,0
2021103106,3091,43556,Chester Rogers,8,3
2021103106,3091,44930,Josh Reynolds,8,3
2021103106,3091,53074,Nick Westbrook-Ikhine,8,3
2021103106,3163,43556,Chester Rogers,8,3
2021103106,3163,47834,A.J. Brown,8,3
2021103106,3163,53074,Nick Westbrook-Ikhine,8,3
2021103106,3203,43556,Chester Rogers,8,3
2021103106,3203,44003,Marcus Johnson,8,3
2021103106,3203,47834,A.J. Brown,8,3
2021103106,3261,48118,Ashton Dulin,8,0
2021103106,3261,52442,Michael Pittman,8,0
2021103106,3283,38622,T.Y. Hilton,8,3
2021103106,3283,45102,Zach Pascal,8,3
2021103106,3283,52442,Michael Pittman,8,3
2021103106,3305,38622,T.Y. Hilton,8,1
2021103106,3305,45102,Zach Pascal,8,0
2021103106,3305,52442,Michael Pittman,8,3
2021103106,3370,38622,T.Y. Hilton,8,3
2021103106,3370,45102,Zach Pascal,8,3
2021103106,3370,52442,Michael Pittman,8,3
2021103106,3445,38622,T.Y. Hilton,8,1
2021103106,3445,52442,Michael Pittman,8,0
2021103106,3470,45102,Zach Pascal,8,3
2021103106,3470,48118,Ashton Dulin,8,3
2021103106,3470,52442,Michael Pittman,8,3
2021103106,3617,45102,Zach Pascal,8,3
2021103106,3617,52442,Michael Pittman,8,3
2021103106,3639,45102,Zach Pascal,8,3
2021103106,3639,48118,Ashton Dulin,8,3
2021103106,3639,52442,Michael Pittman,8,3
2021103106,3691,44003,Marcus Johnson,8,0
2021103106,3691,47834,A.J. Brown,8,3
2021103106,3762,47834,A.J. Brown,8,3
2021103106,3762,53074,Nick Westbrook-Ikhine,8,3
2021103106,3784,43556,Chester Rogers,8,0
2021103106,3784,47834,A.J. Brown,8,1
2021103106,3784,53074,Nick Westbrook-Ikhine,8,0
2021103106,4052,45102,Zach Pascal,8,3
2021103106,4052,48118,Ashton Dulin,8,3
2021103106,4052,52442,Michael Pittman,8,3
2021103106,4076,45102,Zach Pascal,8,1
2021103106,4076,48118,Ashton Dulin,8,3
2021103106,4076,52442,Michael Pittman,8,3
2021103106,4109,45102,Zach Pascal,8,0
2021103106,4109,48118,Ashton Dulin,8,0
2021103106,4109,52442,Michael Pittman,8,3
2021103106,4131,45102,Zach Pascal,8,3
2021103106,4131,48118,Ashton Dulin,8,3
2021103106,4131,52442,Michael Pittman,8,3
2021103106,4166,45102,Zach Pascal,8,3
2021103106,4166,48118,Ashton Dulin,8,0
2021103106,4166,52442,Michael Pittman,8,0
2021103106,4207,45102,Zach Pascal,8,3
2021103106,4207,48118,Ashton Dulin,8,3
2021103106,4207,52442,Michael Pittman,8,3
2021103106,4229,45102,Zach Pascal,8,3
2021103106,4229,48118,Ashton Dulin,8,0
2021103106,4229,52442,Michael Pittman,8,3
2021103106,4456,45102,Zach Pascal,8,0
2021103106,4456,52442,Michael Pittman,8,0
2021103106,4478,45102,Zach Pascal,8,3
2021103106,4478,48118,Ashton Dulin,8,3
2021103106,4478,52442,Michael Pittman,8,3
2021103106,4518,44003,Marcus Johnson,8,3
2021103106,4518,47834,A.J. Brown,8,3
2021103106,4561,44003,Marcus Johnson,8,3
2021103106,4561,47834,A.J. Brown,8,3
2021103106,4561,53074,Nick Westbrook-Ikhine,8,3
2021103106,4603,45102,Zach Pascal,8,0
2021103106,4603,48118,Ashton Dulin,8,1
2021103106,4603,52442,Michael Pittman,8,3
2021103106,4625,45102,Zach Pascal,8,3
2021103106,4625,48118,Ashton Dulin,8,3
2021103106,4625,52442,Michael Pittman,8,3
2021103106,4670,45102,Zach Pascal,8,0
2021103106,4670,52442,Michael Pittman,8,0
2021103106,4728,44003,Marcus Johnson,8,3
2021103106,4728,47834,A.J. Brown,8,3
2021103106,4728,53074,Nick Westbrook-Ikhine,8,1
2021103106,4750,44003,Marcus Johnson,8,3
2021103106,4750,47834,A.J. Brown,8,3
2021103106,4750,53074,Nick Westbrook-Ikhine,8,3
2021103107,79,52467,Denzel Mims,8,3
2021103107,79,53463,Elijah Moore,8,3
2021103107,114,42448,Jamison Crowder,8,3
2021103107,114,45555,Keelan Cole,8,3
2021103107,114,46279,Braxton Berrios,8,3
2021103107,114,52467,Denzel Mims,8,3
2021103107,138,45555,Keelan Cole,8,0
2021103107,138,52467,Denzel Mims,8,2
2021103107,162,48657,Jeff Smith,8,3
2021103107,162,53463,Elijah Moore,8,3
2021103107,257,42448,Jamison Crowder,8,3
2021103107,257,45555,Keelan Cole,8,3
2021103107,257,52467,Denzel Mims,8,3
2021103107,399,43344,Tyler Boyd,8,3
2021103107,399,52441,Tee Higgins,8,3
2021103107,399,53434,Ja'Marr Chase,8,3
2021103107,421,43344,Tyler Boyd,8,3
2021103107,421,52441,Tee Higgins,8,3
2021103107,421,53434,Ja'Marr Chase,8,3
2021103107,445,43344,Tyler Boyd,8,3
2021103107,445,52441,Tee Higgins,8,3
2021103107,445,53434,Ja'Marr Chase,8,3
2021103107,488,42448,Jamison Crowder,8,2
2021103107,488,45555,Keelan Cole,8,0
2021103107,488,52467,Denzel Mims,8,0
2021103107,554,42448,Jamison Crowder,8,3
2021103107,554,45555,Keelan Cole,8,3
2021103107,554,52467,Denzel Mims,8,3
2021103107,595,52467,Denzel Mims,8,3
2021103107,595,53463,Elijah Moore,8,3
2021103107,720,43344,Tyler Boyd,8,3
2021103107,720,52441,Tee Higgins,8,3
2021103107,720,53434,Ja'Marr Chase,8,3
2021103107,787,52467,Denzel Mims,8,0
2021103107,787,53463,Elijah Moore,8,3
2021103107,842,43344,Tyler Boyd,8,3
2021103107,842,52441,Tee Higgins,8,3
2021103107,842,53434,Ja'Marr Chase,8,3
2021103107,866,43344,Tyler Boyd,8,3
2021103107,866,52441,Tee Higgins,8,3
2021103107,866,53434,Ja'Marr Chase,8,3
2021103107,1013,42448,Jamison Crowder,8,3
2021103107,1013,45555,Keelan Cole,8,3
2021103107,1013,52467,Denzel Mims,8,3
2021103107,1101,42448,Jamison Crowder,8,1
2021103107,1101,48657,Jeff Smith,8,0
2021103107,1101,53463,Elijah Moore,8,1
2021103107,1146,42448,Jamison Crowder,8,3
2021103107,1146,45555,Keelan Cole,8,3
2021103107,1146,52467,Denzel Mims,8,3
2021103107,1311,42448,Jamison Crowder,8,3
2021103107,1311,45555,Keelan Cole,8,3
2021103107,1311,52467,Denzel Mims,8,3
2021103107,1311,53463,Elijah Moore,8,3
2021103107,1354,42448,Jamison Crowder,8,1
2021103107,1354,45555,Keelan Cole,8,1
2021103107,1354,46279,Braxton Berrios,8,3
2021103107,1354,52467,Denzel Mims,8,3
2021103107,1397,43344,Tyler Boyd,8,3
2021103107,1397,52441,Tee Higgins,8,3
2021103107,1397,53434,Ja'Marr Chase,8,3
2021103107,1470,43344,Tyler Boyd,8,3
2021103107,1470,48530,Stanley Morgan,8,3
2021103107,1470,53434,Ja'Marr Chase,8,3
2021103107,1531,43344,Tyler Boyd,8,3
2021103107,1531,52441,Tee Higgins,8,3
2021103107,1531,53434,Ja'Marr Chase,8,3
2021103107,1555,43344,Tyler Boyd,8,3
2021103107,1555,52441,Tee Higgins,8,1
2021103107,1555,53434,Ja'Marr Chase,8,3
2021103107,1579,43344,Tyler Boyd,8,3
2021103107,1579,52441,Tee Higgins,8,1
2021103107,1579,53434,Ja'Marr Chase,8,3
2021103107,1601,53434,Ja'Marr Chase,8,3
2021103107,1686,42448,Jamison Crowder,8,3
2021103107,1686,45555,Keelan Cole,8,3
2021103107,1686,52467,Denzel Mims,8,3
2021103107,1758,43344,Tyler Boyd,8,3
2021103107,1758,52441,Tee Higgins,8,1
2021103107,1758,53434,Ja'Marr Chase,8,3
2021103107,1820,43344,Tyler Boyd,8,3
2021103107,1820,52441,Tee Higgins,8,3
2021103107,1820,53434,Ja'Marr Chase,8,3
2021103107,1842,43344,Tyler Boyd,8,3
2021103107,1842,52441,Tee Higgins,8,3
2021103107,1842,53434,Ja'Marr Chase,8,3
2021103107,1905,42448,Jamison Crowder,8,3
2021103107,1905,45555,Keelan Cole,8,3
2021103107,1905,52467,Denzel Mims,8,3
2021103107,1929,42448,Jamison Crowder,8,3
2021103107,1929,45555,Keelan Cole,8,3
2021103107,1929,52467,Denzel Mims,8,3
2021103107,2003,42448,Jamison Crowder,8,3
2021103107,2003,45555,Keelan Cole,8,3
2021103107,2003,52467,Denzel Mims,8,3
2021103107,2044,42448,Jamison Crowder,8,3
2021103107,2044,45555,Keelan Cole,8,3
2021103107,2044,52467,Denzel Mims,8,3
2021103107,2069,42448,Jamison Crowder,8,3
2021103107,2069,45555,Keelan Cole,8,3
2021103107,2069,52467,Denzel Mims,8,3
2021103107,2169,42448,Jamison Crowder,8,3
2021103107,2169,45555,Keelan Cole,8,3
2021103107,2169,46279,Braxton Berrios,8,3
2021103107,2169,52467,Denzel Mims,8,3
2021103107,2323,43344,Tyler Boyd,8,3
2021103107,2323,52441,Tee Higgins,8,3
2021103107,2323,53434,Ja'Marr Chase,8,3
2021103107,2347,43344,Tyler Boyd,8,3
2021103107,2347,52441,Tee Higgins,8,3
2021103107,2347,53434,Ja'Marr Chase,8,3
2021103107,2397,43344,Tyler Boyd,8,3
2021103107,2397,52441,Tee Higgins,8,3
2021103107,2397,53434,Ja'Marr Chase,8,3
2021103107,2425,43344,Tyler Boyd,8,3
2021103107,2425,52441,Tee Higgins,8,3
2021103107,2425,53434,Ja'Marr Chase,8,3
2021103107,2487,42448,Jamison Crowder,8,3
2021103107,2487,45555,Keelan Cole,8,3
2021103107,2487,52467,Denzel Mims,8,3
2021103107,2551,42448,Jamison Crowder,8,3
2021103107,2551,52467,Denzel Mims,8,3
2021103107,2551,53463,Elijah Moore,8,3
2021103107,2575,52467,Denzel Mims,8,3
2021103107,2575,53463,Elijah Moore,8,0
2021103107,2620,42448,Jamison Crowder,8,2
2021103107,2620,45555,Keelan Cole,8,0
2021103107,2620,52467,Denzel Mims,8,0
2021103107,2733,42448,Jamison Crowder,8,3
2021103107,2733,45555,Keelan Cole,8,3
2021103107,2733,46279,Braxton Berrios,8,3
2021103107,2733,52467,Denzel Mims,8,3
2021103107,2762,42448,Jamison Crowder,8,2
2021103107,2762,45555,Keelan Cole,8,3
2021103107,2762,52467,Denzel Mims,8,1
2021103107,2865,52441,Tee Higgins,8,0
2021103107,2865,53434,Ja'Marr Chase,8,0
2021103107,2889,43344,Tyler Boyd,8,3
2021103107,2889,52441,Tee Higgins,8,3
2021103107,2889,53434,Ja'Marr Chase,8,3
2021103107,2970,45555,Keelan Cole,8,3
2021103107,2970,48657,Jeff Smith,8,3
2021103107,3015,45555,Keelan Cole,8,0
2021103107,3015,48657,Jeff Smith,8,3
2021103107,3039,45555,Keelan Cole,8,3
2021103107,3039,46279,Braxton Berrios,8,3
2021103107,3039,48657,Jeff Smith,8,1
2021103107,3039,53463,Elijah Moore,8,3
2021103107,3220,43344,Tyler Boyd,8,3
2021103107,3220,52441,Tee Higgins,8,3
2021103107,3220,53434,Ja'Marr Chase,8,3
2021103107,3242,43344,Tyler Boyd,8,3
2021103107,3242,52441,Tee Higgins,8,3
2021103107,3242,53434,Ja'Marr Chase,8,3
2021103107,3332,43344,Tyler Boyd,8,1
2021103107,3332,52441,Tee Higgins,8,0
2021103107,3332,53434,Ja'Marr Chase,8,0
2021103107,3354,52441,Tee Higgins,8,3
2021103107,3354,53434,Ja'Marr Chase,8,3
2021103107,3378,43344,Tyler Boyd,8,3
2021103107,3378,52441,Tee Higgins,8,3
2021103107,3378,53434,Ja'Marr Chase,8,3
2021103107,3423,43344,Tyler Boyd,8,3
2021103107,3423,52441,Tee Higgins,8,3
2021103107,3423,53434,Ja'Marr Chase,8,3
2021103107,3445,43344,Tyler Boyd,8,1
2021103107,3445,52441,Tee Higgins,8,0
2021103107,3445,53434,Ja'Marr Chase,8,0
2021103107,3508,42448,Jamison Crowder,8,3
2021103107,3508,46279,Braxton Berrios,8,3
2021103107,3508,52467,Denzel Mims,8,3
2021103107,3508,53463,Elijah Moore,8,3
2021103107,3532,42448,Jamison Crowder,8,3
2021103107,3532,52467,Denzel Mims,8,3
2021103107,3532,53463,Elijah Moore,8,3
2021103107,3554,42448,Jamison Crowder,8,3
2021103107,3554,52467,Denzel Mims,8,3
2021103107,3554,53463,Elijah Moore,8,3
2021103107,3578,42448,Jamison Crowder,8,1
2021103107,3578,52467,Denzel Mims,8,1
2021103107,3578,53463,Elijah Moore,8,0
2021103107,3611,42448,Jamison Crowder,8,3
2021103107,3611,45555,Keelan Cole,8,3
2021103107,3611,46279,Braxton Berrios,8,3
2021103107,3611,48657,Jeff Smith,8,3
2021103107,3635,42448,Jamison Crowder,8,3
2021103107,3635,45555,Keelan Cole,8,3
2021103107,3635,46279,Braxton Berrios,8,3
2021103107,3635,48657,Jeff Smith,8,3
2021103107,3659,42448,Jamison Crowder,8,3
2021103107,3659,45555,Keelan Cole,8,1
2021103107,3659,46279,Braxton Berrios,8,3
2021103107,3659,48657,Jeff Smith,8,1
2021103107,3735,45555,Keelan Cole,8,3
2021103107,3735,46279,Braxton Berrios,8,1
2021103107,3735,52467,Denzel Mims,8,0
2021103107,3793,45555,Keelan Cole,8,3
2021103107,3793,46279,Braxton Berrios,8,3
2021103107,3793,52467,Denzel Mims,8,3
2021103107,3869,42448,Jamison Crowder,8,3
2021103107,3869,52467,Denzel Mims,8,3
2021103107,3869,53463,Elijah Moore,8,3
2021103107,3948,43344,Tyler Boyd,8,0
2021103107,3948,52441,Tee Higgins,8,1
2021103107,3948,53434,Ja'Marr Chase,8,0
2021103107,4007,43344,Tyler Boyd,8,3
2021103107,4007,52441,Tee Higgins,8,3
2021103107,4007,53434,Ja'Marr Chase,8,3
2021103107,4133,42448,Jamison Crowder,8,3
2021103107,4133,45555,Keelan Cole,8,3
2021103107,4133,52467,Denzel Mims,8,3
2021103107,4200,42448,Jamison Crowder,8,3
2021103107,4200,46279,Braxton Berrios,8,1
2021103107,4200,52467,Denzel Mims,8,3
2021103107,4200,53463,Elijah Moore,8,3
2021103108,54,40024,Keenan Allen,8,3
2021103108,54,44819,Mike Williams,8,3
2021103108,99,40024,Keenan Allen,8,0
2021103108,99,44819,Mike Williams,8,0
2021103108,99,53506,Josh Palmer,8,3
2021103108,128,40024,Keenan Allen,8,3
2021103108,128,44819,Mike Williams,8,3
2021103108,128,48556,Jalen Guyton,8,3
2021103108,171,40024,Keenan Allen,8,1
2021103108,171,44819,Mike Williams,8,0
2021103108,171,48556,Jalen Guyton,8,1
2021103108,290,42363,Nelson Agholor,8,3
2021103108,290,48097,Jakobi Meyers,8,3
2021103108,312,42363,Nelson Agholor,8,3
2021103108,312,45185,Kendrick Bourne,8,3
2021103108,312,48097,Jakobi Meyers,8,3
2021103108,341,42363,Nelson Agholor,8,0
2021103108,341,48097,Jakobi Meyers,8,0
2021103108,393,47815,N'Keal Harry,8,3
2021103108,393,48097,Jakobi Meyers,8,3
2021103108,485,47815,N'Keal Harry,8,1
2021103108,485,48097,Jakobi Meyers,8,2
2021103108,619,40024,Keenan Allen,8,3
2021103108,619,44819,Mike Williams,8,3
2021103108,619,48556,Jalen Guyton,8,3
2021103108,648,40024,Keenan Allen,8,3
2021103108,648,44819,Mike Williams,8,1
2021103108,740,42363,Nelson Agholor,8,3
2021103108,740,47815,N'Keal Harry,8,3
2021103108,740,48097,Jakobi Meyers,8,3
2021103108,790,42363,Nelson Agholor,8,3
2021103108,790,45185,Kendrick Bourne,8,1
2021103108,790,48097,Jakobi Meyers,8,3
2021103108,894,40024,Keenan Allen,8,3
2021103108,894,44819,Mike Williams,8,3
2021103108,894,48556,Jalen Guyton,8,3
2021103108,979,40024,Keenan Allen,8,1
2021103108,979,44819,Mike Williams,8,3
2021103108,979,48556,Jalen Guyton,8,3
2021103108,1035,42363,Nelson Agholor,8,3
2021103108,1035,48097,Jakobi Meyers,8,3
2021103108,1156,42363,Nelson Agholor,8,0
2021103108,1156,48097,Jakobi Meyers,8,0
2021103108,1180,45185,Kendrick Bourne,8,3
2021103108,1180,47815,N'Keal Harry,8,3
2021103108,1180,48097,Jakobi Meyers,8,3
2021103108,1273,42363,Nelson Agholor,8,3
2021103108,1273,45185,Kendrick Bourne,8,3
2021103108,1273,48097,Jakobi Meyers,8,3
2021103108,1332,40024,Keenan Allen,8,3
2021103108,1332,44819,Mike Williams,8,3
2021103108,1332,53506,Josh Palmer,8,3
2021103108,1356,40024,Keenan Allen,8,0
2021103108,1356,44819,Mike Williams,8,0
2021103108,1356,48556,Jalen Guyton,8,0
2021103108,1403,42363,Nelson Agholor,8,3
2021103108,1403,45185,Kendrick Bourne,8,3
2021103108,1403,48097,Jakobi Meyers,8,3
2021103108,1425,42363,Nelson Agholor,8,3
2021103108,1425,45185,Kendrick Bourne,8,3
2021103108,1425,48097,Jakobi Meyers,8,3
2021103108,1533,42363,Nelson Agholor,8,1
2021103108,1533,48097,Jakobi Meyers,8,1
2021103108,1555,42363,Nelson Agholor,8,3
2021103108,1555,45185,Kendrick Bourne,8,3
2021103108,1555,48097,Jakobi Meyers,8,3
2021103108,1651,40024,Keenan Allen,8,3
2021103108,1651,44819,Mike Williams,8,3
2021103108,1651,48556,Jalen Guyton,8,3
2021103108,1748,42363,Nelson Agholor,8,3
2021103108,1748,45185,Kendrick Bourne,8,3
2021103108,1748,48097,Jakobi Meyers,8,3
2021103108,1770,45185,Kendrick Bourne,8,3
2021103108,1770,47815,N'Keal Harry,8,3
2021103108,1770,48097,Jakobi Meyers,8,3
2021103108,1810,40024,Keenan Allen,8,3
2021103108,1810,44819,Mike Williams,8,3
2021103108,1810,48556,Jalen Guyton,8,3
2021103108,1860,40024,Keenan Allen,8,3
2021103108,1860,44819,Mike Williams,8,3
2021103108,1860,48556,Jalen Guyton,8,3
2021103108,1882,40024,Keenan Allen,8,1
2021103108,1882,44819,Mike Williams,8,3
2021103108,1882,48556,Jalen Guyton,8,3
2021103108,1908,42363,Nelson Agholor,8,3
2021103108,1908,45185,Kendrick Bourne,8,0
2021103108,1908,48097,Jakobi Meyers,8,1
2021103108,1932,42363,Nelson Agholor,8,3
2021103108,1932,45185,Kendrick Bourne,8,3
2021103108,1932,48097,Jakobi Meyers,8,3
2021103108,1954,42363,Nelson Agholor,8,3
2021103108,1954,45185,Kendrick Bourne,8,3
2021103108,1954,48097,Jakobi Meyers,8,3
2021103108,1976,45185,Kendrick Bourne,8,1
2021103108,1976,47815,N'Keal Harry,8,3
2021103108,1976,48097,Jakobi Meyers,8,3
2021103108,2166,42363,Nelson Agholor,8,3
2021103108,2166,48097,Jakobi Meyers,8,3
2021103108,2211,47815,N'Keal Harry,8,0
2021103108,2211,48097,Jakobi Meyers,8,0
2021103108,2292,42363,Nelson Agholor,8,3
2021103108,2292,45185,Kendrick Bourne,8,1
2021103108,2292,48097,Jakobi Meyers,8,3
2021103108,2314,45185,Kendrick Bourne,8,3
2021103108,2314,47815,N'Keal Harry,8,3
2021103108,2314,48097,Jakobi Meyers,8,3
2021103108,2354,40024,Keenan Allen,8,0
2021103108,2354,48556,Jalen Guyton,8,1
2021103108,2404,40024,Keenan Allen,8,0
2021103108,2404,44819,Mike Williams,8,3
2021103108,2404,48556,Jalen Guyton,8,3
2021103108,2426,40024,Keenan Allen,8,0
2021103108,2426,44819,Mike Williams,8,2
2021103108,2426,48556,Jalen Guyton,8,0
2021103108,2549,42363,Nelson Agholor,8,3
2021103108,2549,47815,N'Keal Harry,8,3
2021103108,2549,48097,Jakobi Meyers,8,3
2021103108,2668,42363,Nelson Agholor,8,3
2021103108,2668,47815,N'Keal Harry,8,3
2021103108,2668,48097,Jakobi Meyers,8,1
2021103108,2711,42363,Nelson Agholor,8,3
2021103108,2711,47815,N'Keal Harry,8,3
2021103108,2711,48097,Jakobi Meyers,8,3
2021103108,2794,40024,Keenan Allen,8,0
2021103108,2794,44819,Mike Williams,8,0
2021103108,2866,40024,Keenan Allen,8,3
2021103108,2866,44819,Mike Williams,8,3
2021103108,2866,48556,Jalen Guyton,8,3
2021103108,2922,42363,Nelson Agholor,8,3
2021103108,2922,48097,Jakobi Meyers,8,3
2021103108,2965,42363,Nelson Agholor,8,3
2021103108,2965,47815,N'Keal Harry,8,3
2021103108,2965,48097,Jakobi Meyers,8,3
2021103108,3078,40024,Keenan Allen,8,3
2021103108,3078,44819,Mike Williams,8,3
2021103108,3185,40024,Keenan Allen,8,3
2021103108,3185,44819,Mike Williams,8,3
2021103108,3185,48556,Jalen Guyton,8,3
2021103108,3230,40024,Keenan Allen,8,3
2021103108,3230,44819,Mike Williams,8,3
2021103108,3230,48556,Jalen Guyton,8,3
2021103108,3252,40024,Keenan Allen,8,3
2021103108,3252,44819,Mike Williams,8,3
2021103108,3252,48556,Jalen Guyton,8,3
2021103108,3279,42363,Nelson Agholor,8,3
2021103108,3279,45185,Kendrick Bourne,8,3
2021103108,3279,48097,Jakobi Meyers,8,3
2021103108,3332,40024,Keenan Allen,8,1
2021103108,3332,44819,Mike Williams,8,3
2021103108,3332,48556,Jalen Guyton,8,3
2021103108,3386,40024,Keenan Allen,8,3
2021103108,3386,44819,Mike Williams,8,3
2021103108,3386,48556,Jalen Guyton,8,3
2021103108,3671,42363,Nelson Agholor,8,3
2021103108,3671,48097,Jakobi Meyers,8,3
2021103108,3683,40024,Keenan Allen,8,3
2021103108,3683,44819,Mike Williams,8,3
2021103108,3683,48556,Jalen Guyton,8,3
2021103108,3758,47815,N'Keal Harry,8,3
2021103108,3758,48097,Jakobi Meyers,8,3
2021103108,3802,40024,Keenan Allen,8,3
2021103108,3802,44819,Mike Williams,8,3
2021103108,3802,48556,Jalen Guyton,8,3
2021103108,3831,42363,Nelson Agholor,8,3
2021103108,3831,48097,Jakobi Meyers,8,3
2021103108,3896,42363,Nelson Agholor,8,3
2021103108,3896,48097,Jakobi Meyers,8,3
2021103108,3919,40024,Keenan Allen,8,3
2021103108,3919,48556,Jalen Guyton,8,3
2021103108,3919,53506,Josh Palmer,8,3
2021103108,3960,40024,Keenan Allen,8,3
2021103108,3960,48556,Jalen Guyton,8,1
2021103108,3960,53506,Josh Palmer,8,3
2021103108,3989,40024,Keenan Allen,8,3
2021103108,3989,44819,Mike Williams,8,3
2021103108,3989,48556,Jalen Guyton,8,3
2021103108,4019,40024,Keenan Allen,8,3
2021103108,4019,44819,Mike Williams,8,3
2021103108,4019,53506,Josh Palmer,8,3
2021103108,4065,40024,Keenan Allen,8,3
2021103108,4065,48556,Jalen Guyton,8,3
2021103108,4065,53506,Josh Palmer,8,3
2021103109,75,38696,Marvin Jones,8,3
2021103109,75,44978,Jamal Agnew,8,3
2021103109,75,52450,Laviska Shenault,8,3
2021103109,141,38696,Marvin Jones,8,3
2021103109,141,44978,Jamal Agnew,8,0
2021103109,141,52450,Laviska Shenault,8,1
2021103109,165,38696,Marvin Jones,8,3
2021103109,165,39954,Tavon Austin,8,3
2021103109,165,44978,Jamal Agnew,8,3
2021103109,189,38696,Marvin Jones,8,0
2021103109,189,39954,Tavon Austin,8,0
2021103109,189,44978,Jamal Agnew,8,1
2021103109,268,42412,Tyler Lockett,8,3
2021103109,268,47847,DK Metcalf,8,3
2021103109,313,42412,Tyler Lockett,8,3
2021103109,313,47847,DK Metcalf,8,3
2021103109,414,42412,Tyler Lockett,8,3
2021103109,414,47847,DK Metcalf,8,3
2021103109,414,52622,Freddie Swain,8,2
2021103109,623,38696,Marvin Jones,8,3
2021103109,623,44978,Jamal Agnew,8,3
2021103109,623,48601,Tyron Johnson,8,3
2021103109,623,52450,Laviska Shenault,8,3
2021103109,705,42412,Tyler Lockett,8,1
2021103109,705,47847,DK Metcalf,8,0
2021103109,705,52622,Freddie Swain,8,0
2021103109,734,42412,Tyler Lockett,8,3
2021103109,734,47847,DK Metcalf,8,3
2021103109,734,52622,Freddie Swain,8,3
2021103109,855,39954,Tavon Austin,8,3
2021103109,855,48601,Tyron Johnson,8,3
2021103109,903,39954,Tavon Austin,8,0
2021103109,903,52450,Laviska Shenault,8,1
2021103109,934,42412,Tyler Lockett,8,3
2021103109,934,47847,DK Metcalf,8,3
2021103109,934,52622,Freddie Swain,8,3
2021103109,1034,42412,Tyler Lockett,8,3
2021103109,1034,47847,DK Metcalf,8,3
2021103109,1034,52622,Freddie Swain,8,3
2021103109,1058,42412,Tyler Lockett,8,3
2021103109,1058,47847,DK Metcalf,8,3
2021103109,1058,52622,Freddie Swain,8,3
2021103109,1144,42412,Tyler Lockett,8,3
2021103109,1144,47847,DK Metcalf,8,3
2021103109,1144,52622,Freddie Swain,8,3
2021103109,1242,38696,Marvin Jones,8,3
2021103109,1242,39954,Tavon Austin,8,3
2021103109,1316,38696,Marvin Jones,8,3
2021103109,1316,44978,Jamal Agnew,8,3
2021103109,1316,52450,Laviska Shenault,8,3
2021103109,1359,38696,Marvin Jones,8,3
2021103109,1359,44978,Jamal Agnew,8,3
2021103109,1359,52450,Laviska Shenault,8,3
2021103109,1381,38696,Marvin Jones,8,0
2021103109,1381,44978,Jamal Agnew,8,0
2021103109,1381,52450,Laviska Shenault,8,0
2021103109,1439,42412,Tyler Lockett,8,3
2021103109,1439,48119,Penny Hart,8,3
2021103109,1439,52622,Freddie Swain,8,3
2021103109,1463,42412,Tyler Lockett,8,0
2021103109,1463,47847,DK Metcalf,8,3
2021103109,1463,52622,Freddie Swain,8,3
2021103109,1492,42412,Tyler Lockett,8,3
2021103109,1492,47847,DK Metcalf,8,3
2021103109,1492,52622,Freddie Swain,8,3
2021103109,1609,42412,Tyler Lockett,8,1
2021103109,1609,47847,DK Metcalf,8,3
2021103109,1693,42412,Tyler Lockett,8,3
2021103109,1693,47847,DK Metcalf,8,3
2021103109,1693,52622,Freddie Swain,8,3
2021103109,1766,42412,Tyler Lockett,8,3
2021103109,1766,47847,DK Metcalf,8,3
2021103109,1766,52622,Freddie Swain,8,3
2021103109,1808,42412,Tyler Lockett,8,0
2021103109,1808,47847,DK Metcalf,8,0
2021103109,1808,52622,Freddie Swain,8,0
2021103109,1944,42412,Tyler Lockett,8,3
2021103109,1944,47847,DK Metcalf,8,3
2021103109,2031,38696,Marvin Jones,8,3
2021103109,2031,52450,Laviska Shenault,8,3
2021103109,2095,38696,Marvin Jones,8,3
2021103109,2095,44978,Jamal Agnew,8,1
2021103109,2095,52450,Laviska Shenault,8,3
2021103109,2138,42412,Tyler Lockett,8,3
2021103109,2138,48119,Penny Hart,8,3
2021103109,2138,52622,Freddie Swain,8,3
2021103109,2193,42412,Tyler Lockett,8,3
2021103109,2193,48119,Penny Hart,8,3
2021103109,2266,47847,DK Metcalf,8,3
2021103109,2288,42412,Tyler Lockett,8,3
2021103109,2288,47847,DK Metcalf,8,3
2021103109,2288,52622,Freddie Swain,8,3
2021103109,2362,38696,Marvin Jones,8,0
2021103109,2362,44978,Jamal Agnew,8,0
2021103109,2362,52450,Laviska Shenault,8,0
2021103109,2688,38696,Marvin Jones,8,3
2021103109,2734,38696,Marvin Jones,8,3
2021103109,2734,48601,Tyron Johnson,8,3
2021103109,2847,38696,Marvin Jones,8,3
2021103109,2847,44978,Jamal Agnew,8,3
2021103109,2847,52450,Laviska Shenault,8,3
2021103109,2869,38696,Marvin Jones,8,1
2021103109,2869,44978,Jamal Agnew,8,0
2021103109,2869,52450,Laviska Shenault,8,1
2021103109,2891,42412,Tyler Lockett,8,0
2021103109,2891,48119,Penny Hart,8,1
2021103109,2891,52622,Freddie Swain,8,3
2021103109,2953,42412,Tyler Lockett,8,3
2021103109,2953,48119,Penny Hart,8,3
2021103109,2953,52622,Freddie Swain,8,3
2021103109,2977,42412,Tyler Lockett,8,3
2021103109,2977,48119,Penny Hart,8,3
2021103109,2977,52622,Freddie Swain,8,3
2021103109,3020,38696,Marvin Jones,8,3
2021103109,3020,44978,Jamal Agnew,8,3
2021103109,3020,52450,Laviska Shenault,8,3
2021103109,3044,38696,Marvin Jones,8,3
2021103109,3044,39954,Tavon Austin,8,0
2021103109,3044,44978,Jamal Agnew,8,3
2021103109,3068,38696,Marvin Jones,8,3
2021103109,3068,39954,Tavon Austin,8,3
2021103109,3068,44978,Jamal Agnew,8,3
2021103109,3090,38696,Marvin Jones,8,3
2021103109,3090,44978,Jamal Agnew,8,3
2021103109,3090,52450,Laviska Shenault,8,3
2021103109,3176,38696,Marvin Jones,8,3
2021103109,3176,39954,Tavon Austin,8,3
2021103109,3176,52450,Laviska Shenault,8,3
2021103109,3276,38696,Marvin Jones,8,3
2021103109,3276,44978,Jamal Agnew,8,3
2021103109,3276,52450,Laviska Shenault,8,3
2021103109,3473,38696,Marvin Jones,8,0
2021103109,3473,44978,Jamal Agnew,8,0
2021103109,3473,52450,Laviska Shenault,8,0
2021103109,3516,38696,Marvin Jones,8,3
2021103109,3516,39954,Tavon Austin,8,3
2021103109,3516,52450,Laviska Shenault,8,3
2021103109,3540,38696,Marvin Jones,8,3
2021103109,3540,39954,Tavon Austin,8,3
2021103109,3540,52450,Laviska Shenault,8,3
2021103109,3564,38696,Marvin Jones,8,3
2021103109,3564,44978,Jamal Agnew,8,3
2021103109,3564,48601,Tyron Johnson,8,3
2021103109,3588,38696,Marvin Jones,8,0
2021103109,3588,44978,Jamal Agnew,8,3
2021103109,3588,48601,Tyron Johnson,8,0
2021103109,3610,38696,Marvin Jones,8,3
2021103109,3610,44978,Jamal Agnew,8,3
2021103109,3610,48601,Tyron Johnson,8,3
2021103109,3634,38696,Marvin Jones,8,3
2021103109,3634,39954,Tavon Austin,8,3
2021103109,3634,48601,Tyron Johnson,8,3
2021103109,3668,38696,Marvin Jones,8,3
2021103109,3668,39954,Tavon Austin,8,3
2021103109,3668,52450,Laviska Shenault,8,3
2021103109,3692,38696,Marvin Jones,8,3
2021103109,3692,39954,Tavon Austin,8,1
2021103109,3692,52450,Laviska Shenault,8,3
2021103109,3716,38696,Marvin Jones,8,3
2021103109,3716,39954,Tavon Austin,8,3
2021103109,3716,52450,Laviska Shenault,8,3
2021103109,3762,38696,Marvin Jones,8,0
2021103109,3762,44978,Jamal Agnew,8,1
2021103109,3762,48601,Tyron Johnson,8,0
2021103109,3828,38696,Marvin Jones,8,3
2021103109,3828,39954,Tavon Austin,8,3
2021103109,3828,44978,Jamal Agnew,8,3
2021103109,3828,52450,Laviska Shenault,8,3
2021103109,3905,38696,Marvin Jones,8,3
2021103109,3905,39954,Tavon Austin,8,3
2021103109,3905,44978,Jamal Agnew,8,3
2021103109,3945,39954,Tavon Austin,8,3
2021103109,3945,44978,Jamal Agnew,8,3
2021103109,3945,48601,Tyron Johnson,8,3
2021103109,3991,39954,Tavon Austin,8,3
2021103109,3991,44978,Jamal Agnew,8,3
2021103109,3991,48601,Tyron Johnson,8,3
2021103109,4020,38696,Marvin Jones,8,3
2021103109,4020,39954,Tavon Austin,8,3
2021103109,4020,44978,Jamal Agnew,8,3
2021103109,4066,38696,Marvin Jones,8,3
2021103109,4066,39954,Tavon Austin,8,3
2021103109,4066,44978,Jamal Agnew,8,3
2021103109,4094,38696,Marvin Jones,8,3
2021103109,4094,44978,Jamal Agnew,8,3
2021103109,4094,48601,Tyron Johnson,8,3
2021103109,4140,38696,Marvin Jones,8,3
2021103109,4140,44978,Jamal Agnew,8,3
2021103109,4140,52450,Laviska Shenault,8,3
2021103110,99,43010,Adam Humphries,8,3
2021103110,99,46362,Cam Sims,8,3
2021103110,99,47859,Terry McLaurin,8,3
2021103110,228,53687,Dax Milne,8,3
2021103110,252,45267,Tim Patrick,8,3
2021103110,252,46109,Courtland Sutton,8,3
2021103110,362,45267,Tim Patrick,8,3
2021103110,362,46109,Courtland Sutton,8,3
2021103110,362,52423,Jerry Jeudy,8,3
2021103110,398,45267,Tim Patrick,8,3
2021103110,398,46109,Courtland Sutton,8,3
2021103110,530,45267,Tim Patrick,8,0
2021103110,530,46109,Courtland Sutton,8,0
2021103110,530,52423,Jerry Jeudy,8,0
2021103110,577,42794,DeAndre Carter,8,3
2021103110,577,43010,Adam Humphries,8,1
2021103110,577,47859,Terry McLaurin,8,3
2021103110,599,42794,DeAndre Carter,8,0
2021103110,599,47859,Terry McLaurin,8,0
2021103110,599,53687,Dax Milne,8,0
2021103110,653,43010,Adam Humphries,8,3
2021103110,653,46362,Cam Sims,8,3
2021103110,653,47859,Terry McLaurin,8,3
2021103110,719,42794,DeAndre Carter,8,3
2021103110,719,43010,Adam Humphries,8,3
2021103110,719,47859,Terry McLaurin,8,3
2021103110,783,47859,Terry McLaurin,8,0
2021103110,783,53687,Dax Milne,8,0
2021103110,894,42794,DeAndre Carter,8,3
2021103110,894,43010,Adam Humphries,8,3
2021103110,894,47859,Terry McLaurin,8,3
2021103110,957,45267,Tim Patrick,8,3
2021103110,957,46109,Courtland Sutton,8,3
2021103110,957,52423,Jerry Jeudy,8,3
2021103110,986,45267,Tim Patrick,8,3
2021103110,986,46109,Courtland Sutton,8,0
2021103110,1111,46362,Cam Sims,8,3
2021103110,1111,47859,Terry McLaurin,8,1
2021103110,1140,42794,DeAndre Carter,8,3
2021103110,1140,47859,Terry McLaurin,8,1
2021103110,1140,53687,Dax Milne,8,3
2021103110,1227,42794,DeAndre Carter,8,3
2021103110,1227,43010,Adam Humphries,8,3
2021103110,1227,47859,Terry McLaurin,8,3
2021103110,1261,46362,Cam Sims,8,1
2021103110,1261,52550,Antonio Gandy-Golden,8,3
2021103110,1372,45267,Tim Patrick,8,3
2021103110,1372,52423,Jerry Jeudy,8,3
2021103110,1459,45267,Tim Patrick,8,3
2021103110,1459,46109,Courtland Sutton,8,3
2021103110,1500,45267,Tim Patrick,8,3
2021103110,1500,46109,Courtland Sutton,8,3
2021103110,1500,52423,Jerry Jeudy,8,1
2021103110,1524,45267,Tim Patrick,8,3
2021103110,1524,46109,Courtland Sutton,8,3
2021103110,1524,52423,Jerry Jeudy,8,3
2021103110,1580,42794,DeAndre Carter,8,3
2021103110,1580,43010,Adam Humphries,8,3
2021103110,1580,47859,Terry McLaurin,8,3
2021103110,1604,42794,DeAndre Carter,8,3
2021103110,1604,43010,Adam Humphries,8,3
2021103110,1604,47859,Terry McLaurin,8,1
2021103110,1645,42794,DeAndre Carter,8,1
2021103110,1645,43010,Adam Humphries,8,3
2021103110,1645,47859,Terry McLaurin,8,1
2021103110,1674,42794,DeAndre Carter,8,1
2021103110,1674,43010,Adam Humphries,8,3
2021103110,1674,47859,Terry McLaurin,8,0
2021103110,1703,42794,DeAndre Carter,8,0
2021103110,1703,43010,Adam Humphries,8,1
2021103110,1703,46362,Cam Sims,8,0
2021103110,1789,43010,Adam Humphries,8,0
2021103110,1789,46362,Cam Sims,8,0
2021103110,1789,47859,Terry McLaurin,8,0
2021103110,1883,45267,Tim Patrick,8,3
2021103110,1883,46109,Courtland Sutton,8,3
2021103110,1883,52423,Jerry Jeudy,8,1
2021103110,1970,45267,Tim Patrick,8,1
2021103110,1970,46109,Courtland Sutton,8,3
2021103110,1970,52423,Jerry Jeudy,8,3
2021103110,2013,42794,DeAndre Carter,8,1
2021103110,2013,47859,Terry McLaurin,8,0
2021103110,2013,53687,Dax Milne,8,3
2021103110,2082,42794,DeAndre Carter,8,3
2021103110,2082,47859,Terry McLaurin,8,3
2021103110,2082,53687,Dax Milne,8,3
2021103110,2150,45267,Tim Patrick,8,3
2021103110,2150,46109,Courtland Sutton,8,3
2021103110,2150,52423,Jerry Jeudy,8,3
2021103110,2325,42794,DeAndre Carter,8,0
2021103110,2325,47859,Terry McLaurin,8,0
2021103110,2370,42794,DeAndre Carter,8,3
2021103110,2370,43010,Adam Humphries,8,3
2021103110,2370,47859,Terry McLaurin,8,3
2021103110,2565,45267,Tim Patrick,8,3
2021103110,2565,46109,Courtland Sutton,8,3
2021103110,2565,52423,Jerry Jeudy,8,3
2021103110,2626,45267,Tim Patrick,8,3
2021103110,2626,46109,Courtland Sutton,8,3
2021103110,2626,52423,Jerry Jeudy,8,3
2021103110,2650,45267,Tim Patrick,8,3
2021103110,2650,46109,Courtland Sutton,8,3
2021103110,2650,52423,Jerry Jeudy,8,3
2021103110,2729,45267,Tim Patrick,8,3
2021103110,2729,46109,Courtland Sutton,8,3
2021103110,2729,52423,Jerry Jeudy,8,3
2021103110,2751,45267,Tim Patrick,8,0
2021103110,2751,46109,Courtland Sutton,8,0
2021103110,2751,52423,Jerry Jeudy,8,0
2021103110,2881,43010,Adam Humphries,8,3
2021103110,2881,47859,Terry McLaurin,8,3
2021103110,2881,53687,Dax Milne,8,3
2021103110,2927,45267,Tim Patrick,8,3
2021103110,2927,46109,Courtland Sutton,8,3
2021103110,2927,52423,Jerry Jeudy,8,3
2021103110,2974,45267,Tim Patrick,8,3
2021103110,2974,46109,Courtland Sutton,8,3
2021103110,2974,52423,Jerry Jeudy,8,3
2021103110,3017,45267,Tim Patrick,8,0
2021103110,3017,46109,Courtland Sutton,8,0
2021103110,3017,52423,Jerry Jeudy,8,1
2021103110,3083,45267,Tim Patrick,8,3
2021103110,3083,46109,Courtland Sutton,8,3
2021103110,3083,52423,Jerry Jeudy,8,3
2021103110,3112,42794,DeAndre Carter,8,3
2021103110,3112,43010,Adam Humphries,8,3
2021103110,3112,47859,Terry McLaurin,8,3
2021103110,3167,42794,DeAndre Carter,8,3
2021103110,3167,43010,Adam Humphries,8,3
2021103110,3167,47859,Terry McLaurin,8,3
2021103110,3208,42794,DeAndre Carter,8,3
2021103110,3208,43010,Adam Humphries,8,3
2021103110,3208,47859,Terry McLaurin,8,3
2021103110,3230,43010,Adam Humphries,8,3
2021103110,3230,47859,Terry McLaurin,8,3
2021103110,3230,53687,Dax Milne,8,3
2021103110,3280,42794,DeAndre Carter,8,3
2021103110,3280,46362,Cam Sims,8,3
2021103110,3280,53687,Dax Milne,8,3
2021103110,3308,42794,DeAndre Carter,8,3
2021103110,3308,43010,Adam Humphries,8,3
2021103110,3308,47859,Terry McLaurin,8,3
2021103110,3332,42794,DeAndre Carter,8,3
2021103110,3332,43010,Adam Humphries,8,3
2021103110,3332,47859,Terry McLaurin,8,3
2021103110,3443,43010,Adam Humphries,8,0
2021103110,3443,46362,Cam Sims,8,0
2021103110,3443,47859,Terry McLaurin,8,0
2021103110,3532,45267,Tim Patrick,8,2
2021103110,3597,42794,DeAndre Carter,8,3
2021103110,3597,43010,Adam Humphries,8,3
2021103110,3597,47859,Terry McLaurin,8,1
2021103110,3727,43010,Adam Humphries,8,0
2021103110,3727,46362,Cam Sims,8,0
2021103110,3727,47859,Terry McLaurin,8,0
2021103111,75,41233,Mike Evans,8,3
2021103111,75,44767,Cyril Grayson,8,3
2021103111,75,44896,Chris Godwin,8,3
2021103111,75,52569,Tyler Johnson,8,3
2021103111,75,53558,Jaelon Darden,8,3
2021103111,153,53098,Marquez Callaway,8,3
2021103111,182,42437,Ty Montgomery,8,3
2021103111,182,46160,Tre'Quan Smith,8,3
2021103111,182,53098,Marquez Callaway,8,3
2021103111,286,46160,Tre'Quan Smith,8,3
2021103111,310,42437,Ty Montgomery,8,3
2021103111,310,46160,Tre'Quan Smith,8,3
2021103111,310,48415,Deonte Harty,8,3
2021103111,310,53098,Marquez Callaway,8,3
2021103111,408,41233,Mike Evans,8,3
2021103111,408,44896,Chris Godwin,8,3
2021103111,408,52569,Tyler Johnson,8,3
2021103111,437,41233,Mike Evans,8,0
2021103111,437,52569,Tyler Johnson,8,3
2021103111,500,41233,Mike Evans,8,3
2021103111,500,44896,Chris Godwin,8,3
2021103111,500,52569,Tyler Johnson,8,3
2021103111,522,41233,Mike Evans,8,3
2021103111,522,44896,Chris Godwin,8,3
2021103111,522,52569,Tyler Johnson,8,3
2021103111,588,42437,Ty Montgomery,8,3
2021103111,588,46160,Tre'Quan Smith,8,3
2021103111,588,53098,Marquez Callaway,8,3
2021103111,789,42437,Ty Montgomery,8,3
2021103111,789,46160,Tre'Quan Smith,8,3
2021103111,789,53098,Marquez Callaway,8,3
2021103111,834,42437,Ty Montgomery,8,3
2021103111,834,46160,Tre'Quan Smith,8,3
2021103111,834,53098,Marquez Callaway,8,3
2021103111,1039,41233,Mike Evans,8,3
2021103111,1039,44896,Chris Godwin,8,3
2021103111,1039,52569,Tyler Johnson,8,3
2021103111,1063,41233,Mike Evans,8,3
2021103111,1063,44896,Chris Godwin,8,0
2021103111,1063,52569,Tyler Johnson,8,3
2021103111,1089,44896,Chris Godwin,8,3
2021103111,1089,53558,Jaelon Darden,8,3
2021103111,1113,41233,Mike Evans,8,3
2021103111,1113,44896,Chris Godwin,8,3
2021103111,1113,53558,Jaelon Darden,8,3
2021103111,1220,53098,Marquez Callaway,8,0
2021103111,1248,42350,Kevin White,8,3
2021103111,1248,46160,Tre'Quan Smith,8,3
2021103111,1248,48415,Deonte Harty,8,3
2021103111,1293,42437,Ty Montgomery,8,3
2021103111,1293,48415,Deonte Harty,8,3
2021103111,1293,53098,Marquez Callaway,8,3
2021103111,1372,41233,Mike Evans,8,3
2021103111,1372,44896,Chris Godwin,8,3
2021103111,1426,44896,Chris Godwin,8,3
2021103111,1426,52569,Tyler Johnson,8,3
2021103111,1426,53558,Jaelon Darden,8,0
2021103111,1448,41233,Mike Evans,8,1
2021103111,1448,44896,Chris Godwin,8,0
2021103111,1448,52569,Tyler Johnson,8,3
2021103111,1477,41233,Mike Evans,8,3
2021103111,1477,44767,Cyril Grayson,8,3
2021103111,1477,44896,Chris Godwin,8,3
2021103111,1591,42437,Ty Montgomery,8,3
2021103111,1591,48415,Deonte Harty,8,3
2021103111,1591,53098,Marquez Callaway,8,3
2021103111,1615,48415,Deonte Harty,8,0
2021103111,1643,53098,Marquez Callaway,8,3
2021103111,1669,46160,Tre'Quan Smith,8,3
2021103111,1669,53098,Marquez Callaway,8,3
2021103111,1741,42437,Ty Montgomery,8,3
2021103111,1741,46160,Tre'Quan Smith,8,3
2021103111,1741,53098,Marquez Callaway,8,3
2021103111,1774,46160,Tre'Quan Smith,8,0
2021103111,1774,53098,Marquez Callaway,8,0
2021103111,1833,46160,Tre'Quan Smith,8,3
2021103111,1833,53098,Marquez Callaway,8,1
2021103111,1955,41233,Mike Evans,8,3
2021103111,1955,44896,Chris Godwin,8,3
2021103111,1955,52569,Tyler Johnson,8,3
2021103111,2002,42437,Ty Montgomery,8,3
2021103111,2002,46160,Tre'Quan Smith,8,3
2021103111,2002,53098,Marquez Callaway,8,3
2021103111,2222,42350,Kevin White,8,3
2021103111,2222,46160,Tre'Quan Smith,8,3
2021103111,2222,48415,Deonte Harty,8,3
2021103111,2318,42437,Ty Montgomery,8,3
2021103111,2318,48415,Deonte Harty,8,3
2021103111,2318,53098,Marquez Callaway,8,3
2021103111,2367,53098,Marquez Callaway,8,3
2021103111,2527,41233,Mike Evans,8,3
2021103111,2527,44896,Chris Godwin,8,3
2021103111,2554,41233,Mike Evans,8,3
2021103111,2554,44896,Chris Godwin,8,3
2021103111,2554,52569,Tyler Johnson,8,3
2021103111,2603,41233,Mike Evans,8,3
2021103111,2603,44896,Chris Godwin,8,3
2021103111,2603,52569,Tyler Johnson,8,3
2021103111,2632,41233,Mike Evans,8,3
2021103111,2632,44896,Chris Godwin,8,3
2021103111,2632,52569,Tyler Johnson,8,3
2021103111,2664,41233,Mike Evans,8,0
2021103111,2664,44896,Chris Godwin,8,3
2021103111,2664,52569,Tyler Johnson,8,3
2021103111,2717,41233,Mike Evans,8,3
2021103111,2717,44896,Chris Godwin,8,3
2021103111,2717,52569,Tyler Johnson,8,3
2021103111,2807,41233,Mike Evans,8,3
2021103111,2807,44896,Chris Godwin,8,3
2021103111,3019,41233,Mike Evans,8,3
2021103111,3019,44896,Chris Godwin,8,3
2021103111,3019,52569,Tyler Johnson,8,3
2021103111,3098,41233,Mike Evans,8,3
2021103111,3098,44896,Chris Godwin,8,3
2021103111,3098,52569,Tyler Johnson,8,3
2021103111,3123,41233,Mike Evans,8,0
2021103111,3123,44767,Cyril Grayson,8,1
2021103111,3123,44896,Chris Godwin,8,3
2021103111,3198,42350,Kevin White,8,3
2021103111,3198,46160,Tre'Quan Smith,8,3
2021103111,3198,48415,Deonte Harty,8,1
2021103111,3246,42437,Ty Montgomery,8,1
2021103111,3246,46160,Tre'Quan Smith,8,0
2021103111,3246,53098,Marquez Callaway,8,1
2021103111,3429,41233,Mike Evans,8,3
2021103111,3429,44896,Chris Godwin,8,3
2021103111,3429,52569,Tyler Johnson,8,3
2021103111,3629,40092,Kenny Stills,8,3
2021103111,3629,48415,Deonte Harty,8,3
2021103111,3660,42437,Ty Montgomery,8,3
2021103111,3660,46160,Tre'Quan Smith,8,3
2021103111,3660,48415,Deonte Harty,8,3
2021103111,3660,53098,Marquez Callaway,8,3
2021103111,3713,42350,Kevin White,8,3
2021103111,3713,46160,Tre'Quan Smith,8,0
2021103111,3713,48415,Deonte Harty,8,3
2021103111,3777,41233,Mike Evans,8,1
2021103111,3777,44896,Chris Godwin,8,0
2021103111,3801,41233,Mike Evans,8,3
2021103111,3801,44896,Chris Godwin,8,3
2021103111,3801,52569,Tyler Johnson,8,3
2021103111,3854,41233,Mike Evans,8,3
2021103111,3854,44896,Chris Godwin,8,3
2021103111,3854,52569,Tyler Johnson,8,1
2021103111,3882,41233,Mike Evans,8,3
2021103111,3882,44767,Cyril Grayson,8,3
2021103111,3882,44896,Chris Godwin,8,1
2021103111,3967,53098,Marquez Callaway,8,3
2021103111,3991,42437,Ty Montgomery,8,3
2021103111,3991,48415,Deonte Harty,8,3
2021103111,3991,53098,Marquez Callaway,8,3
2021103111,4107,42437,Ty Montgomery,8,3
2021103111,4107,46160,Tre'Quan Smith,8,3
2021103111,4107,53098,Marquez Callaway,8,0
2021103111,4178,53098,Marquez Callaway,8,3
2021103111,4228,42437,Ty Montgomery,8,3
2021103111,4228,48415,Deonte Harty,8,3
2021103111,4228,53098,Marquez Callaway,8,3
2021103111,4251,42437,Ty Montgomery,8,3
2021103111,4251,46160,Tre'Quan Smith,8,3
2021103111,4251,53098,Marquez Callaway,8,3
2021103111,4273,42437,Ty Montgomery,8,3
2021103111,4273,46160,Tre'Quan Smith,8,3
2021103111,4273,53098,Marquez Callaway,8,3
2021103111,4342,41233,Mike Evans,8,3
2021103111,4342,44896,Chris Godwin,8,3
2021103111,4342,52569,Tyler Johnson,8,1
2021103111,4364,41233,Mike Evans,8,1
2021103111,4364,44896,Chris Godwin,8,3
2021103111,4364,52569,Tyler Johnson,8,3
2021103111,4465,41233,Mike Evans,8,3
2021103111,4465,44896,Chris Godwin,8,3
2021103111,4465,52569,Tyler Johnson,8,3
2021103111,4489,41233,Mike Evans,8,0
2021103111,4489,44896,Chris Godwin,8,1
2021103111,4489,52569,Tyler Johnson,8,0
2021103112,97,40488,Adam Thielen,8,3
2021103112,97,52430,Justin Jefferson,8,3
2021103112,97,52584,K.J. Osborn,8,3
2021103112,184,40488,Adam Thielen,8,3
2021103112,184,52430,Justin Jefferson,8,3
2021103112,184,52584,K.J. Osborn,8,3
2021103112,238,40488,Adam Thielen,8,3
2021103112,238,52430,Justin Jefferson,8,3
2021103112,238,52584,K.J. Osborn,8,3
2021103112,315,42347,Amari Cooper,8,3
2021103112,315,46277,Cedrick Wilson,8,3
2021103112,315,52425,CeeDee Lamb,8,3
2021103112,386,52425,CeeDee Lamb,8,3
2021103112,465,42347,Amari Cooper,8,3
2021103112,465,52425,CeeDee Lamb,8,3
2021103112,516,42347,Amari Cooper,8,3
2021103112,516,52425,CeeDee Lamb,8,3
2021103112,538,42347,Amari Cooper,8,3
2021103112,538,46277,Cedrick Wilson,8,3
2021103112,538,52425,CeeDee Lamb,8,3
2021103112,646,40488,Adam Thielen,8,1
2021103112,646,52430,Justin Jefferson,8,1
2021103112,685,40488,Adam Thielen,8,0
2021103112,685,52584,K.J. Osborn,8,0
2021103112,685,53586,Ihmir Smith-Marsette,8,0
2021103112,788,42347,Amari Cooper,8,3
2021103112,788,52425,CeeDee Lamb,8,0
2021103112,939,42347,Amari Cooper,8,3
2021103112,939,52425,CeeDee Lamb,8,3
2021103112,1021,40488,Adam Thielen,8,3
2021103112,1021,52430,Justin Jefferson,8,3
2021103112,1045,40488,Adam Thielen,8,3
2021103112,1045,52430,Justin Jefferson,8,3
2021103112,1045,52584,K.J. Osborn,8,3
2021103112,1113,42347,Amari Cooper,8,3
2021103112,1113,46277,Cedrick Wilson,8,0
2021103112,1113,52425,CeeDee Lamb,8,3
2021103112,1228,42347,Amari Cooper,8,3
2021103112,1228,52425,CeeDee Lamb,8,3
2021103112,1253,42347,Amari Cooper,8,3
2021103112,1253,46277,Cedrick Wilson,8,3
2021103112,1253,52425,CeeDee Lamb,8,3
2021103112,1298,42347,Amari Cooper,8,1
2021103112,1298,52425,CeeDee Lamb,8,3
2021103112,1320,42347,Amari Cooper,8,3
2021103112,1320,46277,Cedrick Wilson,8,3
2021103112,1320,52425,CeeDee Lamb,8,3
2021103112,1418,40488,Adam Thielen,8,3
2021103112,1418,52430,Justin Jefferson,8,3
2021103112,1418,52584,K.J. Osborn,8,3
2021103112,1418,53586,Ihmir Smith-Marsette,8,3
2021103112,1469,40488,Adam Thielen,8,0
2021103112,1469,52430,Justin Jefferson,8,1
2021103112,1535,40488,Adam Thielen,8,1
2021103112,1602,40488,Adam Thielen,8,3
2021103112,1602,52430,Justin Jefferson,8,3
2021103112,1602,52584,K.J. Osborn,8,3
2021103112,1695,42347,Amari Cooper,8,3
2021103112,1695,46277,Cedrick Wilson,8,3
2021103112,1695,52425,CeeDee Lamb,8,3
2021103112,1719,42347,Amari Cooper,8,3
2021103112,1719,46277,Cedrick Wilson,8,3
2021103112,1719,52425,CeeDee Lamb,8,3
2021103112,1743,42347,Amari Cooper,8,3
2021103112,1743,46277,Cedrick Wilson,8,3
2021103112,1743,52425,CeeDee Lamb,8,3
2021103112,1809,42347,Amari Cooper,8,3
2021103112,1809,46277,Cedrick Wilson,8,3
2021103112,1809,52425,CeeDee Lamb,8,3
2021103112,1831,42347,Amari Cooper,8,3
2021103112,1831,45052,Noah Brown,8,3
2021103112,1831,46277,Cedrick Wilson,8,3
2021103112,1901,40488,Adam Thielen,8,1
2021103112,1901,52430,Justin Jefferson,8,0
2021103112,1901,52584,K.J. Osborn,8,0
2021103112,1901,53586,Ihmir Smith-Marsette,8,3
2021103112,1952,40488,Adam Thielen,8,3
2021103112,1952,52430,Justin Jefferson,8,3
2021103112,1952,52584,K.J. Osborn,8,3
2021103112,1952,53586,Ihmir Smith-Marsette,8,3
2021103112,2050,42347,Amari Cooper,8,3
2021103112,2050,46277,Cedrick Wilson,8,3
2021103112,2050,52425,CeeDee Lamb,8,3
2021103112,2072,42347,Amari Cooper,8,3
2021103112,2072,46277,Cedrick Wilson,8,3
2021103112,2072,52425,CeeDee Lamb,8,3
2021103112,2128,40488,Adam Thielen,8,3
2021103112,2128,52430,Justin Jefferson,8,1
2021103112,2128,52584,K.J. Osborn,8,0
2021103112,2352,42347,Amari Cooper,8,3
2021103112,2352,52425,CeeDee Lamb,8,1
2021103112,2423,40488,Adam Thielen,8,0
2021103112,2423,52430,Justin Jefferson,8,0
2021103112,2473,40488,Adam Thielen,8,3
2021103112,2473,52430,Justin Jefferson,8,3
2021103112,2523,40488,Adam Thielen,8,3
2021103112,2523,52430,Justin Jefferson,8,3
2021103112,2545,40488,Adam Thielen,8,3
2021103112,2545,52584,K.J. Osborn,8,3
2021103112,2545,52878,Dan Chisena,8,3
2021103112,2631,42347,Amari Cooper,8,3
2021103112,2631,52425,CeeDee Lamb,8,3
2021103112,2660,42347,Amari Cooper,8,0
2021103112,2660,52425,CeeDee Lamb,8,0
2021103112,2722,42347,Amari Cooper,8,3
2021103112,2722,46277,Cedrick Wilson,8,3
2021103112,2722,52425,CeeDee Lamb,8,3
2021103112,2789,40488,Adam Thielen,8,3
2021103112,2789,52584,K.J. Osborn,8,0
2021103112,2813,40488,Adam Thielen,8,0
2021103112,2813,52430,Justin Jefferson,8,0
2021103112,2813,52584,K.J. Osborn,8,3
2021103112,2860,42347,Amari Cooper,8,3
2021103112,2860,45052,Noah Brown,8,3
2021103112,2860,46277,Cedrick Wilson,8,3
2021103112,2938,42347,Amari Cooper,8,3
2021103112,2938,46277,Cedrick Wilson,8,3
2021103112,2938,52425,CeeDee Lamb,8,3
2021103112,2968,42347,Amari Cooper,8,3
2021103112,2968,46277,Cedrick Wilson,8,3
2021103112,2968,52425,CeeDee Lamb,8,3
2021103112,3024,40488,Adam Thielen,8,3
2021103112,3091,40488,Adam Thielen,8,3
2021103112,3091,52430,Justin Jefferson,8,3
2021103112,3091,52584,K.J. Osborn,8,3
2021103112,3145,42347,Amari Cooper,8,0
2021103112,3145,52425,CeeDee Lamb,8,0
2021103112,3169,42347,Amari Cooper,8,3
2021103112,3169,52425,CeeDee Lamb,8,3
2021103112,3193,42347,Amari Cooper,8,3
2021103112,3193,52425,CeeDee Lamb,8,3
2021103112,3221,42347,Amari Cooper,8,3
2021103112,3221,45052,Noah Brown,8,3
2021103112,3221,46277,Cedrick Wilson,8,3
2021103112,3280,42347,Amari Cooper,8,3
2021103112,3280,46277,Cedrick Wilson,8,3
2021103112,3280,52425,CeeDee Lamb,8,3
2021103112,3325,42347,Amari Cooper,8,3
2021103112,3325,45052,Noah Brown,8,3
2021103112,3325,46277,Cedrick Wilson,8,3
2021103112,3363,40488,Adam Thielen,8,0
2021103112,3363,52430,Justin Jefferson,8,1
2021103112,3396,40488,Adam Thielen,8,1
2021103112,3396,52430,Justin Jefferson,8,3
2021103112,3396,52584,K.J. Osborn,8,3
2021103112,3507,42347,Amari Cooper,8,3
2021103112,3507,46277,Cedrick Wilson,8,3
2021103112,3507,52425,CeeDee Lamb,8,3
2021103112,3529,45052,Noah Brown,8,3
2021103112,3529,46277,Cedrick Wilson,8,3
2021103112,3529,52425,CeeDee Lamb,8,3
2021103112,3591,40488,Adam Thielen,8,0
2021103112,3591,52430,Justin Jefferson,8,0
2021103112,3591,52584,K.J. Osborn,8,1
2021103112,3624,40488,Adam Thielen,8,1
2021103112,3624,52584,K.J. Osborn,8,0
2021103112,3785,40488,Adam Thielen,8,3
2021103112,3785,52430,Justin Jefferson,8,3
2021103112,3814,40488,Adam Thielen,8,1
2021103112,3814,52430,Justin Jefferson,8,0
2021103112,3814,52584,K.J. Osborn,8,0
2021103112,3878,42347,Amari Cooper,8,3
2021103112,3878,46277,Cedrick Wilson,8,3
2021103112,3878,52425,CeeDee Lamb,8,3
2021103112,3906,42347,Amari Cooper,8,3
2021103112,3906,46277,Cedrick Wilson,8,3
2021103112,3906,52425,CeeDee Lamb,8,3
2021103112,3930,42347,Amari Cooper,8,3
2021103112,3930,46277,Cedrick Wilson,8,3
2021103112,3930,52425,CeeDee Lamb,8,3
2021103112,3964,42347,Amari Cooper,8,3
2021103112,3964,46277,Cedrick Wilson,8,3
2021103112,3964,52425,CeeDee Lamb,8,3
2021103112,4003,45052,Noah Brown,8,3
2021103112,4003,46277,Cedrick Wilson,8,3
2021103112,4003,52425,CeeDee Lamb,8,3
2021103112,4048,45052,Noah Brown,8,3
2021103112,4048,46277,Cedrick Wilson,8,1
2021103112,4048,52425,CeeDee Lamb,8,3
2021103112,4076,42347,Amari Cooper,8,0
2021103112,4076,52425,CeeDee Lamb,8,3
2021103112,4109,45052,Noah Brown,8,3
2021103112,4109,46277,Cedrick Wilson,8,3
2021103112,4109,52425,CeeDee Lamb,8,3
2021103112,4167,45052,Noah Brown,8,3
2021103112,4167,46277,Cedrick Wilson,8,3
2021103112,4167,52425,CeeDee Lamb,8,3
2021103112,4288,40488,Adam Thielen,8,3
2021103112,4288,52430,Justin Jefferson,8,3
2021103112,4288,52584,K.J. Osborn,8,3
2021103112,4288,53586,Ihmir Smith-Marsette,8,3
2021103112,4317,40488,Adam Thielen,8,2
2021103112,4317,52430,Justin Jefferson,8,1
2021103112,4317,52584,K.J. Osborn,8,3
2021103112,4317,53586,Ihmir Smith-Marsette,8,3
2021103112,4362,40488,Adam Thielen,8,3
2021103112,4362,52430,Justin Jefferson,8,3
2021103112,4362,52584,K.J. Osborn,8,3
2021103112,4362,53586,Ihmir Smith-Marsette,8,3
2021103112,4409,40488,Adam Thielen,8,0
2021103112,4409,52430,Justin Jefferson,8,0
2021103112,4409,52584,K.J. Osborn,8,3
2021103112,4409,53586,Ihmir Smith-Marsette,8,3
2021103112,4434,40488,Adam Thielen,8,0
2021103112,4434,52430,Justin Jefferson,8,0
2021103112,4434,52584,K.J. Osborn,8,0
2021103112,4434,53586,Ihmir Smith-Marsette,8,0
2021110100,79,39646,Josh Gordon,8,3
2021110100,79,43454,Tyreek Hill,8,3
2021110100,79,47839,Mecole Hardman,8,2
2021110100,159,43415,Demarcus Robinson,8,3
2021110100,159,46522,Byron Pringle,8,3
2021110100,159,47839,Mecole Hardman,8,3
2021110100,183,46522,Byron Pringle,8,0
2021110100,241,39646,Josh Gordon,8,3
2021110100,241,43454,Tyreek Hill,8,3
2021110100,241,47839,Mecole Hardman,8,3
2021110100,393,39646,Josh Gordon,8,1
2021110100,393,43454,Tyreek Hill,8,0
2021110100,393,46522,Byron Pringle,8,0
2021110100,441,43329,Sterling Shepard,8,3
2021110100,441,44821,John Ross,8,3
2021110100,441,47954,Darius Slayton,8,3
2021110100,531,43454,Tyreek Hill,8,0
2021110100,531,46522,Byron Pringle,8,1
2021110100,531,47839,Mecole Hardman,8,1
2021110100,587,43329,Sterling Shepard,8,3
2021110100,587,44821,John Ross,8,3
2021110100,587,47954,Darius Slayton,8,3
2021110100,724,43415,Demarcus Robinson,8,3
2021110100,724,43454,Tyreek Hill,8,3
2021110100,724,46522,Byron Pringle,8,3
2021110100,753,43415,Demarcus Robinson,8,0
2021110100,753,43454,Tyreek Hill,8,0
2021110100,753,47839,Mecole Hardman,8,1
2021110100,775,39646,Josh Gordon,8,0
2021110100,775,47839,Mecole Hardman,8,1
2021110100,797,39646,Josh Gordon,8,0
2021110100,797,43454,Tyreek Hill,8,1
2021110100,797,46522,Byron Pringle,8,2
2021110100,917,43329,Sterling Shepard,8,0
2021110100,917,44821,John Ross,8,0
2021110100,917,47954,Darius Slayton,8,0
2021110100,1037,43329,Sterling Shepard,8,3
2021110100,1037,52573,Collin Johnson,8,3
2021110100,1160,43415,Demarcus Robinson,8,3
2021110100,1160,43454,Tyreek Hill,8,3
2021110100,1160,46522,Byron Pringle,8,3
2021110100,1182,43415,Demarcus Robinson,8,0
2021110100,1182,43454,Tyreek Hill,8,1
2021110100,1182,46522,Byron Pringle,8,0
2021110100,1267,43329,Sterling Shepard,8,3
2021110100,1267,47954,Darius Slayton,8,3
2021110100,1267,53449,Kadarius Toney,8,3
2021110100,1301,43329,Sterling Shepard,8,3
2021110100,1301,44821,John Ross,8,3
2021110100,1301,47954,Darius Slayton,8,3
2021110100,1351,39646,Josh Gordon,8,0
2021110100,1351,43454,Tyreek Hill,8,0
2021110100,1351,47839,Mecole Hardman,8,1
2021110100,1396,39646,Josh Gordon,8,0
2021110100,1396,43454,Tyreek Hill,8,0
2021110100,1458,43415,Demarcus Robinson,8,3
2021110100,1458,46522,Byron Pringle,8,3
2021110100,1458,47839,Mecole Hardman,8,3
2021110100,1480,39646,Josh Gordon,8,3
2021110100,1480,43454,Tyreek Hill,8,3
2021110100,1480,47839,Mecole Hardman,8,3
2021110100,1664,47954,Darius Slayton,8,3
2021110100,1664,53449,Kadarius Toney,8,2
2021110100,1736,52573,Collin Johnson,8,0
2021110100,1833,43329,Sterling Shepard,8,3
2021110100,1833,47954,Darius Slayton,8,3
2021110100,1833,53449,Kadarius Toney,8,3
2021110100,1896,39646,Josh Gordon,8,0
2021110100,1896,43454,Tyreek Hill,8,1
2021110100,1896,47839,Mecole Hardman,8,0
2021110100,1920,43415,Demarcus Robinson,8,3
2021110100,1920,43454,Tyreek Hill,8,3
2021110100,1920,47839,Mecole Hardman,8,1
2021110100,1942,43454,Tyreek Hill,8,3
2021110100,1942,46522,Byron Pringle,8,3
2021110100,1942,47839,Mecole Hardman,8,3
2021110100,1970,43415,Demarcus Robinson,8,0
2021110100,1970,43454,Tyreek Hill,8,0
2021110100,1970,47839,Mecole Hardman,8,0
2021110100,2032,39646,Josh Gordon,8,0
2021110100,2032,43454,Tyreek Hill,8,0
2021110100,2032,47839,Mecole Hardman,8,0
2021110100,2096,43329,Sterling Shepard,8,3
2021110100,2096,47954,Darius Slayton,8,3
2021110100,2096,53449,Kadarius Toney,8,3
2021110100,2120,43329,Sterling Shepard,8,3
2021110100,2120,47954,Darius Slayton,8,3
2021110100,2120,53449,Kadarius Toney,8,3
2021110100,2165,43329,Sterling Shepard,8,3
2021110100,2165,47954,Darius Slayton,8,3
2021110100,2165,53449,Kadarius Toney,8,3
2021110100,2569,39646,Josh Gordon,8,3
2021110100,2569,43454,Tyreek Hill,8,3
2021110100,2569,47839,Mecole Hardman,8,3
2021110100,2593,39646,Josh Gordon,8,3
2021110100,2593,43454,Tyreek Hill,8,3
2021110100,2593,47839,Mecole Hardman,8,3
2021110100,2643,44821,John Ross,8,3
2021110100,2643,47954,Darius Slayton,8,3
2021110100,2688,44821,John Ross,8,3
2021110100,2688,47954,Darius Slayton,8,3
2021110100,2688,53449,Kadarius Toney,8,3
2021110100,2712,47954,Darius Slayton,8,3
2021110100,2712,52573,Collin Johnson,8,3
2021110100,2712,53449,Kadarius Toney,8,3
2021110100,2761,43454,Tyreek Hill,8,0
2021110100,2761,47839,Mecole Hardman,8,0
2021110100,2783,43415,Demarcus Robinson,8,3
2021110100,2783,46522,Byron Pringle,8,3
2021110100,2783,47839,Mecole Hardman,8,3
2021110100,2881,43415,Demarcus Robinson,8,0
2021110100,2881,45369,Marcus Kemp,8,1
2021110100,2954,43415,Demarcus Robinson,8,0
2021110100,2954,43454,Tyreek Hill,8,2
2021110100,2954,46522,Byron Pringle,8,0
2021110100,2976,39646,Josh Gordon,8,3
2021110100,2976,46522,Byron Pringle,8,3
2021110100,2976,47839,Mecole Hardman,8,3
2021110100,3089,47954,Darius Slayton,8,3
2021110100,3089,52573,Collin Johnson,8,3
2021110100,3150,47954,Darius Slayton,8,3
2021110100,3150,52573,Collin Johnson,8,3
2021110100,3150,53449,Kadarius Toney,8,1
2021110100,3195,47954,Darius Slayton,8,3
2021110100,3195,52573,Collin Johnson,8,3
2021110100,3195,53449,Kadarius Toney,8,3
2021110100,3260,44821,John Ross,8,3
2021110100,3260,47954,Darius Slayton,8,3
2021110100,3260,52573,Collin Johnson,8,3
2021110100,3362,43415,Demarcus Robinson,8,3
2021110100,3362,43454,Tyreek Hill,8,3
2021110100,3362,47839,Mecole Hardman,8,3
2021110100,3392,43454,Tyreek Hill,8,3
2021110100,3392,46522,Byron Pringle,8,3
2021110100,3392,47839,Mecole Hardman,8,3
2021110100,3421,46522,Byron Pringle,8,0
2021110100,3529,39646,Josh Gordon,8,3
2021110100,3529,43454,Tyreek Hill,8,3
2021110100,3572,43415,Demarcus Robinson,8,3
2021110100,3572,43454,Tyreek Hill,8,3
2021110100,3572,47839,Mecole Hardman,8,0
2021110100,3617,39646,Josh Gordon,8,0
2021110100,3617,46522,Byron Pringle,8,0
2021110100,3617,47839,Mecole Hardman,8,2
2021110100,3796,52573,Collin Johnson,8,3
2021110100,3831,47954,Darius Slayton,8,3
2021110100,3831,52573,Collin Johnson,8,3
2021110100,3876,47954,Darius Slayton,8,3
2021110100,3876,52573,Collin Johnson,8,3
2021110100,3876,53449,Kadarius Toney,8,1
2021110100,3909,47954,Darius Slayton,8,0
2021110100,3909,52573,Collin Johnson,8,1
2021110100,3955,47954,Darius Slayton,8,1
2021110100,3955,52573,Collin Johnson,8,1
2021110100,3955,53449,Kadarius Toney,8,3
2021110100,4016,43454,Tyreek Hill,8,0
2021110100,4016,46522,Byron Pringle,8,0
2021110100,4016,47839,Mecole Hardman,8,0
2021110100,4049,43415,Demarcus Robinson,8,0
2021110100,4049,43454,Tyreek Hill,8,0
2021110100,4049,47839,Mecole Hardman,8,0
2021110100,4071,43415,Demarcus Robinson,8,3
2021110100,4071,46522,Byron Pringle,8,0
2021110100,4071,47839,Mecole Hardman,8,0
2021110100,4113,39646,Josh Gordon,8,3
2021110100,4113,43454,Tyreek Hill,8,3
2021110100,4113,47839,Mecole Hardman,8,3
2021110100,4363,47954,Darius Slayton,8,0
2021110100,4363,52573,Collin Johnson,8,0
2021110100,4363,53449,Kadarius Toney,8,3
2021110100,4411,47954,Darius Slayton,8,3
2021110100,4411,52573,Collin Johnson,8,3
2021110100,4411,53449,Kadarius Toney,8,3
